[  8%] Built target glfw
[  8%] Building CXX object CMakeFiles/earthcall_core.dir/src/OurVerse/CursorTools.cpp.o
[  8%] Building OBJCXX object CMakeFiles/earthcall_core.dir/src/Integration/RealWebView.cpp.o
[ 10%] Building CXX object CMakeFiles/earthcall_core.dir/src/OurVerse/Controls.cpp.o
[ 10%] Building CXX object CMakeFiles/earthcall_core.dir/src/OurVerse/Tool.cpp.o
[ 10%] Building CXX object CMakeFiles/earthcall_core.dir/src/OurVerse/ElementalToolHandler.cpp.o
[ 10%] Building CXX object CMakeFiles/earthcall_core.dir/src/Singularity/Core/Engine.cpp.o
[ 10%] Building CXX object CMakeFiles/earthcall_core.dir/src/Singularity/Core/EngineGame.cpp.o
[ 13%] Building CXX object CMakeFiles/earthcall_core.dir/src/Singularity/Core/EngineInit.cpp.o
In file included from /Users/zacharyzhang/Documents/GitHub/Earthcall/src/Singularity/Core/EngineGame.cpp:10:
/Users/zacharyzhang/Documents/GitHub/Earthcall/src/Singularity/Core/Engine.hpp:63:51: error: use of undeclared identifier '_dragStart'
   63 |     glm::vec2 get2DToolDragStart() const { return _dragStart; }
      |                                                   ^~~~~~~~~~
/Users/zacharyzhang/Documents/GitHub/Earthcall/src/Singularity/Core/Engine.hpp:64:44: error: use of undeclared identifier '_dragCurrent'
   64 |     void update2DToolDrag(glm::vec2 pos) { _dragCurrent = pos; }
      |                                            ^~~~~~~~~~~~
/Users/zacharyzhang/Documents/GitHub/Earthcall/src/Singularity/Core/Engine.hpp:65:98: error: use of undeclared identifier '_dragStart'
   65 |     template<typename T> void begin2DToolDrag(T type, glm::vec2 pos) { _is2DToolDragging = true; _dragStart = pos; _dragCurrent = pos; }
      |                                                                                                  ^~~~~~~~~~
In file included from /Users/zacharyzhang/Documents/GitHub/Earthcall/src/OurVerse/Controls.cpp:4:
/Users/zacharyzhang/Documents/GitHub/Earthcall/src/Singularity/Core/Engine.hpp:63:51: error: use of undeclared identifier '_dragStart'
   63 |     glm::vec2 get2DToolDragStart() const { return _dragStart; }
      |                                                   ^~~~~~~~~~
/Users/zacharyzhang/Documents/GitHub/Earthcall/src/Singularity/Core/Engine.hpp:64:44: error: use of undeclared identifier '_dragCurrent'
   64 |     void update2DToolDrag(glm::vec2 pos) { _dragCurrent = pos; }
      |                                            ^~~~~~~~~~~~
/Users/zacharyzhang/Documents/GitHub/Earthcall/src/Singularity/Core/Engine.hpp:65:116: error: use of undeclared identifier '_dragCurrent'
   65 |     template<typename T> void begin2DToolDrag(T type, glm::vec2 pos) { _is2DToolDragging = true; _dragStart = pos; _dragCurrent = pos; }
      |                                                                                                                    ^~~~~~~~~~~~
/Users/zacharyzhang/Documents/GitHub/Earthcall/src/Singularity/Core/Engine.hpp:65:49: warning: unused parameter 'type' [-Wunused-parameter]
   65 |     template<typename T> void begin2DToolDrag(T type, glm::vec2 pos) { _is2DToolDragg/Users/zacharyzhang/Documents/GitHub/Earthcall/src/Singularity/Core/Engine.hpp:65:98: error: use of undeclared identifier '_dragStart'
   65 |     template<typename T> void begin2DToolDrag(T type, glm::vec2 pos) { _is2DToolDragging = true; _dragStart = pos; _dragCurrent = pos; }
      |                                                                                                  ^~~~~~~~~~
ing = true; _dragStart = pos; _dragCurrent = pos; }
      |                                                 ^
/Users/zacharyzhang/Documents/GitHub/Earthcall/src/Singularity/Core/Engine.hpp:67:50: warning: unused parameter 'type' [-Wunused-parameter]
   67 |     template<typename T> bool is2DToolDragging(T type) const { return _is2DToolDragging; }
      |                                                  ^
In file included from /Users/zacharyzhang/Documents/GitHub/Earthcall/src/Singularity/Core/Engine.cpp:1:
/Users/zacharyzhang/Documents/GitHub/Earthcall/src/Singularity/Core/Engine.hpp:63:51: error: use of undeclared identifier '_dragStart'
   63 |     glm::vec2 get2DToolDragStart() const { return _dragStart; }
      |                                                   ^~~~~~~~~~
/Users/zacharyzhang/Documents/GitHub/Earthcall/src/Singularity/Core/Engine.hpp:65:116: error: use of undeclared identifier '_dragCurrent'
   65 |     template<typename T> void begin2DToolDrag(T type, glm::vec2 pos) { _is2DToolDragging = true; _dragStart = pos; _dragCurrent = pos; }
      |                                                                                                                    ^~~~~~~~~~~~
/Users/zacharyzhang/Documents/GitHub/Earthcall/src/Singularity/Core/Engine.hpp:65:49: warning: unused parameter 'type' [-Wunused-parameter]
   65 |     template<typename T> void begin2DToolDrag(T type, glm::vec2 pos) { _is2DToolDragging = true; _dragStart = pos; _dragCurrent = pos; }
      |                                                 ^
/Users/zacharyzhang/Documents/GitHub/Earthcall/src/Singularity/Core/Engine.hpp:67:50: warning: unused parameter 'type' [-Wunused-parameter]
   67 |     template<typename T> bool is2DToolDragging(T type) const { return _is2DToolDragging; }
      |                                                  ^
/Users/zacharyzhang/Documents/GitHub/Earthcall/src/Singularity/Core/Engine.hpp:64:44: error: use of undeclared identifier '_dragCurrent'
   64 |     void update2DToolDrag(glm::vec2 pos) { _dragCurrent = pos; }
      |                                            ^~~~~~~~~~~~
/Users/zacharyzhang/Documents/GitHub/Earthcall/src/Singularity/Core/Engine.hpp:68:47: error: use of undeclared identifier '_useLegacy2DTools'; did you mean 'getUseLegacy2DTools'?
   68 |     bool getUseLegacy2DTools() const { return _useLegacy2DTools; }
      |                                               ^~~~~~~~~~~~~~~~~
      |                                               getUseLegacy2DTools
/Users/zacharyzhang/Documents/GitHub/Earthcall/src/Singularity/Core/Engine.hpp:68:10: note: 'getUseLegacy2DTools' declared here
   68 |     bool getUseLegacy2DTools() const { return _useLegacy2DTools; }
      |          ^
/Users/zacharyzhang/Documents/GitHub/Earthcall/src/Singularity/Core/Engine.hpp:68:47: error: reference to non-static member function must be called; did you mean to call it with no arguments?
   68 |     bool getUseLegacy2DTools() const { return _useLegacy2DTools; }
      |                                               ^~~~~~~~~~~~~~~~~
      |                                                                ()
/Users/zacharyzhang/Documents/GitHub/Earthcall/src/Singularity/Core/Engine.hpp:69:30: warning: unused parameter 'index' [-Wunused-parameter]
   69 |     void setCurrentColor(int index, float val) {} // dummy for now
      |                              ^
/Users/zacharyzhang/Documents/GitHub/Earthcall/src/Singularity/Core/Engine.hpp:69:43: warning: unused parameter 'val' [-Wunused-parameter]
   69 |     void setCurrentColor(int index, float val) {} // dummy for now
      |                                           ^
/Users/zacharyzhang/Documents/GitHub/Earthcall/src/Singularity/Core/Engine.hpp:65:98: error: use of undeclared identifier '_dragStart'
   65 |     template<typename T> void begin2DToolDrag(T type, glm::vec2 pos) { _is2DToolDragging = true; _dragStart = pos; _dragCurrent = pos; }
      |                                                                                                  ^~~~~~~~~~
/Users/zacharyzhang/Documents/GitHub/Earthcall/src/Singularity/Core/Engine.hpp:68:47: error: use of undeclared identifier '_useLegacy2DTools'; did you mean 'getUseLegacy2DTools'?
   68 |     bool getUseLegacy2DTools() const { return _useLegacy2DTools; }
      |                                               ^~~~~~~~~~~~~~~~~
      |                                               getUseLegacy2DTools
/Users/zacharyzhang/Documents/GitHub/Earthcall/src/Singularity/Core/Engine.hpp:68:10: note: 'getUseLegacy2DTools' declared here
   68 |     bool getUseLegacy2DTools() const { return _useLegacy2DTools; }
      |          ^
/Users/zacharyzhang/Documents/GitHub/Earthcall/src/Singularity/Core/Engine.hpp:68:47: error: reference to non-static member function must be called; did you mean to call it with no arguments?
   68 |     bool getUseLegacy2DTools() const { return _useLegacy2DTools; }
      |                                               ^~~~~~~~~~~~~~~~~
      |                                                                ()
/Users/zacharyzhang/Documents/GitHub/Earthcall/src/Singularity/Core/Engine.hpp:69:30: warning: unused parameter 'index' [-Wunused-parameter]
   69 |     void setCurrentColor(int index, float val)/Users/zacharyzhang/Documents/GitHub/Earthcall/src/Singularity/Core/Engine.hpp:65:116 {} // dummy for now
      |                              ^
/Users/zacharyzhang/Documents/GitHub/Earthcall/src/Singularity/Core/Engine.hpp:69:43: warning: unused parameter 'val' [-Wunused-parameter]
   69 |     void setCurrentColor(int index, float val) {} // dummy for now
      |                                           ^
: error: use of undeclared identifier '_dragCurrent'
   65 |     template<typename T> void begin2DToolDrag(T type, glm::vec2 pos) { _is2DToolDragging = true; _dragStart = pos; _dragCurrent = pos; }
      |                                                                                                                    ^~~~~~~~~~~~
/Users/zacharyzhang/Documents/GitHub/Earthcall/src/Singularity/Core/Engine.hpp:65:49: warning: unused parameter 'type' [-Wunused-parameter]
   65 |     template<typename T> void begin2DToolDrag(T type, glm::vec2 pos) { _is2DToolDragging = true; _dragStart = pos; _dragCurrent = pos; }
      |                                                 ^
/Users/zacharyzhang/Documents/GitHub/Earthcall/src/Singularity/Core/Engine.hpp:67:50: warning: unused parameter 'type' [-Wunused-parameter]
   67 |     template<typename T> bool is2DToolDragging(T type) const { return _is2DToolDragging; }
      |                                                  ^
In file included from /Users/zacharyzhang/Documents/GitHub/Earthcall/src/Singularity/Core/EngineInit.cpp:4:
/Users/zacharyzhang/Documents/GitHub/Earthcall/src/Singularity/Core/Engine.hpp:63:51: error: use of undeclared identifier '_dragStart'
   63 |     glm::vec2 get2DToolDragStart() const { return _dragStart; }
      |                                                   ^~~~~~~~~~
/Users/zacharyzhang/Documents/GitHub/Earthcall/src/Singularity/Core/Engine.hpp:64:44: error: use of undeclared identifier '_dragCurrent'
   64 |     void update2DToolDrag(glm::vec2 pos) { _dragCurrent = pos; }
      |                                            ^~~~~~~~~~~~
/Users/zacharyzhang/Documents/GitHub/Earthcall/src/Singularity/Core/Engine.hpp:68:47: error: use of undeclared identifier '_useLegacy2DTools'; did you mean 'getUseLegacy2DTools'?
   68 |     bool getUseLegacy2DTools() const { return _useLegacy2DTools; }
      |                                               ^~~~~~~~~~~~~~~~~
      |                                               getUseLegacy2DTools
/Users/zacharyzhang/Documents/GitHub/Earthcall/src/Singularity/Core/Engine.hpp:68:10: note: 'getUseLegacy2DTools' declared here
   68 |     bool getUseLegacy2DTools() const { return _useLegacy2DTools; }
      |          ^
/Users/zacharyzhang/Documents/GitHub/Earthcall/src/Singularity/Core/Engine.hpp:68:47: error: reference to non-static member function must be called; did you mean to call it with no arguments?
   68 |     bool getUseLegacy2DTools() const { return _useLegacy2DTools; }
      |                                               ^~~~~~~~~~~~~~~~~
      |                                                                ()
/Users/zacharyzhang/Documents/GitHub/Earthcall/src/Singularity/Core/Engine.hpp:69:30: warning: unused parameter 'index' [-Wunused-parameter]
   69 |     void setCurrentColor(int index, float val) {} // dummy for now
      |                              ^
/Users/zacharyzhang/Documents/GitHub/Earthcall/src/Singularity/Core/Engine.hpp:69:43: warning: unused parameter 'val' [-Wunused-parameter]
   69 |     void setCurrentColor(int index, float val) {} // dummy for now
      |                                           ^
/Users/zacharyzhang/Documents/GitHub/Earthcall/src/Singularity/Core/Engine.hpp:65:98: error: use of undeclared identifier '_dragStart'
   65 |     template<typename T> void begin2DToolDrag(T type, glm::vec2 pos) { _is2DToolDragging = true; _dragStart = pos; _dragCurrent = pos; }
      |                                                                                                  ^~~~~~~~~~
/Users/zacharyzhang/Documents/GitHub/Earthcall/src/Singularity/Core/Engine.hpp:65:116: error: use of undeclared identifier '_dragCurrent'
   65 |     template<typename T> void begin2DToolDrag(T type, glm::vec2 pos) { _is2DToolDragging = true; _dragStart = pos; _dragCurrent = pos; }
      |                                                                                                                    ^~~~~~~~~~~~
/Users/zacharyzhang/Documents/GitHub/Earthcall/src/Singularity/Core/Engine.hpp:65:49: warning: unused parameter 'type' [-Wunused-parameter]
   65 |     template<typename T> void begin2DToolDrag(T type, glm::vec2 pos) { _is2DToolDragging = true; _dragStart = pos; _dragCurrent = pos; }
      |                                                 ^
/Users/zacharyzhang/Documents/GitHub/Earthcall/src/Singularity/Core/Engine.hpp:67:50: warning: unused parameter 'type' [-Wunused-parameter]
   67 |     template<typename T> bool is2DToolDragging(T type) const { return _is2DToolDragging; }
      |                                                  ^
/Users/zacharyzhang/Documents/GitHub/Earthcall/src/OurVerse/Controls.cpp:15:45: warning: unused parameter 'key' [-Wunused-parameter]
   15 | void ControlPanel::Controls::onKeyPress(int key, int action)
      |                                             ^
/Users/zacharyzhang/Documents/GitHub/Earthcall/src/OurVerse/Controls.cpp:27:43: warning: unused parameter 'dt' [-Wunused-parameter]
   27 | void ControlPanel::Controls::update(float dt, Core::Engine* engine, GLFWwindow* window) {
      |                                           ^
/Users/zacharyzhang/Documents/GitHub/Earthcall/src/OurVerse/Controls.cpp:27:61: warning: unused parameter 'engine' [-Wunused-parameter]
   27 | void ControlPanel::Controls::update(float dt, Core::Engine* engine, GLFWwindow* window) {
      |                                                             ^
/Users/zacharyzhang/Documents/GitHub/Earthcall/src/OurVerse/Controls.cpp:27:81: warning: unused parameter 'window' [-Wunused-parameter]
   27 | void ControlPanel::Controls::update(float dt, Core::Engine* engine, GLFWwindow* window) {
      |                                                                                 ^
/Users/zacharyzhang/Documents/GitHub/Earthcall/src/Singularity/Core/Engine.hpp:68:47: error: use of undeclared identifier '_useLegacy2DTools'; did you mean 'getUseLegacy2DTools'?
   68 |     bool getUseLegacy2DTools() const { return _useLegacy2DTools; }
      |                                               ^~~~~~~~~~~~~~~~~
      |                                               getUseLegacy2DTools
/Users/zacharyzhang/Documents/GitHub/Earthcall/src/Singularity/Core/Engine.hpp:68:10: note: 'getUseLegacy2DTools' declared here
   68 |     bool getUseLegacy2DTools() const { return _useLegacy2DTools; }
      |          ^
/Users/zacharyzhang/Documents/GitHub/Earthcall/src/Singularity/Core/Engine.hpp:68:47: error: reference to non-static member function must be called; did you mean to call it with no arguments?
   68 |     bool getUseLegacy2DTools() const { return _useLegacy2DTools; }
      |                                               ^~~~~~~~~~~~~~~~~
      |                                                                ()
/Users/zacharyzhang/Documents/GitHub/Earthcall/src/Singularity/Core/Engine.hpp:69:30: warning: unused parameter 'index' [-Wunused-parameter]
   69 |     void setCurrentColor(int index, float val) {} // dummy for now
      |                              ^
/Users/zacharyzhang/Documents/GitHub/Earthcall/src/Singularity/Core/Engine.hpp:69:43: warning: unused parameter 'val' [-Wunused-parameter]
   69 |     void setCurrentColor(int index, float val) {} // dummy for now
      |                                           ^
8 warnings and 6 errors generated.
make[3]: *** [CMakeFiles/earthcall_core.dir/src/OurVerse/Controls.cpp.o] Error 1
make[3]: *** Waiting for unfinished jobs....
In file included from /Users/zacharyzhang/Documents/GitHub/Earthcall/src/OurVerse/CursorTools.cpp:3:
/Users/zacharyzhang/Documents/GitHub/Earthcall/src/Singularity/Core/Engine.hpp:63:51: error: use of undeclared identifier '_dragStart'
   63 |     glm::vec2 get2DToolDragStart() const { return _dragStart; }
      |                                                   ^~~~~~~~~~
/Users/zacharyzhang/Documents/GitHub/Earthcall/src/Singularity/Core/Engine.hpp:64:44: error: use of undeclared identifier '_dragCurrent'
   64 |     void update2DToolDrag(glm::vec2 pos) { _dragCurrent = pos; }
      |                                            ^~~~~~~~~~~~
/Users/zacharyzhang/Documents/GitHub/Earthcall/src/Singularity/Core/Engine.hpp:65:98: error: use of undeclared identifier '_dragStart'
   65 |     template<typename T> void begin2DToolDrag(T type, glm::vec2 pos) { _is2DToolDragging = true; _dragStart = pos; _dragCurrent = pos; }
      |                                                                                                  ^~~~~~~~~~
/Users/zacharyzhang/Documents/GitHub/Earthcall/src/Singularity/Core/Engine.hpp:65:116: error: use of undeclared identifier '_dragCurrent'
   65 |     template<typename T> void begin2DToolDrag(T type, glm::vec2 pos) { _is2DToolDragging = true; _dragStart = pos; _dragCurrent = pos; }
      |                                                                                                                    ^~~~~~~~~~~~
/Users/zacharyzhang/Documents/GitHub/Earthcall/src/Singularity/Core/Engine.hpp:65:49: warning: unused parameter 'type' [-Wunused-parameter]
   65 |     template<typename T> void begin2DToolDrag(T type, glm::vec2 pos) { _is2DToolDragging = true; _dragStart = pos; _dragCurrent = pos; }
      |                                                 ^
/Users/zacharyzhang/Documents/GitHub/Earthcall/src/Singularity/Core/Engine.hpp:67:50: warning: unused parameter 'type' [-Wunused-parameter]
   67 |     template<typename T> bool is2DToolDragging(T type) const { return _is2DToolDragging; }
      |                                                  ^
/Users/zacharyzhang/Documents/GitHub/Earthcall/src/Singularity/Core/Engine.hpp:68:47: error: use of undeclared identifier '_useLegacy2DTools'; did you mean 'getUseLegacy2DTools'?
   68 |     bool getUseLegacy2DTools() const { return _useLegacy2DTools; }
      |                                               ^~~~~~~~~~~~~~~~~
      |                                               getUseLegacy2DTools
/Users/zacharyzhang/Documents/GitHub/Earthcall/src/Singularity/Core/Engine.hpp:68:10: note: 'getUseLegacy2DTools' declared here
   68 |     bool getUseLegacy2DTools() const { return _useLegacy2DTools; }
      |          ^
/Users/zacharyzhang/Documents/GitHub/Earthcall/src/Singularity/Core/Engine.hpp:68:47: error: reference to non-static member function must be called; did you mean to call it with no arguments?
   68 |     bool getUseLegacy2DTools() const { return _useLegacy2DTools; }
      |                                               ^~~~~~~~~~~~~~~~~
      |                                                                ()
/Users/zacharyzhang/Documents/GitHub/Earthcall/src/Singularity/Core/Engine.hpp:69:30: warning: unused parameter 'index' [-Wunused-parameter]
   69 |     void setCurrentColor(int index, float val) {} // dummy for now
      |                              ^
/Users/zacharyzhang/Documents/GitHub/Earthcall/src/Singularity/Core/Engine.hpp:69:43: warning: unused parameter 'val' [-Wunused-parameter]
   69 |     void setCurrentColor(int index, float val) {} // dummy for now
      |                                           ^
/Users/zacharyzhang/Documents/GitHub/Earthcall/src/Singularity/Core/Engine.cpp:188:18: error: unknown type name 'Game'
  188 | void Engine::run(Game& game) {
      |                  ^
/Users/zacharyzhang/Documents/GitHub/Earthcall/src/Singularity/Core/Engine.cpp:207:19: error: unknown type name 'Game'
  207 | void Engine::tick(Game& game, float dt) {
      |                   ^
In file included from /Users/zacharyzhang/Documents/GitHub/Earthcall/src/Singularity/Core/Engine.cpp:1:
In file included from /Users/zacharyzhang/Documents/GitHub/Earthcall/src/Singularity/Core/Engine.hpp:5:
In file included from /Library/Developer/CommandLineTools/SDKs/MacOSX.sdk/usr/include/c++/v1/memory:950:
In file included from /Library/Developer/CommandLineTools/SDKs/MacOSX.sdk/usr/include/c++/v1/__memory/inout_ptr.h:16:
In file included from /Library/Developer/CommandLineTools/SDKs/MacOSX.sdk/usr/include/c++/v1/__memory/shared_ptr.h:36:
/Library/Developer/CommandLineTools/SDKs/MacOSX.sdk/usr/include/c++/v1/__memory/unique_ptr.h:75:19: error: invalid application of 'sizeof' to an incomplete type 'Person'
   75 |     static_assert(sizeof(_Tp) >= 0, "cannot delete an incomplete type");
      |                   ^~~~~~~~~~~
/Library/Developer/CommandLineTools/SDKs/MacOSX.sdk/usr/include/c++/v1/__memory/unique_ptr.h:290:7: note: in instantiation of member function 'std::default_delete<Person>::operator()' requested here
  290 |       __deleter_(__tmp);
      |       ^
/Library/Developer/CommandLineTools/SDKs/MacOSX.sdk/usr/include/c++/v1/__memory/unique_ptr.h:259:71: note: in instantiation of member function 'std::unique_ptr<Person>::reset' requested here
  259 |   _LIBCPP_HIDE_FROM_ABI _LIBCPP_CONSTEXPR_SINCE_CXX23 ~unique_ptr() { reset(); }
      |                                                                       ^
/Users/zacharyzhang/Documents/GitHub/Earthcall/src/Singularity/Core/Engine.hpp:77:5: note: in instantiation of member function 'std::unique_ptr<Person>::~unique_ptr' requested here
   77 |     Engine() = default;                       // use instance()
      |     ^
/Users/zacharyzhang/Documents/GitHub/Earthcall/src/Singularity/Core/Engine.hpp:7:7: note: forward declaration of 'Person'
    7 | class Person;
      |       ^
In file included from /Users/zacharyzhang/Documents/GitHub/Earthcall/src/Singularity/Core/Engine.cpp:1:
In file included from /Users/zacharyzhang/Documents/GitHub/Earthcall/src/Singularity/Core/Engine.hpp:5:
In file included from /Library/Developer/CommandLineTools/SDKs/MacOSX.sdk/usr/include/c++/v1/memory:950:
In file included from /Library/Developer/CommandLineTools/SDKs/MacOSX.sdk/usr/include/c++/v1/__memory/inout_ptr.h:16:
In file included from /Library/Developer/CommandLineTools/SDKs/MacOSX.sdk/usr/include/c++/v1/__memory/shared_ptr.h:36:
/Library/Developer/CommandLineTools/SDKs/MacOSX.sdk/usr/include/c++/v1/__memory/unique_ptr.h:75:19: error: invalid application of 'sizeof' to an incomplete type 'Camera'
   75 |     static_assert(sizeof(_Tp) >= 0, "cannot delete an incomplete type");
      |                   ^~~~~~~~~~~
/Library/Developer/CommandLineTools/SDKs/MacOSX.sdk/usr/include/c++/v1/__memory/unique_ptr.h:290:7: note: in instantiation of member function 'std::default_delete<Camera>::operator()' requested here
  290 |       __deleter_(__tmp);
      |       ^
/Library/Developer/CommandLineTools/SDKs/MacOSX.sdk/usr/include/c++/v1/__memory/unique_ptr.h:259:71: note: in instantiation of member function 'std::unique_ptr<Camera>::reset' requested here
  259 |   _LIBCPP_HIDE_FROM_ABI _LIBCPP_CONSTEXPR_SINCE_CXX23 ~unique_ptr() { reset(); }
      |                                                                       ^
/Users/zacharyzhang/Documents/GitHub/Earthcall/src/Singularity/Core/Engine.hpp:77:5: note: in instantiation of member function 'std::unique_ptr<Camera>::~unique_ptr' requested here
   77 |     Engine() = default;                       // use instance()
      |     ^
/Users/zacharyzhang/Documents/GitHub/Earthcall/src/Singularity/Core/Engine.hpp:8:7: note: forward declaration of 'Camera'
    8 | class Camera;
      |       ^
In file included from /Users/zacharyzhang/Documents/GitHub/Earthcall/src/Singularity/Core/Engine.cpp:1:
In file included from /Users/zacharyzhang/Documents/GitHub/Earthcall/src/Singularity/Core/Engine.hpp:5:
In file included from /Library/Developer/CommandLineTools/SDKs/MacOSX.sdk/usr/include/c++/v1/memory:950:
In file included from /Library/Developer/CommandLineTools/SDKs/MacOSX.sdk/usr/include/c++/v1/__memory/inout_ptr.h:16:
In file included from /Library/Developer/CommandLineTools/SDKs/MacOSX.sdk/usr/include/c++/v1/__memory/shared_ptr.h:36:
/Library/Developer/CommandLineTools/SDKs/MacOSX.sdk/usr/include/c++/v1/__memory/unique_ptr.h:75:19: error: invalid application of 'sizeof' to an incomplete type 'LawManager'
   75 |     static_assert(sizeof(_Tp) >= 0, "cannot delete an incomplete type");
      |                   ^~~~~~~~~~~
/Library/Developer/CommandLineTools/SDKs/MacOSX.sdk/usr/include/c++/v1/__memory/unique_ptr.h:290:7: note: in instantiation of member function 'std::default_delete<LawManager>::operator()' requested here
  290 |       __deleter_(__tmp);
      |       ^
/Library/Developer/CommandLineTools/SDKs/MacOSX.sdk/usr/include/c++/v1/__memory/unique_ptr.h:259:71: note: in instantiation of member function 'std::unique_ptr<LawManager>::reset' requested here
  259 |   _LIBCPP_HIDE_FROM_ABI _LIBCPP_CONSTEXPR_SINCE_CXX23 ~unique_ptr() { reset(); }
      |                                                                       ^
/Users/zacharyzhang/Documents/GitHub/Earthcall/src/Singularity/Core/Engine.hpp:77:5: note: in instantiation of member function 'std::unique_ptr<LawManager>::~unique_ptr' requested here
   77 |     Engine() = default;                       // use instance()
      |     ^
/Users/zacharyzhang/Documents/GitHub/Earthcall/src/Singularity/Core/Engine.hpp:9:7: note: forward declaration of 'LawManager'
    9 | class LawManager;
      |       ^
In file included from /Users/zacharyzhang/Documents/GitHub/Earthcall/src/Singularity/Core/Engine.cpp:1:
In file included from /Users/zacharyzhang/Documents/GitHub/Earthcall/src/Singularity/Core/Engine.hpp:5:
In file included from /Library/Developer/CommandLineTools/SDKs/MacOSX.sdk/usr/include/c++/v1/memory:950:
In file included from /Library/Developer/CommandLineTools/SDKs/MacOSX.sdk/usr/include/c++/v1/__memory/inout_ptr.h:16:
In file included from /Library/Developer/CommandLineTools/SDKs/MacOSX.sdk/usr/include/c++/v1/__memory/shared_ptr.h:36:
/Library/Developer/CommandLineTools/SDKs/MacOSX.sdk/usr/include/c++/v1/__memory/unique_ptr.h:75:19: error: invalid application of 'sizeof' to an incomplete type 'Chat'
   75 |     static_assert(sizeof(_Tp) >= 0, "cannot delete an incomplete type");
      |                   ^~~~~~~~~~~
/Library/Developer/CommandLineTools/SDKs/MacOSX.sdk/usr/include/c++/v1/__memory/unique_ptr.h:290:7: note: in instantiation of member function 'std::default_delete<Chat>::operator()' requested here
  290 |       __deleter_(__tmp);
      |       ^
/Library/Developer/CommandLineTools/SDKs/MacOSX.sdk/usr/include/c++/v1/__memory/unique_ptr.h:259:71: note: in instantiation of member function 'std::unique_ptr<Chat>::reset' requested here
  259 |   _LIBCPP_HIDE_FROM_ABI _LIBCPP_CONSTEXPR_SINCE_CXX23 ~unique_ptr() { reset(); }
      |                                                                       ^
/Users/zacharyzhang/Documents/GitHub/Earthcall/src/Singularity/Core/Engine.hpp:77:5: note: in instantiation of member function 'std::unique_ptr<Chat>::~unique_ptr' requested here
   77 |     Engine() = default;                       // use instance()
      |     ^
/Users/zacharyzhang/Documents/GitHub/Earthcall/src/Singularity/Core/Engine.hpp:10:7: note: forward declaration of 'Chat'
   10 | class Chat;
      |       ^
In file included from /Users/zacharyzhang/Documents/GitHub/Earthcall/src/Singularity/Core/Engine.cpp:1:
In file included from /Users/zacharyzhang/Documents/GitHub/Earthcall/src/Singularity/Core/Engine.hpp:5:
In file included from /Library/Developer/CommandLineTools/SDKs/MacOSX.sdk/usr/include/c++/v1/memory:950:
In file included from /Library/Developer/CommandLineTools/SDKs/MacOSX.sdk/usr/include/c++/v1/__memory/inout_ptr.h:16:
In file included from /Library/Developer/CommandLineTools/SDKs/MacOSX.sdk/usr/include/c++/v1/__memory/shared_ptr.h:36:
/Library/Developer/CommandLineTools/SDKs/MacOSX.sdk/usr/include/c++/v1/__memory/unique_ptr.h:75:19: error: invalid application of 'sizeof' to an incomplete type 'KeyboardHandler'
   75 |     static_assert(sizeof(_Tp) >= 0, "cannot delete an incomplete type");
      |                   ^~~~~~~~~~~
/Library/Developer/CommandLineTools/SDKs/MacOSX.sdk/usr/include/c++/v1/__memory/unique_ptr.h:290:7: note: in instantiation of member function 'std::default_delete<KeyboardHandler>::operator()' requested here
  290 |       __deleter_(__tmp);
      |       ^
/Library/Developer/CommandLineTools/SDKs/MacOSX.sdk/usr/include/c++/v1/__memory/unique_ptr.h:259:71: note: in instantiation of member function 'std::unique_ptr<KeyboardHandler>::reset' requested here
  259 |   _LIBCPP_HIDE_FROM_ABI _LIBCPP_CONSTEXPR_SINCE_CXX23 ~unique_ptr() { reset(); }
      |                                                                       ^
/Users/zacharyzhang/Documents/GitHub/Earthcall/src/Singularity/Core/Engine.hpp:77:5: note: in instantiation of member function 'std::unique_ptr<KeyboardHandler>::~unique_ptr' requested here
   77 |     Engine() = default;                       // use instance()
      |     ^
/Users/zacharyzhang/Documents/GitHub/Earthcall/src/Singularity/Core/Engine.hpp:11:7: note: forward declaration of 'KeyboardHandler'
   11 | class KeyboardHandler;
      |       ^
In file included from /Users/zacharyzhang/Documents/GitHub/Earthcall/src/Singularity/Core/Engine.cpp:1:
In file included from /Users/zacharyzhang/Documents/GitHub/Earthcall/src/Singularity/Core/Engine.hpp:5:
In file included from /Library/Developer/CommandLineTools/SDKs/MacOSX.sdk/usr/include/c++/v1/memory:950:
In file included from /Library/Developer/CommandLineTools/SDKs/MacOSX.sdk/usr/include/c++/v1/__memory/inout_ptr.h:16:
In file included from /Library/Developer/CommandLineTools/SDKs/MacOSX.sdk/usr/include/c++/v1/__memory/shared_ptr.h:36:
/Library/Developer/CommandLineTools/SDKs/MacOSX.sdk/usr/include/c++/v1/__memory/unique_ptr.h:75:19: error: invalid application of 'sizeof' to an incomplete type 'MouseHandler'
   75 |     static_assert(sizeof(_Tp) >= 0, "cannot delete an incomplete type");
      |                   ^~~~~~~~~~~
/Library/Developer/CommandLineTools/SDKs/MacOSX.sdk/usr/include/c++/v1/__memory/unique_ptr.h:290:7: note: in instantiation of member function 'std::default_delete<MouseHandler>::operator()' requested here
  290 |       __deleter_(__tmp);
      |       ^
/Library/Developer/CommandLineTools/SDKs/MacOSX.sdk/usr/include/c++/v1/__memory/unique_ptr.h:259:71: note: in instantiation of member function 'std::unique_ptr<MouseHandler>::reset' requested here
  259 |   _LIBCPP_HIDE_FROM_ABI _LIBCPP_CONSTEXPR_SINCE_CXX23 ~unique_ptr() { reset(); }
      |                                                                       ^
/Users/zacharyzhang/Documents/GitHub/Earthcall/src/Singularity/Core/Engine.hpp:77:5: note: in instantiation of member function 'std::unique_ptr<MouseHandler>::~unique_ptr' requested here
   77 |     Engine() = default;                       // use instance()
      |     ^
/Users/zacharyzhang/Documents/GitHub/Earthcall/src/Singularity/Core/Engine.hpp:12:7: note: forward declaration of 'MouseHandler'
   12 | class MouseHandler;
      |       ^
In file included from /Users/zacharyzhang/Documents/GitHub/Earthcall/src/Singularity/Core/Engine.cpp:1:
In file included from /Users/zacharyzhang/Documents/GitHub/Earthcall/src/Singularity/Core/Engine.hpp:5:
In file included from /Library/Developer/CommandLineTools/SDKs/MacOSX.sdk/usr/include/c++/v1/memory:950:
In file included from /Library/Developer/CommandLineTools/SDKs/MacOSX.sdk/usr/include/c++/v1/__memory/inout_ptr.h:16:
In file included from /Library/Developer/CommandLineTools/SDKs/MacOSX.sdk/usr/include/c++/v1/__memory/shared_ptr.h:36:
/Library/Developer/CommandLineTools/SDKs/MacOSX.sdk/usr/include/c++/v1/__memory/unique_ptr.h:75:19: error: invalid application of 'sizeof' to an incomplete type 'CursorTools'
   75 |     static_assert(sizeof(_Tp) >= 0, "cannot delete an incomplete type");
      |                   ^~~~~~~~~~~
/Library/Developer/CommandLineTools/SDKs/MacOSX.sdk/usr/include/c++/v1/__memory/unique_ptr.h:290:7: note: in instantiation of member function 'std::default_delete<CursorTools>::operator()' requested here
  290 |       __deleter_(__tmp);
      |       ^
/Library/Developer/CommandLineTools/SDKs/MacOSX.sdk/usr/include/c++/v1/__memory/unique_ptr.h:259:71: note: in instantiation of member function 'std::unique_ptr<CursorTools>::reset' requested here
  259 |   _LIBCPP_HIDE_FROM_ABI _LIBCPP_CONSTEXPR_SINCE_CXX23 ~unique_ptr() { reset(); }
      |                                                                       ^
/Users/zacharyzhang/Documents/GitHub/Earthcall/src/Singularity/Core/Engine.hpp:77:5: note: in instantiation of member function 'std::unique_ptr<CursorTools>::~unique_ptr' requested here
   77 |     Engine() = default;                       // use instance()
      |     ^
/Users/zacharyzhang/Documents/GitHub/Earthcall/src/Singularity/Core/Engine.hpp:13:7: note: forward declaration of 'CursorTools'
   13 | class CursorTools;
      |       ^
In file included from /Users/zacharyzhang/Documents/GitHub/Earthcall/src/Singularity/Core/Engine.cpp:1:
In file included from /Users/zacharyzhang/Documents/GitHub/Earthcall/src/Singularity/Core/Engine.hpp:5:
In file included from /Library/Developer/CommandLineTools/SDKs/MacOSX.sdk/usr/include/c++/v1/memory:950:
In file included from /Library/Developer/CommandLineTools/SDKs/MacOSX.sdk/usr/include/c++/v1/__memory/inout_ptr.h:16:
In file included from /Library/Developer/CommandLineTools/SDKs/MacOSX.sdk/usr/include/c++/v1/__memory/shared_ptr.h:36:
/Library/Developer/CommandLineTools/SDKs/MacOSX.sdk/usr/include/c++/v1/__memory/unique_ptr.h:75:19: error: invalid application of 'sizeof' to an incomplete type 'ElementalToolHandler'
   75 |     static_assert(sizeof(_Tp) >= 0, "cannot delete an incomplete type");
      |                   ^~~~~~~~~~~
/Library/Developer/CommandLineTools/SDKs/MacOSX.sdk/usr/include/c++/v1/__memory/unique_ptr.h:290:7: note: in instantiation of member function 'std::default_delete<ElementalToolHandler>::operator()' requested here
  290 |       __deleter_(__tmp);
      |       ^
/Library/Developer/CommandLineTools/SDKs/MacOSX.sdk/usr/include/c++/v1/__memory/unique_ptr.h:259:71: note: in instantiation of member function 'std::unique_ptr<ElementalToolHandler>::reset' requested here
  259 |   _LIBCPP_HIDE_FROM_ABI _LIBCPP_CONSTEXPR_SINCE_CXX23 ~unique_ptr() { reset(); }
      |                                                                       ^
/Users/zacharyzhang/Documents/GitHub/Earthcall/src/Singularity/Core/Engine.hpp:77:5: note: in instantiation of member function 'std::unique_ptr<ElementalToolHandler>::~unique_ptr' requested here
   77 |     Engine() = default;                       // use instance()
      |     ^
/Users/zacharyzhang/Documents/GitHub/Earthcall/src/Singularity/Core/Engine.hpp:14:7: note: forward declaration of 'ElementalToolHandler'
   14 | class ElementalToolHandler;
      |       ^
4 warnings and 16 errors generated.
make[3]: *** [CMakeFiles/earthcall_core.dir/src/Singularity/Core/Engine.cpp.o] Error 1
In file included from /Users/zacharyzhang/Documents/GitHub/Earthcall/src/Singularity/Core/EngineGame.cpp:11:
In file included from /Users/zacharyzhang/Documents/GitHub/Earthcall/src/ConstructedBeing/Object/Object.hpp:35:
/Users/zacharyzhang/Documents/GitHub/Earthcall/src/ConstructedBeing/Object/Object/PolyhedronData.hpp:12:1: warning: 'PolyhedronData' defined as a struct here but previously declared as a class; this is valid, but may result in linker errors under the Microsoft C++ ABI [-Wmismatched-tags]
   12 | struct PolyhedronData {
      | ^
/Users/zacharyzhang/Documents/GitHub/Earthcall/src/ConstructedBeing/Object/Object/ObjectTypes.hpp:24:1: note: did you mean struct here?
   24 | class PolyhedronData;
      | ^~~~~
      | struct
In file included from /Users/zacharyzhang/Documents/GitHub/Earthcall/src/Singularity/Core/EngineGame.cpp:11:
In file included from /Users/zacharyzhang/Documents/GitHub/Earthcall/src/ConstructedBeing/Object/Object.hpp:36:
In file included from /Users/zacharyzhang/Documents/GitHub/Earthcall/src/ConstructedBeing/Object/Object/FaceTexture.hpp:3:
In file included from /Users/zacharyzhang/Documents/GitHub/Earthcall/src/Rendering/Renderer.hpp:4:
/Users/zacharyzhang/Documents/GitHub/Earthcall/src/ConstructedBeing/Object/Geometry/SmoothSurface.hpp:23:1: warning: 'TessMesh' defined as a struct here but previously declared as a class; this is valid, but may result in linker errors under the Microsoft C++ ABI [-Wmismatched-tags]
   23 | struct TessMesh {
      | ^
/Users/zacharyzhang/Documents/GitHub/Earthcall/src/ConstructedBeing/Object/Object/ObjectTypes.hpp:20:5: note: did you mean struct here?
   20 |     class TessMesh;
      |     ^~~~~
      |     struct
In file included from /Users/zacharyzhang/Documents/GitHub/Earthcall/src/Singularity/Core/EngineGame.cpp:11:
In file included from /Users/zacharyzhang/Documents/GitHub/Earthcall/src/ConstructedBeing/Object/Object.hpp:36:
In file included from /Users/zacharyzhang/Documents/GitHub/Earthcall/src/ConstructedBeing/Object/Object/FaceTexture.hpp:3:
In file included from /Users/zacharyzhang/Documents/GitHub/Earthcall/src/Rendering/Renderer.hpp:4:
/Users/zacharyzhang/Documents/GitHub/Earthcall/src/ConstructedBeing/Object/Geometry/SmoothSurface.hpp:27:1: warning: 'SmoothSurfaceData' defined as a struct here but previously declared as a class; this is valid, but may result in linker errors under the Microsoft C++ ABI [-Wmismatched-tags]
   27 | struct SmoothSurfaceData {
      | ^
/Users/zacharyzhang/Documents/GitHub/Earthcall/src/ConstructedBeing/Object/Object/ObjectTypes.hpp:17:5: note: did you mean struct here?
   17 |     class SmoothSurfaceData;
      |     ^~~~~
      |     struct
In file included from /Users/zacharyzhang/Documents/GitHub/Earthcall/src/Singularity/Core/EngineGame.cpp:11:
In file included from /Users/zacharyzhang/Documents/GitHub/Earthcall/src/ConstructedBeing/Object/Object.hpp:36:
In file included from /Users/zacharyzhang/Documents/GitHub/Earthcall/src/ConstructedBeing/Object/Object/FaceTexture.hpp:3:
/Users/zacharyzhang/Documents/GitHub/Earthcall/src/Rendering/Renderer.hpp:10:18: warning: struct 'SdfNode' was previously declared as a class; this is valid, but may result in linker errors under the Microsoft C++ ABI [-Wmismatched-tags]
   10 | namespace geom { struct SdfNode; class FieldNode; }
      |                  ^
/Users/zacharyzhang/Documents/GitHub/Earthcall/src/ConstructedBeing/Object/Object/ObjectTypes.hpp:19:11: note: previous use is here
   19 |     class SdfNode;
      |           ^
In file included from /Users/zacharyzhang/Documents/GitHub/Earthcall/src/Singularity/Core/EngineGame.cpp:11:
In file included from /Users/zacharyzhang/Documents/GitHub/Earthcall/src/ConstructedBeing/Object/Object.hpp:39:
/Users/zacharyzhang/Documents/GitHub/Earthcall/src/ConstructedBeing/Object/Geometry/ComplexShape.hpp:70:1: warning: 'ComplexShapeData' defined as a struct here but previously declared as a class; this is valid, but may result in linker errors under the Microsoft C++ ABI [-Wmismatched-tags]
   70 | struct ComplexShapeData {
      | ^
/Users/zacharyzhang/Documents/GitHub/Earthcall/src/ConstructedBeing/Object/Object/ObjectTypes.hpp:18:5: note: did you mean struct here?
   18 |     class ComplexShapeData;
      |     ^~~~~
      |     struct
In file included from /Users/zacharyzhang/Documents/GitHub/Earthcall/src/Singularity/Core/EngineGame.cpp:11:
In file included from /Users/zacharyzhang/Documents/GitHub/Earthcall/src/ConstructedBeing/Object/Object.hpp:40:
/Users/zacharyzhang/Documents/GitHub/Earthcall/src/ConstructedBeing/Object/Geometry/Sdf.hpp:46:1: warning: 'SdfNode' defined as a struct here but previously declared as a class; this is valid, but may result in linker errors under the Microsoft C++ ABI [-Wmismatched-tags]
   46 | struct SdfNode {
      | ^
/Users/zacharyzhang/Documents/GitHub/Earthcall/src/ConstructedBeing/Object/Object/ObjectTypes.hpp:19:5: note: did you mean struct here?
   19 |     class SdfNode;
      |     ^~~~~
      |     struct
In file included from /Users/zacharyzhang/Documents/GitHub/Earthcall/src/OurVerse/Tool.cpp:1:
In file included from /Users/zacharyzhang/Documents/GitHub/Earthcall/src/OurVerse/Tool.hpp:5:
In file included from /Users/zacharyzhang/Documents/GitHub/Earthcall/src/ConstructedBeing/Object/Object.hpp:35:
/Users/zacharyzhang/Documents/GitHub/Earthcall/src/ConstructedBeing/Object/Object/PolyhedronData.hpp:12:1: warning: 'PolyhedronData' defined as a struct here but previously declared as a class; this is valid, but may result in linker errors under the Microsoft C++ ABI [-Wmismatched-tags]
   12 | struct PolyhedronData {
      | ^
/Users/zacharyzhang/Documents/GitHub/Earthcall/src/ConstructedBeing/Object/Object/ObjectTypes.hpp:24:1: note: did you mean struct here?
   24 | class PolyhedronData;
      | ^~~~~
      | struct
In file included from /Users/zacharyzhang/Documents/GitHub/Earthcall/src/Singularity/Core/EngineGame.cpp:11:
In file included from /Users/zacharyzhang/Documents/GitHub/Earthcall/src/ConstructedBeing/Object/Object.hpp:41:
/Users/zacharyzhang/Documents/GitHub/Earthcall/src/ConstructedBeing/Object/Geometry/Patch.hpp:16:1: warning: 'BezierPatch' defined as a struct here but previously declared as a class; this is valid, but may result in linker errors under the Microsoft C++ ABI [-Wmismatched-tags]
   16 | struct BezierPatch {
      | ^
/Users/zacharyzhang/Documents/GitHub/Earthcall/src/ConstructedBeing/Object/Object/ObjectTypes.hpp:21:5: note: did you mean struct here?
   21 |     class BezierPatch;
      |     ^~~~~
      |     struct
In file included from /Users/zacharyzhang/Documents/GitHub/Earthcall/src/OurVerse/Tool.cpp:1:
In file included from /Users/zacharyzhang/Documents/GitHub/Earthcall/src/OurVerse/Tool.hpp:5:
In file included from /Users/zacharyzhang/Documents/GitHub/Earthcall/src/ConstructedBeing/Object/Object.hpp:36:
In file included from /Users/zacharyzhang/Documents/GitHub/Earthcall/src/ConstructedBeing/Object/Object/FaceTexture.hpp:3:
In file included from /Users/zacharyzhang/Documents/GitHub/Earthcall/src/Rendering/Renderer.hpp:4:
/Users/zacharyzhang/Documents/GitHub/Earthcall/src/ConstructedBeing/Object/Geometry/SmoothSurface.hpp:23:1: warning: 'TessMesh' defined as a struct here but previously declared as a class; this is valid, but may result in linker errors under the Microsoft C++ ABI [-Wmismatched-tags]
   23 | struct TessMesh {
      | ^
/Users/zacharyzhang/Documents/GitHub/Earthcall/src/ConstructedBeing/Object/Object/ObjectTypes.hpp:20:5: note: did you mean struct here?
   20 |     class TessMesh;
      |     ^~~~~
      |     struct
In file included from /Users/zacharyzhang/Documents/GitHub/Earthcall/src/OurVerse/Tool.cpp:1:
In file included from /Users/zacharyzhang/Documents/GitHub/Earthcall/src/OurVerse/Tool.hpp:5:
In file included from /Users/zacharyzhang/Documents/GitHub/Earthcall/src/ConstructedBeing/Object/Object.hpp:36:
In file included from /Users/zacharyzhang/Documents/GitHub/Earthcall/src/ConstructedBeing/Object/Object/FaceTexture.hpp:3:
In file included from /Users/zacharyzhang/Documents/GitHub/Earthcall/src/Rendering/Renderer.hpp:4:
/Users/zacharyzhang/Documents/GitHub/Earthcall/src/ConstructedBeing/Object/Geometry/SmoothSurface.hpp:27:1: warning: 'SmoothSurfaceData' defined as a struct here but previously declared as a class; this is valid, but may result in linker errors under the Microsoft C++ ABI [-Wmismatched-tags]
   27 | struct SmoothSurfaceData {
      | ^
/Users/zacharyzhang/Documents/GitHub/Earthcall/src/ConstructedBeing/Object/Object/ObjectTypes.hpp:17:5: note: did you mean struct here?
   17 |     class SmoothSurfaceData;
      |     ^~~~~
      |     struct
In file included from /Users/zacharyzhang/Documents/GitHub/Earthcall/src/OurVerse/Tool.cpp:1:
In file included from /Users/zacharyzhang/Documents/GitHub/Earthcall/src/OurVerse/Tool.hpp:5:
In file included from /Users/zacharyzhang/Documents/GitHub/Earthcall/src/ConstructedBeing/Object/Object.hpp:36:
In file included from /Users/zacharyzhang/Documents/GitHub/Earthcall/src/ConstructedBeing/Object/Object/FaceTexture.hpp:3:
/Users/zacharyzhang/Documents/GitHub/Earthcall/src/Rendering/Renderer.hpp:10:18: warning: struct 'SdfNode' was previously declared as a class; this is valid, but may result in linker errors under the Microsoft C++ ABI [-Wmismatched-tags]
   10 | namespace geom { struct SdfNode; class FieldNode; }
      |                  ^
/Users/zacharyzhang/Documents/GitHub/Earthcall/src/ConstructedBeing/Object/Object/ObjectTypes.hpp:19:11: note: previous use is here
   19 |     class SdfNode;
      |           ^
In file included from /Users/zacharyzhang/Documents/GitHub/Earthcall/src/OurVerse/ElementalToolHandler.cpp:1:
In file included from /Users/zacharyzhang/Documents/GitHub/Earthcall/src/OurVerse/ElementalToolHandler.hpp:3:
In file included from /Users/zacharyzhang/Documents/GitHub/Earthcall/src/ZonesOfEarth/ZoneManager.hpp:5:
In file included from /Users/zacharyzhang/Documents/GitHub/Earthcall/src/ZonesOfEarth/Zone/Zone.hpp:5:
In file included from /Users/zacharyzhang/Documents/GitHub/Earthcall/src/ZonesOfEarth/Zone/../World/World.hpp:5:
In file included from /Users/zacharyzhang/Documents/GitHub/Earthcall/src/ConstructedBeing/Object/Object.hpp:35:
/Users/zacharyzhang/Documents/GitHub/Earthcall/src/ConstructedBeing/Object/Object/PolyhedronData.hpp:12:1: warning: 'PolyhedronData' defined as a struct here but previously declared as a class; this is valid, but may result in linker errors under the Microsoft C++ ABI [-Wmismatched-tags]
   12 | struct PolyhedronData {
      | ^
/Users/zacharyzhang/Documents/GitHub/Earthcall/src/ConstructedBeing/Object/Object/ObjectTypes.hpp:24:1: note: did you mean struct here?
   24 | class PolyhedronData;
      | ^~~~~
      | struct
In file included from /Users/zacharyzhang/Documents/GitHub/Earthcall/src/Singularity/Core/EngineInit.cpp:7:
In file included from /Users/zacharyzhang/Documents/GitHub/Earthcall/src/ConstructedBeing/Object/Object.hpp:35:
/Users/zacharyzhang/Documents/GitHub/Earthcall/src/ConstructedBeing/Object/Object/PolyhedronData.hpp:12:1: warning: 'PolyhedronData' defined as a struct here but previously declared as a class; this is valid, but may result in linker errors under the Microsoft C++ ABI [-Wmismatched-tags]
   12 | struct PolyhedronData {
      | ^
/Users/zacharyzhang/Documents/GitHub/Earthcall/src/ConstructedBeing/Object/Object/ObjectTypes.hpp:24:1: note: did you mean struct here?
   24 | class PolyhedronData;
      | ^~~~~
      | struct
In file included from /Users/zacharyzhang/Documents/GitHub/Earthcall/src/OurVerse/Tool.cpp:1:
In file included from /Users/zacharyzhang/Documents/GitHub/Earthcall/src/OurVerse/Tool.hpp:5:
In file included from /Users/zacharyzhang/Documents/GitHub/Earthcall/src/ConstructedBeing/Object/Object.hpp:39:
/Users/zacharyzhang/Documents/GitHub/Earthcall/src/ConstructedBeing/Object/Geometry/ComplexShape.hpp:70:1: warning: 'ComplexShapeData' defined as a struct here but previously declared as a class; this is valid, but may result in linker errors under the Microsoft C++ ABI [-Wmismatched-tags]
   70 | struct ComplexShapeData {
      | ^
/Users/zacharyzhang/Documents/GitHub/Earthcall/src/ConstructedBeing/Object/Object/ObjectTypes.hpp:18:5: note: did you mean struct here?
   18 |     class ComplexShapeData;
      |     ^~~~~
      |     struct
In file included from /Users/zacharyzhang/Documents/GitHub/Earthcall/src/OurVerse/Tool.cpp:1:
In file included from /Users/zacharyzhang/Documents/GitHub/Earthcall/src/OurVerse/Tool.hpp:5:
In file included from /Users/zacharyzhang/Documents/GitHub/Earthcall/src/ConstructedBeing/Object/Object.hpp:40:
/Users/zacharyzhang/Documents/GitHub/Earthcall/src/ConstructedBeing/Object/Geometry/Sdf.hpp:46:1: warning: 'SdfNode' defined as a struct here but previously declared as a class; this is valid, but may result in linker errors under the Microsoft C++ ABI [-Wmismatched-tags]
   46 | struct SdfNode {
      | ^
/Users/zacharyzhang/Documents/GitHub/Earthcall/src/ConstructedBeing/Object/Object/ObjectTypes.hpp:19:5: note: did you mean struct here?
   19 |     class SdfNode;
      |     ^~~~~
      |     struct
In file included from /Users/zacharyzhang/Documents/GitHub/Earthcall/src/OurVerse/ElementalToolHandler.cpp:1:
In file included from /Users/zacharyzhang/Documents/GitHub/Earthcall/src/OurVerse/ElementalToolHandler.hpp:3:
In file included from /Users/zacharyzhang/Documents/GitHub/Earthcall/src/ZonesOfEarth/ZoneManager.hpp:5:
In file included from /Users/zacharyzhang/Documents/GitHub/Earthcall/src/ZonesOfEarth/Zone/Zone.hpp:5:
In file included from /Users/zacharyzhang/Documents/GitHub/Earthcall/src/ZonesOfEarth/Zone/../World/World.hpp:5:
In file included from /Users/zacharyzhang/Documents/GitHub/Earthcall/src/ConstructedBeing/Object/Object.hpp:36:
In file included from /Users/zacharyzhang/Documents/GitHub/Earthcall/src/ConstructedBeing/Object/Object/FaceTexture.hpp:3:
In file included from /Users/zacharyzhang/Documents/GitHub/Earthcall/src/Rendering/Renderer.hpp:4:
/Users/zacharyzhang/Documents/GitHub/Earthcall/src/ConstructedBeing/Object/Geometry/SmoothSurface.hpp:23:1: warning: 'TessMesh' defined as a struct here but previously declared as a class; this is valid, but may result in linker errors under the Microsoft C++ ABI [-Wmismatched-tags]
   23 | struct TessMesh {
      | ^
/Users/zacharyzhang/Documents/GitHub/Earthcall/src/ConstructedBeing/Object/Object/ObjectTypes.hpp:20:5: note: did you mean struct here?
   20 |     class TessMesh;
      |     ^~~~~
      |     struct
In file included from /Users/zacharyzhang/Documents/GitHub/Earthcall/src/OurVerse/ElementalToolHandler.cpp:1:
In file included from /Users/zacharyzhang/Documents/GitHub/Earthcall/src/OurVerse/ElementalToolHandler.hpp:3:
In file included from /Users/zacharyzhang/Documents/GitHub/Earthcall/src/ZonesOfEarth/ZoneManager.hpp:5:
In file included from /Users/zacharyzhang/Documents/GitHub/Earthcall/src/ZonesOfEarth/Zone/Zone.hpp:5:
In file included from /Users/zacharyzhang/Documents/GitHub/Earthcall/src/ZonesOfEarth/Zone/../World/World.hpp:5:
In file included from /Users/zacharyzhang/Documents/GitHub/Earthcall/src/ConstructedBeing/Object/Object.hpp:36:
In file included from /Users/zacharyzhang/Documents/GitHub/Earthcall/src/ConstructedBeing/Object/Object/FaceTexture.hpp:3:
In file included from /Users/zacharyzhang/Documents/GitHub/Earthcall/src/Rendering/Renderer.hpp:4:
/Users/zacharyzhang/Documents/GitHub/Earthcall/src/ConstructedBeing/Object/Geometry/SmoothSurface.hpp:27:1: warning: 'SmoothSurfaceData' defined as a struct here but previously declared as a class; this is valid, but may result in linker errors under the Microsoft C++ ABI [-Wmismatched-tags]
   27 | struct SmoothSurfaceData {
      | ^
/Users/zacharyzhang/Documents/GitHub/Earthcall/src/ConstructedBeing/Object/Object/ObjectTypes.hpp:17:5: note: did you mean struct here?
   17 |     class SmoothSurfaceData;
      |     ^~~~~
      |     struct
In file included from /Users/zacharyzhang/Documents/GitHub/Earthcall/src/OurVerse/ElementalToolHandler.cpp:1:
In file included from /Users/zacharyzhang/Documents/GitHub/Earthcall/src/OurVerse/ElementalToolHandler.hpp:3:
In file included from /Users/zacharyzhang/Documents/GitHub/Earthcall/src/ZonesOfEarth/ZoneManager.hpp:5:
In file included from /Users/zacharyzhang/Documents/GitHub/Earthcall/src/ZonesOfEarth/Zone/Zone.hpp:5:
In file included from /Users/zacharyzhang/Documents/GitHub/Earthcall/src/ZonesOfEarth/Zone/../World/World.hpp:5:
In file included from /Users/zacharyzhang/Documents/GitHub/Earthcall/src/ConstructedBeing/Object/Object.hpp:36:
In file included from /Users/zacharyzhang/Documents/GitHub/Earthcall/src/ConstructedBeing/Object/Object/FaceTexture.hpp:3:
/Users/zacharyzhang/Documents/GitHub/Earthcall/src/Rendering/Renderer.hpp:10:18: warning: struct 'SdfNode' was previously declared as a class; this is valid, but may result in linker errors under the Microsoft C++ ABI [-Wmismatched-tags]
   10 | namespace geom { struct SdfNode; class FieldNode; }
      |                  ^
/Users/zacharyzhang/Documents/GitHub/Earthcall/src/ConstructedBeing/Object/Object/ObjectTypes.hpp:19:11: note: previous use is here
   19 |     class SdfNode;
      |           ^
In file included from /Users/zacharyzhang/Documents/GitHub/Earthcall/src/OurVerse/Tool.cpp:1:
In file included from /Users/zacharyzhang/Documents/GitHub/Earthcall/src/OurVerse/Tool.hpp:5:
In file included from /Users/zacharyzhang/Documents/GitHub/Earthcall/src/ConstructedBeing/Object/Object.hpp:41:
/Users/zacharyzhang/Documents/GitHub/Earthcall/src/ConstructedBeing/Object/Geometry/Patch.hpp:16:1: warning: 'BezierPatch' defined as a struct here but previously declared as a class; this is valid, but may result in linker errors under the Microsoft C++ ABI [-Wmismatched-tags]
   16 | struct BezierPatch {
      | ^
/Users/zacharyzhang/Documents/GitHub/Earthcall/src/ConstructedBeing/Object/Object/ObjectTypes.hpp:21:5: note: did you mean struct here?
   21 |     class BezierPatch;
      |     ^~~~~
      |     struct
In file included from /Users/zacharyzhang/Documents/GitHub/Earthcall/src/Singularity/Core/EngineInit.cpp:7:
In file included from /Users/zacharyzhang/Documents/GitHub/Earthcall/src/ConstructedBeing/Object/Object.hpp:36:
In file included from /Users/zacharyzhang/Documents/GitHub/Earthcall/src/ConstructedBeing/Object/Object/FaceTexture.hpp:3:
In file included from /Users/zacharyzhang/Documents/GitHub/Earthcall/src/Rendering/Renderer.hpp:4:
/Users/zacharyzhang/Documents/GitHub/Earthcall/src/ConstructedBeing/Object/Geometry/SmoothSurface.hpp:23:1: warning: 'TessMesh' defined as a struct here but previously declared as a class; this is valid, but may result in linker errors under the Microsoft C++ ABI [-Wmismatched-tags]
   23 | struct TessMesh {
      | ^
/Users/zacharyzhang/Documents/GitHub/Earthcall/src/ConstructedBeing/Object/Object/ObjectTypes.hpp:20:5: note: did you mean struct here?
   20 |     class TessMesh;
      |     ^~~~~
      |     struct
In file included from /Users/zacharyzhang/Documents/GitHub/Earthcall/src/Singularity/Core/EngineInit.cpp:7:
In file included from /Users/zacharyzhang/Documents/GitHub/Earthcall/src/ConstructedBeing/Object/Object.hpp:36:
In file included from /Users/zacharyzhang/Documents/GitHub/Earthcall/src/ConstructedBeing/Object/Object/FaceTexture.hpp:3:
In file included from /Users/zacharyzhang/Documents/GitHub/Earthcall/src/Rendering/Renderer.hpp:4:
/Users/zacharyzhang/Documents/GitHub/Earthcall/src/ConstructedBeing/Object/Geometry/SmoothSurface.hpp:27:1: warning: 'SmoothSurfaceData' defined as a struct here but previously declared as a class; this is valid, but may result in linker errors under the Microsoft C++ ABI [-Wmismatched-tags]
   27 | struct SmoothSurfaceData {
      | ^
/Users/zacharyzhang/Documents/GitHub/Earthcall/src/ConstructedBeing/Object/Object/ObjectTypes.hpp:17:5: note: did you mean struct here?
   17 |     class SmoothSurfaceData;
      |     ^~~~~
      |     struct
In file included from /Users/zacharyzhang/Documents/GitHub/Earthcall/src/Singularity/Core/EngineInit.cpp:7:
In file included from /Users/zacharyzhang/Documents/GitHub/Earthcall/src/ConstructedBeing/Object/Object.hpp:36:
In file included from /Users/zacharyzhang/Documents/GitHub/Earthcall/src/ConstructedBeing/Object/Object/FaceTexture.hpp:3:
/Users/zacharyzhang/Documents/GitHub/Earthcall/src/Rendering/Renderer.hpp:10:18: warning: struct 'SdfNode' was previously declared as a class; this is valid, but may result in linker errors under the Microsoft C++ ABI [-Wmismatched-tags]
   10 | namespace geom { struct SdfNode; class FieldNode; }
      |                  ^
/Users/zacharyzhang/Documents/GitHub/Earthcall/src/ConstructedBeing/Object/Object/ObjectTypes.hpp:19:11: note: previous use is here
   19 |     class SdfNode;
      |           ^
In file included from /Users/zacharyzhang/Documents/GitHub/Earthcall/src/OurVerse/ElementalToolHandler.cpp:1:
In file included from /Users/zacharyzhang/Documents/GitHub/Earthcall/src/OurVerse/ElementalToolHandler.hpp:3:
In file included from /Users/zacharyzhang/Documents/GitHub/Earthcall/src/ZonesOfEarth/ZoneManager.hpp:5:
In file included from /Users/zacharyzhang/Documents/GitHub/Earthcall/src/ZonesOfEarth/Zone/Zone.hpp:5:
In file included from /Users/zacharyzhang/Documents/GitHub/Earthcall/src/ZonesOfEarth/Zone/../World/World.hpp:5:
In file included from /Users/zacharyzhang/Documents/GitHub/Earthcall/src/ConstructedBeing/Object/Object.hpp:39:
/Users/zacharyzhang/Documents/GitHub/Earthcall/src/ConstructedBeing/Object/Geometry/ComplexShape.hpp:70:1: warning: 'ComplexShapeData' defined as a struct here but previously declared as a class; this is valid, but may result in linker errors under the Microsoft C++ ABI [-Wmismatched-tags]
   70 | struct ComplexShapeData {
      | ^
/Users/zacharyzhang/Documents/GitHub/Earthcall/src/ConstructedBeing/Object/Object/ObjectTypes.hpp:18:5: note: did you mean struct here?
   18 |     class ComplexShapeData;
      |     ^~~~~
      |     struct
In file included from /Users/zacharyzhang/Documents/GitHub/Earthcall/src/OurVerse/ElementalToolHandler.cpp:1:
In file included from /Users/zacharyzhang/Documents/GitHub/Earthcall/src/OurVerse/ElementalToolHandler.hpp:3:
In file included from /Users/zacharyzhang/Documents/GitHub/Earthcall/src/ZonesOfEarth/ZoneManager.hpp:5:
In file included from /Users/zacharyzhang/Documents/GitHub/Earthcall/src/ZonesOfEarth/Zone/Zone.hpp:5:
In file included from /Users/zacharyzhang/Documents/GitHub/Earthcall/src/ZonesOfEarth/Zone/../World/World.hpp:5:
In file included from /Users/zacharyzhang/Documents/GitHub/Earthcall/src/ConstructedBeing/Object/Object.hpp:40:
/Users/zacharyzhang/Documents/GitHub/Earthcall/src/ConstructedBeing/Object/Geometry/Sdf.hpp:46:1: warning: 'SdfNode' defined as a struct here but previously declared as a class; this is valid, but may result in linker errors under the Microsoft C++ ABI [-Wmismatched-tags]
   46 | struct SdfNode {
      | ^
/Users/zacharyzhang/Documents/GitHub/Earthcall/src/ConstructedBeing/Object/Object/ObjectTypes.hpp:19:5: note: did you mean struct here?
   19 |     class SdfNode;
      |     ^~~~~
      |     struct
In file included from /Users/zacharyzhang/Documents/GitHub/Earthcall/src/Singularity/Core/EngineInit.cpp:7:
In file included from /Users/zacharyzhang/Documents/GitHub/Earthcall/src/ConstructedBeing/Object/Object.hppIn file included from /Users/zacharyzhang/Documents/GitHub/Earthcall/src/OurVerse/CursorTools.cpp:5:
In file included from /Users/zacharyzhang/Documents/GitHub/Earthcall/src/ZonesOfEarth/ZoneManager.hpp:5:
In file included from /Users/zacharyzhang/Documents/GitHub/Earthcall/src/ZonesOfEarth/Zone/Zone.hpp:5::
In file included from /Users/zacharyzhang/Documents/GitHub/Earthcall/src/ZonesOfEarth/Zone/../World/World.hpp39:
/Users/zacharyzhang/Documents/GitHub/Earthcall/src/ConstructedBeing/Object/Geometry/ComplexShape.hpp:70::1: warning: 'ComplexShapeData' defined as a struct here but previously declared as a class; this is valid, but may result in linker errors under the Microsoft C++ ABI [-Wmismatched-tags]
5:
In file included from    70 | /Users/zacharyzhang/Documents/GitHub/Earthcall/src/ConstructedBeing/Object/Object.hpp:str35:
/Users/zacharyzhang/Documents/GitHub/Earthcall/src/ConstructedBeing/Object/Object/PolyhedronData.hpp:12:1: warning: 'PolyhedronData' defined as a struct here but previously declared as a class; this is valid, but may result in linker errors under the Microsoft C++ ABI [-Wmismatched-tags]
   12 | struct PolyhedronData {
      | ^
uct ComplexShapeData {
/Users/zacharyzhang/Documents/GitHub/Earthcall/src/ConstructedBeing/Object/Object/ObjectTypes.hpp:24:1: note: did you mean struct here?
      | ^
   24 | class Pol/Users/zacharyzhang/Documents/GitHub/Earthcall/src/ConstructedBeing/Object/Object/ObjectTypes.hpp:18:5: note: yhedronData;did you mean struct here?

      | ^~~~~
      | struct
   18 |     class ComplexShapeData;
      |     ^~~~~
      |     struct
In file included from /Users/zacharyzhang/Documents/GitHub/Earthcall/src/Singularity/Core/EngineInit.cpp:7:
In file included from /Users/zacharyzhang/Documents/GitHub/Earthcall/src/ConstructedBeing/Object/Object.hpp:40:
/Users/zacharyzhang/Documents/GitHub/Earthcall/src/ConstructedBeing/Object/Geometry/Sdf.hpp:46:1: warning: 'SdfNode' defined as a struct here but previously declared as a class; this is valid, but may result in linker errors under the Microsoft C++ ABI [-Wmismatched-tags]
   46 | struct SdfNode {
      | ^
/Users/zacharyzhang/Documents/GitHub/Earthcall/src/ConstructedBeing/Object/Object/ObjectTypes.hpp:19:5: note: did you mean struct here?
   19 |     class SdfNode;
      |     ^~~~~
      |     struct
In file included from /Users/zacharyzhang/Documents/GitHub/Earthcall/src/OurVerse/ElementalToolHandler.cpp:1:
In file included from /Users/zacharyzhang/Documents/GitHub/Earthcall/src/OurVerse/ElementalToolHandler.hpp:3:
In file included from /Users/zacharyzhang/Documents/GitHub/Earthcall/src/ZonesOfEarth/ZoneManager.hpp:5:
In file included from /Users/zacharyzhang/Documents/GitHub/Earthcall/src/ZonesOfEarth/Zone/Zone.hpp:5:
In file included from /Users/zacharyzhang/Documents/GitHub/Earthcall/src/ZonesOfEarth/Zone/../World/World.hpp:5:
In file included from /Users/zacharyzhang/Documents/GitHub/Earthcall/src/ConstructedBeing/Object/Object.hpp:41:
/Users/zacharyzhang/Documents/GitHub/Earthcall/src/ConstructedBeing/Object/Geometry/Patch.hpp:16:1: warning: 'BezierPatch' defined as a struct here but previously declared as a class; this is valid, but may result in linker errors under the Microsoft C++ ABI [-Wmismatched-tags]
   16 | struct BezierPatch {
      | ^
/Users/zacharyzhang/Documents/GitHub/Earthcall/src/ConstructedBeing/Object/Object/ObjectTypes.hpp:21:5: note: did you mean struct here?
   21 |     class BezierPatch;
      |     ^~~~~
      |     struct
In file included from /Users/zacharyzhang/Documents/GitHub/Earthcall/src/Singularity/Core/EngineInit.cpp:7:
In file included from /Users/zacharyzhang/Documents/GitHub/Earthcall/src/ConstructedBeing/Object/Object.hpp:41:
/Users/zacharyzhang/Documents/GitHub/Earthcall/src/ConstructedBeing/Object/Geometry/Patch.hpp:16:1: warning: 'BezierPatch' defined as a struct here but previously declared as a class; this is valid, but may result in linker errors under the Microsoft C++ ABI [-Wmismatched-tags]
   16 | struct BezierPatch {
      | ^
/Users/zacharyzhang/Documents/GitHub/Earthcall/src/ConstructedBeing/Object/Object/ObjectTypes.hpp:21:5: note: did you mean struct here?
   21 |     class BezierPatch;
      |     ^~~~~
      |     struct
In file included from /Users/zacharyzhang/Documents/GitHub/Earthcall/src/OurVerse/Tool.cpp:2:
/Users/zacharyzhang/Documents/GitHub/Earthcall/src/Singularity/Core/Engine.hpp:63:51: error: use of undeclared identifier '_dragStart'
   63 |     glm::vec2 get2DToolDragStart() const { return _dragStart; }
      |                                                   ^~~~~~~~~~
In file included from /Users/zacharyzhang/Documents/GitHub/Earthcall/src/OurVerse/CursorTools.cpp:5:
In file included from /Users/zacharyzhang/Documents/GitHub/Earthcall/src/ZonesOfEarth/ZoneManager.hpp:5:
In file included from /Users/zacharyzhang/Documents/GitHub/Earthcall/src/ZonesOfEarth/Zone/Zone.hpp:5:
In file included from /Users/zacharyzhang/Documents/GitHub/Earthcall/src/ZonesOfEarth/Zone/../World/World.hpp:5:
In file included from /Users/zacharyzhang/Documents/GitHub/Earthcall/src/ConstructedBeing/Object/Object.hpp:36:
In file included from /Users/zacharyzhang/Documents/GitHub/Earthcall/src/ConstructedBeing/Object/Object/FaceTexture.hpp:3:
In file included from /Users/zacharyzhang/Documents/GitHub/Earthcall/src/Rendering/Renderer.hpp:4:
/Users/zacharyzhang/Documents/GitHub/Earthcall/src/ConstructedBeing/Object/Geometry/SmoothSurface.hpp:23:1: warning: 'TessMesh' defined as a struct here but previously declared as a class; this is valid, but may result in linker errors under the Microsoft C++ ABI [-Wmismatched-tags]
   23 | struct TessMesh {
      | ^
/Users/zacharyzhang/Documents/GitHub/Earthcall/src/ConstructedBeing/Object/Object/ObjectTypes.hpp:20:5: note: did you mean struct here?
   20 |     class TessMesh;
      |     ^~~~~
      |     struct
/Users/zacharyzhang/Documents/GitHub/Earthcall/src/Singularity/Core/EngineGame.cpp:26:9: error: a type specifier is required for all declarations
   26 | Engine::Game()
      |         ^
/Users/zacharyzhang/Documents/GitHub/Earthcall/src/Singularity/Core/EngineGame.cpp:27:5: error: only constructors take base initializers
   27 |     : _elementalToolHandler(&mgr) {}
      |     ^
/Users/zacharyzhang/Documents/GitHub/Earthcall/src/Singularity/Core/EngineGame.cpp:29:10: error: identifier 'Game' after '~' in destructor name does not name a type
   29 | Engine::~Game() {
      |          ^~~~
      |          Engine
/Users/zacharyzhang/Documents/GitHub/Earthcall/src/Singularity/Core/EngineGame.cpp:26:9: note: non-type declaration found by destructor name lookup
   26 | Engine::Game()
      |         ^
In file included from /Users/zacharyzhang/Documents/GitHub/Earthcall/src/OurVerse/CursorTools.cpp:5:
In file included from /Users/zacharyzhang/Documents/GitHub/Earthcall/src/ZonesOfEarth/ZoneManager.hpp:5:
In file included from /Users/zacharyzhang/Documents/GitHub/Earthcall/src/ZonesOfEarth/Zone/Zone.hpp:5:
In file included from /Users/zacharyzhang/Documents/GitHub/Earthcall/src/ZonesOfEarth/Zone/../World/World.hpp:5:
In file included from /Users/zacharyzhang/Documents/GitHub/Earthcall/src/ConstructedBeing/Object/Object.hpp:36:
In file included from /Users/zacharyzhang/Documents/GitHub/Earthcall/src/ConstructedBeing/Object/Object/FaceTexture.hpp:3:
In file included from /Users/zacharyzhang/Documents/GitHub/Earthcall/src/Rendering/Renderer.hpp:4:
/Users/zacharyzhang/Documents/GitHub/Earthcall/src/ConstructedBeing/Object/Geometry/SmoothSurface.hpp:27:1: warning: 'SmoothSurfaceData' defined as a struct here but previously declared as a class; this is valid, but may result in linker errors under the Microsoft C++ ABI [-Wmismatched-tags]
   27 | struct SmoothSurfaceData {
      | ^
/Users/zacharyzhang/Documents/GitHub/Earthcall/src/ConstructedBeing/Object/Object/ObjectTypes.hpp:17:5: note: did you mean struct here?
   17 |     class SmoothSurfaceData;
      |     ^~~~~
      |     struct
In file included from /Users/zacharyzhang/Documents/GitHub/Earthcall/src/OurVerse/CursorTools.cpp:5:
In file included from /Users/zacharyzhang/Documents/GitHub/Earthcall/src/ZonesOfEarth/ZoneManager.hpp:5:
In file included from /Users/zacharyzhang/Documents/GitHub/Earthcall/src/ZonesOfEarth/Zone/Zone.hpp:5:
In file included from /Users/zacharyzhang/Documents/GitHub/Earthcall/src/ZonesOfEarth/Zone/../World/World.hpp:5:
In file included from /Users/zacharyzhang/Documents/GitHub/Earthcall/src/ConstructedBeing/Object/Object.hpp:36:
In file included from /Users/zacharyzhang/Documents/GitHub/Earthcall/src/ConstructedBeing/Object/Object/FaceTexture.hpp:3:
/Users/zacharyzhang/Documents/GitHub/Earthcall/src/Rendering/Renderer.hpp:10:18: warning: struct 'SdfNode' was previously declared as a class; this is valid, but may result in linker errors under the Microsoft C++ ABI [-Wmismatched-tags]
   10 | namespace geom { struct SdfNode; class FieldNode; }
      |                  ^
/Users/zacharyzhang/Documents/GitHub/Earthcall/src/ConstructedBeing/Object/Object/ObjectTypes.hpp:19:11: note: previous use is here
   19 |     class SdfNode;
      |           ^
/Users/zacharyzhang/Documents/GitHub/Earthcall/src/Singularity/Core/Engine.hpp:64:44: error: use of undeclared identifier '_dragCurrent'
   64 |     void update2DToolDrag(glm::vec2 pos) { _dragCurrent = pos; }
      |                                            ^~~~~~~~~~~~
/Users/zacharyzhang/Documents/GitHub/Earthcall/src/Singularity/Core/EngineGame.cpp:41:5: error: use of undeclared identifier 'saveStateWithLog'
   41 |     saveStateWithLog();
      |     ^~~~~~~~~~~~~~~~
/Users/zacharyzhang/Documents/GitHub/Earthcall/src/Singularity/Core/EngineGame.cpp:46:14: error: redefinition of 'getAdvanced2DBrush'
   46 | bool Engine::getAdvanced2DBrush() const {
      |              ^
/Users/zacharyzhang/Documents/GitHub/Earthcall/src/Singularity/Core/Engine.hpp:58:10: note: previous definition is here
   58 |     bool getAdvanced2DBrush() const { return true; }
      |          ^
In file included from /Users/zacharyzhang/Documents/GitHub/Earthcall/src/OurVerse/CursorTools.cpp:5:
In file included from /Users/zacharyzhang/Documents/GitHub/Earthcall/src/ZonesOfEarth/ZoneManager.hpp:5:
In file included from /Users/zacharyzhang/Documents/GitHub/Earthcall/src/ZonesOfEarth/Zone/Zone.hpp:5:
In file included from /Users/zacharyzhang/Documents/GitHub/Earthcall/src/ZonesOfEarth/Zone/../World/World.hpp:5:
In file included from /Users/zacharyzhang/Documents/GitHub/Earthcall/src/ConstructedBeing/Object/Object.hpp:39:
/Users/zacharyzhang/Documents/GitHub/Earthcall/src/ConstructedBeing/Object/Geometry/ComplexShape.hpp:70:1: warning: 'ComplexShapeData' defined as a struct here but previously declared as a class; this is valid, but may result in linker errors under the Microsoft C++ ABI [-Wmismatched-tags]
   70 | struct ComplexShapeData {
      | ^
/Users/zacharyzhang/Documents/GitHub/Earthcall/src/ConstructedBeing/Object/Object/ObjectTypes.hpp:18:5: note: did you mean struct here?
   18 |     class ComplexShapeData;
      |     ^~~~~
      |     struct
/Users/zacharyzhang/Documents/GitHub/Earthcall/src/Singularity/Core/EngineGame.cpp:47:12: error: use of undeclared identifier '_brush'
   47 |     return _brush.useAdvanced2D;
      |            ^~~~~~
In file included from /Users/zacharyzhang/Documents/GitHub/Earthcall/src/OurVerse/CursorTools.cpp:5:
In file included from /Users/zacharyzhang/Documents/GitHub/Earthcall/src/ZonesOfEarth/ZoneManager.hpp:5:
In file included from /Users/zacharyzhang/Documents/GitHub/Earthcall/src/ZonesOfEarth/Zone/Zone.hpp:5:
In file included from /Users/zacharyzhang/Documents/GitHub/Earthcall/src/ZonesOfEarth/Zone/../World/World.hpp:5:
In file included from /Users/zacharyzhang/Documents/GitHub/Earthcall/src/ConstructedBeing/Object/Object.hpp:40:
/Users/zacharyzhang/Documents/GitHub/Earthcall/src/ConstructedBeing/Object/Geometry/Sdf.hpp:46:1: warning: 'SdfNode' defined as a struct here but previously declared as a class; this is valid, but may result in linker errors under the Microsoft C++ ABI [-Wmismatched-tags]
   46 | struct SdfNode {
      | ^
/Users/zacharyzhang/Documents/GitHub/Earthcall/src/ConstructedBeing/Object/Object/ObjectTypes.hpp:19:5: note: did you mean struct here?
   19 |     class SdfNode;
      |     ^~~~~
      |     struct
/Users/zacharyzhang/Documents/GitHub/Earthcall/src/Singularity/Core/Engine.hpp:65:98: error: use of undeclared identifier '_dragStart'
   65 |     template<typename T> void begin2DToolDrag(T type, glm::vec2 pos) { _is2DToolDragging = true; _dragStart = pos; _dragCurrent = pos; }
      |                                                                                                  ^~~~~~~~~~
/Users/zacharyzhang/Documents/GitHub/Earthcall/src/Singularity/Core/Engine.hpp:65:116: error: use of undeclared identifier '_dragCurrent'
   65 |     template<typename T> void begin2DToolDrag(T type, glm::ve/Users/zacharyzhang/Documents/GitHub/Earthcall/src/Singularity/Core/EngineGame.cpp:50:14: error: out-of-line definition of 'setAdvanced2DBrush' does not match any declaration in 'Core::Engine'
   50 | void Engine::setAdvanced2DBrush(bool value) {
      |              ^~~~~~~~~~~~~~~~~~
/Users/zacharyzhang/Documents/GitHub/Earthcall/src/Singularity/Core/Engine.hpp:34:7: note: Engine defined here
   34 | class Engine {
      |       ^~~~~~
c2 pos) { _is2DToolDragging = true; _dragStart = pos; _dragCurrent = pos; }
      |                                                                                                                    ^~~~~~~~~~~~
/Users/zacharyzhang/Documents/GitHub/Earthcall/src/Singularity/Core/Engine.hpp:65:49: warning: unused parameter 'type' [-Wunused-parameter]
   65 |     template<typename T> void begin2DToolDrag(T type, glm::vec2 pos) { _is2DToolDragging = true; _dragStart = pos; _dragCurrent = pos; }
      |                                                 ^
/Users/zacharyzhang/Documents/GitHub/Earthcall/src/Singularity/Core/Engine.hpp:67:50: warning: unused parameter 'type' [-Wunused-parameter]
   67In file included from /Users/zacharyzhang/Documents/GitHub/Earthcall/src/OurVerse/CursorTools.cpp:5:
In file included from /Users/zacharyzhang/Documents/GitHub/Earthcall/src/ZonesOfEarth/ZoneManager.hpp:5:
In file included from /Users/zacharyzhang/Documents/GitHub/Earthcall/src/ZonesOfEarth/Zone/Zone.hpp:5:
In file included from /Users/zacharyzhang/Documents/GitHub/Earthcall/src/ZonesOfEarth/Zone/../World/World.hpp:5:
In file included from /Users/zacharyzhang/Documents/GitHub/Earthcall/src/ConstructedBeing/Object/Object.hpp:41 |     template<typename T> bool is2DToolDragging(T type) const { return _is2DToolDragging; }
      |                                                  ^
:
/Users/zacharyzhang/Documents/GitHub/Earthcall/src/ConstructedBeing/Object/Geometry/Patch.hpp:16:1: warning: 'BezierPatch' defined as a struct here but previously declared as a class; this is valid, but may result in linker errors under the Microsoft C++ ABI [-Wmismatched-tags]
   16 | struct BezierPatch {
      | ^
/Users/zacharyzhang/Documents/GitHub/Earthcall/src/ConstructedBeing/Object/Object/ObjectTypes.hpp:21:5: note: did you mean struct here?
   21 |     class BezierPatch;
      |     ^~~~~
      |     struct
/Users/zacharyzhang/Documents/GitHub/Earthcall/src/Singularity/Core/EngineGame.cpp:51:5: error: use of undeclared identifier '_brush'
   51 |     _brush.useAdvanced2D = value;
      |     ^~~~~~
/Users/zacharyzhang/Documents/GitHub/Earthcall/src/Singularity/Core/EngineGame.cpp:54:14: error: redefinition of 'getUseLegacy2DTools'
   54 | bool Engine::getUseLegacy2DTools() const {
      |              ^
/Users/zacharyzhang/Documents/GitHub/Earthcall/src/Singularity/Core/Engine.hpp:68:10: note: previous definition is here
   68 |     bool getUseLegacy2DTools() const { return _useLegacy2DTools; }
      |          ^
/Users/zacharyzhang/Documents/GitHub/Earthcall/src/Singularity/Core/Engine.hpp:68:47: error: use of undeclared identifier '_useLegacy2DTools'; did you mean 'getUseLegacy2DTools'?
   68 |     bool getUseLegacy2DTools() const { return _useLegacy2DTools; }
      |                                               ^~~~~~~~~~~~~~~~~
      |                                               getUseLegacy2DTools
/Users/zacharyzhang/Documents/GitHub/Earthcall/src/Singularity/Core/Engine.hpp:68:10: note: 'getUseLegacy2DTools' declared here
   68 |     bool getUseLegacy2DTools() const { return _useLegacy2DTools; }
      |          ^
/Users/zacharyzhang/Documents/GitHub/Earthcall/src/Singularity/Core/Engine.hpp:68:47: error: reference to non-static member function must be called; did you mean to call it with no arguments?
   68 |     bool getUseLegacy2DTools() const { return _useLegacy2DTools; }
      |                                               ^~~~~~~~~~~~~~~~~
      |                                                                ()
/Users/zacharyzhang/Documents/GitHub/Earthcall/src/Singularity/Core/Engine.hpp:69:30: warning: unused parameter 'index' [-Wunused-parameter]
   69 |     void setCurrentColor(int index, float val) {} // dummy for now
      |                              ^
/Users/zacharyzhang/Documents/GitHub/Earthcall/src/Singularity/Core/Engine.hpp:69:43: warning: unused parameter 'val' [-Wunused-parameter]
   69 |     void setCurrentColor(int index, float val) {} // dummy for now
      |                                           ^
/Users/zacharyzhang/Documents/GitHub/Earthcall/src/Singularity/Core/EngineGame.cpp:55:12: error: use of undeclared identifier '_useLegacy2DTools'; did you mean 'getUseLegacy2DTools'?
   55 |     return _useLegacy2DTools;
      |            ^~~~~~~~~~~~~~~~~
      |            getUseLegacy2DTools
/Users/zacharyzhang/Documents/GitHub/Earthcall/src/Singularity/Core/EngineGame.cpp:54:14: note: 'getUseLegacy2DTools' declared here
   54 | bool Engine::getUseLegacy2DTools() const {
      |              ^
/Users/zacharyzhang/Documents/GitHub/Earthcall/src/Singularity/Core/EngineGame.cpp:58:14: error: out-of-line definition of 'setUseLegacy2DTools' does not match any declaration in 'Core::Engine'
   58 | void Engine::setUseLegacy2DTools(bool value) {
      |              ^~~~~~~~~~~~~~~~~~~
/Users/zacharyzhang/Documents/GitHub/Earthcall/src/Singularity/Core/Engine.hpp:34:7: note: Engine defined here
   34 | class Engine {
      |       ^~~~~~
/Users/zacharyzhang/Documents/GitHub/Earthcall/src/Singularity/Core/EngineGame.cpp:59:5: error: use of undeclared identifier '_useLegacy2DTools'
   59 |     _useLegacy2DTools = value;
      |     ^~~~~~~~~~~~~~~~~
/Users/zacharyzhang/Documents/GitHub/Earthcall/src/Singularity/Core/EngineGame.cpp:62:14: error: out-of-line definition of 'getMouseLeftPressedLast' does not match any declaration in 'Core::Engine'
   62 | bool Engine::getMouseLeftPressedLast() const {
      |              ^~~~~~~~~~~~~~~~~~~~~~~
/Users/zacharyzhang/Documents/GitHub/Earthcall/src/Singularity/Core/Engine.hpp:34:7: note: Engine defined here
   34 | class Engine {
      |       ^~~~~~
fatal error: too many errors emitted, stopping now [-ferror-limit=]
11 warnings and 20 errors generated.
make[3]: *** [CMakeFiles/earthcall_core.dir/src/Singularity/Core/EngineGame.cpp.o] Error 1
/Users/zacharyzhang/Documents/GitHub/Earthcall/src/OurVerse/Tool.cpp:238:40: error: member access into incomplete type 'Camera'
  238 |     const int* vp = engine->getCamera()->getViewport();
      |                                        ^
/Users/zacharyzhang/Documents/GitHub/Earthcall/src/Singularity/Core/Engine.hpp:8:7: note: forward declaration of 'Camera'
    8 | class Camera;
      |       ^
/Users/zacharyzhang/Documents/GitHub/Earthcall/src/OurVerse/Tool.cpp:262:57: error: member access into incomplete type 'Camera'
  262 |     ecgl::unProject(winX, winY, 0.0, engine->getCamera()->getModelview(), engine->getCamera()->getProjection(),
      |                                                         ^
/Users/zacharyzhang/Documents/GitHub/Earthcall/src/Singularity/Core/Engine.hpp:8:7: note: forward declaration of 'Camera'
    8 | class Camera;
      |       ^
/Users/zacharyzhang/Documents/GitHub/Earthcall/src/OurVerse/Tool.cpp:262:94: error: member access into incomplete type 'Camera'
  262 |     ecgl::unProject(winX, winY, 0.0, engine->getCamera()->getModelview(), engine->getCamera()->getProjection(),
      |                                                                                              ^
/Users/zacharyzhang/Documents/GitHub/Earthcall/src/Singularity/Core/Engine.hpp:8:7: note: forward declaration of 'Camera'
    8 | class Camera;
      |       ^
/Users/zacharyzhang/Documents/GitHub/Earthcall/src/OurVerse/Tool.cpp:263:37: error: member access into incomplete type 'Camera'
  263 |                  engine->getCamera()->getViewport(), &nearX, &nearY, &nearZ);
      |                                     ^
/Users/zacharyzhang/Documents/GitHub/Earthcall/src/Singularity/Core/Engine.hpp:8:7: note: forward declaration of 'Camera'
    8 | class Camera;
      |       ^
/Users/zacharyzhang/Documents/GitHub/Earthcall/src/OurVerse/Tool.cpp:264:57: error: member access into incomplete type 'Camera'
  264 |     ecgl::unProject(winX, winY, 1.0, engine->getCamera()->getModelview(), engine->getCamera()->getProjection(),
      |                                                         ^
/Users/zacharyzhang/Documents/GitHub/Earthcall/src/Singularity/Core/Engine.hpp:8:7: note: forward declaration of 'Camera'
    8 | class Camera;
      |       ^
/Users/zacharyzhang/Documents/GitHub/Earthcall/src/OurVerse/Tool.cpp:264:94: error: member access into incomplete type 'Camera'
  264 |     ecgl::unProject(winX, winY, 1.0, engine->getCamera()->getModelview(), engine->getCamera()->getProjection(),
      |                                                                                              ^
/Users/zacharyzhang/Documents/GitHub/Earthcall/src/Singularity/Core/Engine.hpp:8:7: note: forward declaration of 'Camera'
    8 | class Camera;
      |       ^
/Users/zacharyzhang/Documents/GitHub/Earthcall/src/OurVerse/Tool.cpp:265:37: error: member access into incomplete type 'Camera'
  265 |        In file included from       /Users/zacharyzhang/Documents/GitHub/Earthcall/src/OurVerse/ElementalToolHandler.cpp:4:
    engine->getCamer/Users/zacharyzhang/Documents/GitHub/Earthcall/src/Singularity/Core/Engine.hpp:63:51:a()- error: use of undeclared identifier '_dragStart'
>getViewport(), &farX, &f   63arY, &farZ |   );
      |                                     ^
  glm::/Users/zacharyzhang/Documents/GitHub/Earthcall/src/Singularity/Core/Engine.hpp:8:7: note: forward declaration of 'Camera'
    8 | class Camera;
      |       ^vec2 get2DTo
olDragStart() const { return _dragStart; }
      |                                                   ^~~~~~~~~~
/Users/zacharyzhang/Documents/GitHub/Earthcall/src/Singularity/Core/Engine.hpp:64:44: error: use of undeclared identifier '_dragCurrent'
   64 |     void update2DToolDrag(glm::vec2 pos) { _dragCurrent = pos; }
      |                                            ^~~~~~~~~~~~
/Users/zacharyzhang/Documents/GitHub/Earthcall/src/OurVerse/Tool.cpp:740:50: error: no member named 'get2DToolDragPoints' in 'Core::Engine'
  740 |             const auto& selectionPoints = engine.get2DToolDragPoints();
      |                                           ~~~~~~ ^
/Users/zacharyzhang/Documents/GitHub/Earthcall/src/Singularity/Core/Engine.hpp:65:98: error: use of undeclared identifier '_dragStart'
   65 |     template<typename T> void begin2DToolDrag(T type, glm::vec2 pos) { _is2DToolDragging = true; _dragStart = pos; _dragCurrent = pos; }
      |                                                                                                  ^~~~~~~~~~
/Users/zacharyzhang/Documents/GitHub/Earthcall/src/OurVerse/Tool.cpp:942:34: error: member reference type 'Core::Engine *' is a pointer; did you mean to use '->'?
  942 |         bool firstFrame = !engine.isMouseLeftPressedLast();
      |                            ~~~~~~^
      |                                  ->
/Users/zacharyzhang/Documents/GitHub/Earthcall/src/Singularity/Core/Engine.hpp:65:116: error: use of undeclared identifier '_dragCurrent'
   65 |     template<typename T> void begin2DToolDrag(T type, glm::vec2 pos) { _is2DToolDragging = true; _dragStart = pos; _dragCurrent = pos; }
      |                                                                                                                    ^~~~~~~~~~~~
/Users/zacharyzhang/Documents/GitHub/Earthcall/src/Singularity/Core/Engine.hpp:65:49: warning: unused parameter 'type' [-Wunused-parameter]
   65 |     template<typename T> void begin2DToolDrag(T type, glm::vec2 pos) { _is2DToolDragging = true; _dragStart = pos; _dragCurrent = pos; }
      |                                                 ^
/Users/zacharyzhang/Documents/GitHub/Earthcall/src/Singularity/Core/Engine.hpp:67:50: warning: unused parameter 'type' [-Wunused-parameter]
   67 |     template<typename T> bool is2DToolDragging(T type) const { return _is2DToolDragging; }
      |                                                  ^
/Users/zacharyzhang/Documents/GitHub/Earthcall/src/OurVerse/Tool.cpp:947:35: error: use of undeclared identifier 'game'
  947 |         if (buildMouseRay(window, game, rayO, rayDir) && pickSurface(targets, rayO, rayDir, hit))
      |                                   ^~~~
/Users/zacharyzhang/Documents/GitHub/Earthcall/src/OurVerse/Tool.cpp:954:34: error: no member named 'getCurrentPotteryTool' in 'Core::Engine'
  954 |             float dir = (engine->getCurrentPotteryTool() == Core::PotteryTool::Expand) ? 1.0f : -1.0f;
      |                          ~~~~~~  ^
/Users/zacharyzhang/Documents/GitHub/Earthcall/src/Singularity/Core/Engine.hpp:68:47: error: use of undeclared identifier '_useLegacy2DTools'; did you mean 'getUseLegacy2DTools'?
   68 |     bool getUseLegacy2DTools() const { return _useLegacy2DTools; }
      |                                               ^~~~~~~~~~~~~~~~~
      |                                               getUseLegacy2DTools
/Users/zacharyzhang/Documents/GitHub/Earthcall/src/Singularity/Core/Engine.hpp:68:10: note: 'getUseLegacy2DTools' declared here
   68 |     bool getUseLegacy2DTools() const { return _useLegacy2DTools; }
      |          ^
/Users/zacharyzhang/Documents/GitHub/Earthcall/src/Singularity/Core/Engine.hpp:68:47: error: reference to non-static member function must be called; did you mean to call it with no arguments?
   68 |     bool getUseLegacy2DTools() const { return _useLegacy2DTools; }
      |                                               ^~~~~~~~~~~~~~~~~
      /Users/zacharyzhang/Documents/GitHub/Earthcall/src/OurVerse/Tool.cpp:954:67| : error: no member named 'PotteryTool' in namespace 'Core'
                                                               ()
  954 |             float dir/Users/zacharyzhang/Documents/GitHub/Earthcall/src/Singularity/Core/Engine.hpp:69:30: warning: unused parameter 'index' [-Wunused-parameter]
 = (engine->getCurrentPotteryTool() ==    69 |     void seCtore::PoCurrentColor(int index, ftteloatryTool::Expan val) {} //d) ?  1.0f : -1.0f;
      | dummy for now
      |                              ^
/Users/zacharyzhang/Documents/GitHub/Earthcall/src/Singularity/Core/Engine.hpp:69:43                                                            ~~~~~~^
: warning: unused parameter 'val' [-Wunused-parameter]
   69 |     void setCurrentColor(int index, float val) {} // dummy for now
/Users/zacharyzhang/Documents/GitHub/Earthcall/src/OurVerse/Tool.cpp:955:41: error: no member named 'getPotteryStrength' in 'Core::Engine'
      |                                           ^
  955 |             float delta = dir * engine->getPotteryStrength() * (firstFrame ? 1.0f : dt); // full step on click, smaller continuous after
      |                                 ~~~~~~  ^
fatal error: too many errors emitted, stopping now [-ferror-limit=]
11 warnings and 20 errors generated.
make[3]: *** [CMakeFiles/earthcall_core.dir/src/OurVerse/Tool.cpp.o] Error 1
/Users/zacharyzhang/Documents/GitHub/Earthcall/src/Singularity/Core/EngineInit.cpp:88:16: error: no matching member function for call to 'push_back'
   88 |         beings.push_back(_player.get());
      |         ~~~~~~~^~~~~~~~~
/Library/Developer/CommandLineTools/SDKs/MacOSX.sdk/usr/include/c++/v1/__vector/vector.h:455:60: note: candidate function not viable: cannot convert argument of incomplete type 'pointer' (aka 'Person *') to 'const value_type' (aka 'Singular *const') for 1st argument
  455 |   _LIBCPP_CONSTEXPR_SINCE_CXX20 _LIBCPP_HIDE_FROM_ABI void push_back(const_reference __x) { emplace_back(__x); }
      |                                                            ^         ~~~~~~~~~~~~~~~~~~~
/Library/Developer/CommandLineTools/SDKs/MacOSX.sdk/usr/include/c++/v1/__vector/vector.h:457:60: note: candidate function not viable: cannot convert argument of incomplete type 'pointer' (aka 'Person *') to 'value_type' (aka 'Singular *') for 1st argument
  457 |   _LIBCPP_CONSTEXPR_SINCE_CXX20 _LIBCPP_HIDE_FROM_ABI void push_back(value_type&& __x) { emplace_back(std::move(__x)); }
      |                                                            ^         ~~~~~~~~~~~~~~~~
/Users/zacharyzhang/Documents/GitHub/Earthcall/src/Singularity/Core/EngineInit.cpp:122:31: error: member access into incomplete type 'Person'
  122 |     mgr.ensureHomeZone(_player->getIdentifier());
      |                               ^
/Users/zacharyzhang/Documents/GitHub/Earthcall/src/Singularity/Core/Engine.hpp:7:7: note: forward declaration of 'Person'
    7 | class Person;
      |       ^
/Users/zacharyzhang/Documents/GitHub/Earthcall/src/Singularity/Core/EngineInit.cpp:139:26: error: no member named 'getMainMenu' in 'World'
  139 |     mgr.active().world().getMainMenu().addOption("Resume World", GLFW_KEY_R, [this]() { 
      |     ~~~~~~~~~~~~~~~~~~~~ ^
/Users/zacharyzhang/Documents/GitHub/Earthcall/src/Singularity/Core/EngineInit.cpp:140:30: error: no member named 'getMainMenu' in 'World'
  140 |         mgr.active().world().getMainMenu().close();
      |         ~~~~~~~~~~~~~~~~~~~~ ^
/Users/zacharyzhang/Documents/GitHub/Earthcall/src/Singularity/Core/EngineInit.cpp:141:25: error: member access into incomplete type 'KeyboardHandler'
  141 |         _keyboardHandler->setMenuOpen(false);
      |                         ^
/Users/zacharyzhang/Documents/GitHub/Earthcall/src/Singularity/Core/Engine.hpp:11:7: note: forward declaration of 'KeyboardHandler'
   11 | class KeyboardHandler;
      |       ^
/Users/zacharyzhang/Documents/GitHub/Earthcall/src/Singularity/Core/EngineInit.cpp:142:22: error: member access into incomplete type 'MouseHandler'
  142 |         _mouseHandler->setMenuOpen(false);
      |                      ^
/Users/zacharyzhang/Documents/GitHub/Earthcall/src/Singularity/Core/Engine.hpp:12:7: note: forward declaration of 'MouseHandler'
   12 | class MouseHandler;
      |       ^
/Users/zacharyzhang/Documents/GitHub/Earthcall/src/Singularity/Core/EngineInit.cpp:147:26: error: no member named 'getMainMenu' in 'World'
  147 |     mgr.active().world().getMainMenu().addOption("Quick Save", GLFW_KEY_S, [this]() { mgr.active().world().saveStateWithLog(); });
      |     ~~~~~~~~~~~~~~~~~~~~ ^
/Users/zacharyzhang/Documents/GitHub/Earthcall/src/Singularity/Core/EngineInit.cpp:147:108: error: no member named 'saveStateWithLog' in 'World'
  147 |     mgr.active().world().getMainMenu().addOption("Quick Save", GLFW_KEY_S, [this]() { mgr.active().world().saveStateWithLog(); });
      |                                                                                       ~~~~~~~~~~~~~~~~~~~~ ^
/Users/zacharyzhang/Documents/GitHub/Earthcall/src/Singularity/Core/EngineInit.cpp:147:77: warning: lambda capture 'this' is not used [-Wunused-lambda-capture]
  147 |     mgr.active().world().getMainMenu().addOption("Quick Save", GLFW_KEY_S, [this]() { mgr.active().world().saveStateWithLog(); });
      |                                                                             ^~~~
/Users/zacharyzhang/Documents/GitHub/Earthcall/src/Singularity/Core/EngineInit.cpp:148:26: error: no member named 'getMainMenu' in 'World'
  148 |     mgr.active().world().getMainMenu().addOption("Save As...", GLFW_KEY_A, [this]() { mgr.getSaveLoadState().showSaveWindow = true; });
      |     ~~~~~~~~~~~~~~~~~~~~ ^
/Users/zacharyzhang/Documents/GitHub/Earthcall/src/Singularity/Core/EngineInit.cpp:148:77: warning: lambda capture 'this' is not used [-Wunused-lambda-capture]
  148 |     mgr.active().world().getMainMenu().addOption("Save As...", GLFW_KEY_A, [this]() { mgr.getSaveLoadState().showSaveWindow = true; });
      |                                                                             ^~~~
/Users/zacharyzhang/Documents/GitHub/Earthcall/src/Singularity/Core/EngineInit.cpp:149:26: error: no member named 'getMainMenu' in 'World'
  149 |     mgr.active().world().getMainMenu().addOption("Load", GLFW_KEY_L, [this]() { mgr.updateSaveFiles(); mgr.getSaveLoadState().showLoadWindow = true; });
      |     ~~~~~~~~~~~~~~~~~~~~ ^
/Users/zacharyzhang/Documents/GitHub/Earthcall/src/Singularity/Core/EngineInit.cpp:149:71: warning: lambda capture 'this' is not used [-Wunused-lambda-capture]
  149 |     mgr.active().world().getMainMenu().addOption("Load", GLFW_KEY_L, [this]() { mgr.updateSaveFiles(); mgr.getSaveLoadState().showLoadWindow = true; });
      |                                                                       ^~~~
/Users/zacharyzhang/Documents/GitHub/Earthcall/src/Singularity/Core/EngineInit.cpp:150:26: error: no member named 'getMainMenu' in 'World'
  150 |     mgr.active().world().getMainMenu().addOption("Save Manager", GLFW_KEY_G, [this]() { mgr.getSaveLoadState().showManager = true; });
      |     ~~~~~~~~~~~~~~~~~~~~ ^
/Users/zacharyzhang/Documents/GitHub/Earthcall/src/Singularity/Core/EngineInit.cpp:150:79: warning: lambda capture 'this' is not used [-Wunused-lambda-capture]
  150 |     mgr.active().world().getMainMenu().addOption("Save Manager", GLFW_KEY_G, [this]() { mgr.getSaveLoadState().showManager = true; });
      |                                                                               ^~~~
/Users/zacharyzhang/Documents/GitHub/Earthcall/src/Singularity/Core/EngineInit.cpp:151:26: error: no member named 'getMainMenu' in 'World'
  151 |     mgr.active().world().getMainMenu().addOption("Toggle Chat", GLFW_KEY_H, [this]() { mgr.active().world().showChatWindow = !mgr.active().world().showChatWindow; });
      |     ~~~~~~~~~~~~~~~~~~~~ ^
/Users/zacharyzhang/Documents/GitHub/Earthcall/src/Singularity/Core/EngineInit.cpp:151:109: error: no member named 'showChatWindow' in 'World'
  151 |     mgr.active().world().getMainMenu().addOption("Toggle Chat", GLFW_KEY_H, [this]() { mgr.active().world().showChatWindow = !mgr.active().world().showChatWindow; });
      |                                                                                        ~~~~~~~~~~~~~~~~~~~~ ^
fatal error: too many errors emitted, stopping now [-ferror-limit=]
15 warnings and 20 errors generated.
make[3]: *** [CMakeFiles/earthcall_core.dir/src/Singularity/Core/EngineInit.cpp.o] Error 1
11 warnings and 6 errors generated.
11 warnings and 6 errors generated.
make[3]: *** [CMakeFiles/earthcall_core.dir/src/OurVerse/ElementalToolHandler.cpp.o] Error 1
make[3]: *** [CMakeFiles/earthcall_core.dir/src/OurVerse/CursorTools.cpp.o] Error 1
In file included from /Users/zacharyzhang/Documents/GitHub/Earthcall/src/Integration/RealWebView.cpp:8:
In file included from /Users/zacharyzhang/Documents/GitHub/Earthcall/src/Integration/../Legacy/DesignSystem.hpp:9:
In file included from /Users/zacharyzhang/Documents/GitHub/Earthcall/src/OurVerse/Tool.hpp:5:
In file included from /Users/zacharyzhang/Documents/GitHub/Earthcall/src/ConstructedBeing/Object/Object.hpp:35:
/Users/zacharyzhang/Documents/GitHub/Earthcall/src/ConstructedBeing/Object/Object/PolyhedronData.hpp:12:1: warning: 'PolyhedronData' defined as a struct here but previously declared as a class; this is valid, but may result in linker errors under the Microsoft C++ ABI [-Wmismatched-tags]
   12 | struct PolyhedronData {
      | ^
/Users/zacharyzhang/Documents/GitHub/Earthcall/src/ConstructedBeing/Object/Object/ObjectTypes.hpp:24:1: note: did you mean struct here?
   24 | class PolyhedronData;
      | ^~~~~
      | struct
In file included from /Users/zacharyzhang/Documents/GitHub/Earthcall/src/Integration/RealWebView.cpp:8:
In file included from /Users/zacharyzhang/Documents/GitHub/Earthcall/src/Integration/../Legacy/DesignSystem.hpp:9:
In file included from /Users/zacharyzhang/Documents/GitHub/Earthcall/src/OurVerse/Tool.hpp:5:
In file included from /Users/zacharyzhang/Documents/GitHub/Earthcall/src/ConstructedBeing/Object/Object.hpp:36:
In file included from /Users/zacharyzhang/Documents/GitHub/Earthcall/src/ConstructedBeing/Object/Object/FaceTexture.hpp:3:
In file included from /Users/zacharyzhang/Documents/GitHub/Earthcall/src/Rendering/Renderer.hpp:4:
/Users/zacharyzhang/Documents/GitHub/Earthcall/src/ConstructedBeing/Object/Geometry/SmoothSurface.hpp:23:1: warning: 'TessMesh' defined as a struct here but previously declared as a class; this is valid, but may result in linker errors under the Microsoft C++ ABI [-Wmismatched-tags]
   23 | struct TessMesh {
      | ^
/Users/zacharyzhang/Documents/GitHub/Earthcall/src/ConstructedBeing/Object/Object/ObjectTypes.hpp:20:5: note: did you mean struct here?
   20 |     class TessMesh;
      |     ^~~~~
      |     struct
In file included from /Users/zacharyzhang/Documents/GitHub/Earthcall/src/Integration/RealWebView.cpp:8:
In file included from /Users/zacharyzhang/Documents/GitHub/Earthcall/src/Integration/../Legacy/DesignSystem.hpp:9:
In file included from /Users/zacharyzhang/Documents/GitHub/Earthcall/src/OurVerse/Tool.hpp:5:
In file included from /Users/zacharyzhang/Documents/GitHub/Earthcall/src/ConstructedBeing/Object/Object.hpp:36:
In file included from /Users/zacharyzhang/Documents/GitHub/Earthcall/src/ConstructedBeing/Object/Object/FaceTexture.hpp:3:
In file included from /Users/zacharyzhang/Documents/GitHub/Earthcall/src/Rendering/Renderer.hpp:4:
/Users/zacharyzhang/Documents/GitHub/Earthcall/src/ConstructedBeing/Object/Geometry/SmoothSurface.hpp:27:1: warning: 'SmoothSurfaceData' defined as a struct here but previously declared as a class; this is valid, but may result in linker errors under the Microsoft C++ ABI [-Wmismatched-tags]
   27 | struct SmoothSurfaceData {
      | ^
/Users/zacharyzhang/Documents/GitHub/Earthcall/src/ConstructedBeing/Object/Object/ObjectTypes.hpp:17:5: note: did you mean struct here?
   17 |     class SmoothSurfaceData;
      |     ^~~~~
      |     struct
In file included from /Users/zacharyzhang/Documents/GitHub/Earthcall/src/Integration/RealWebView.cpp:8:
In file included from /Users/zacharyzhang/Documents/GitHub/Earthcall/src/Integration/../Legacy/DesignSystem.hpp:9:
In file included from /Users/zacharyzhang/Documents/GitHub/Earthcall/src/OurVerse/Tool.hpp:5:
In file included from /Users/zacharyzhang/Documents/GitHub/Earthcall/src/ConstructedBeing/Object/Object.hpp:36:
In file included from /Users/zacharyzhang/Documents/GitHub/Earthcall/src/ConstructedBeing/Object/Object/FaceTexture.hpp:3:
/Users/zacharyzhang/Documents/GitHub/Earthcall/src/Rendering/Renderer.hpp:10:18: warning: struct 'SdfNode' was previously declared as a class; this is valid, but may result in linker errors under the Microsoft C++ ABI [-Wmismatched-tags]
   10 | namespace geom { struct SdfNode; class FieldNode; }
      |                  ^
/Users/zacharyzhang/Documents/GitHub/Earthcall/src/ConstructedBeing/Object/Object/ObjectTypes.hpp:19:11: note: previous use is here
   19 |     class SdfNode;
      |           ^
In file included from /Users/zacharyzhang/Documents/GitHub/Earthcall/src/Integration/RealWebView.cpp:8:
In file included from /Users/zacharyzhang/Documents/GitHub/Earthcall/src/Integration/../Legacy/DesignSystem.hpp:9:
In file included from /Users/zacharyzhang/Documents/GitHub/Earthcall/src/OurVerse/Tool.hpp:5:
In file included from /Users/zacharyzhang/Documents/GitHub/Earthcall/src/ConstructedBeing/Object/Object.hpp:39:
/Users/zacharyzhang/Documents/GitHub/Earthcall/src/ConstructedBeing/Object/Geometry/ComplexShape.hpp:70:1: warning: 'ComplexShapeData' defined as a struct here but previously declared as a class; this is valid, but may result in linker errors under the Microsoft C++ ABI [-Wmismatched-tags]
   70 | struct ComplexShapeData {
      | ^
/Users/zacharyzhang/Documents/GitHub/Earthcall/src/ConstructedBeing/Object/Object/ObjectTypes.hpp:18:5: note: did you mean struct here?
   18 |     class ComplexShapeData;
      |     ^~~~~
      |     struct
In file included from /Users/zacharyzhang/Documents/GitHub/Earthcall/src/Integration/RealWebView.cpp:8:
In file included from /Users/zacharyzhang/Documents/GitHub/Earthcall/src/Integration/../Legacy/DesignSystem.hpp:9:
In file included from /Users/zacharyzhang/Documents/GitHub/Earthcall/src/OurVerse/Tool.hpp:5:
In file included from /Users/zacharyzhang/Documents/GitHub/Earthcall/src/ConstructedBeing/Object/Object.hpp:40:
/Users/zacharyzhang/Documents/GitHub/Earthcall/src/ConstructedBeing/Object/Geometry/Sdf.hpp:46:1: warning: 'SdfNode' defined as a struct here but previously declared as a class; this is valid, but may result in linker errors under the Microsoft C++ ABI [-Wmismatched-tags]
   46 | struct SdfNode {
      | ^
/Users/zacharyzhang/Documents/GitHub/Earthcall/src/ConstructedBeing/Object/Object/ObjectTypes.hpp:19:5: note: did you mean struct here?
   19 |     class SdfNode;
      |     ^~~~~
      |     struct
In file included from /Users/zacharyzhang/Documents/GitHub/Earthcall/src/Integration/RealWebView.cpp:8:
In file included from /Users/zacharyzhang/Documents/GitHub/Earthcall/src/Integration/../Legacy/DesignSystem.hpp:9:
In file included from /Users/zacharyzhang/Documents/GitHub/Earthcall/src/OurVerse/Tool.hpp:5:
In file included from /Users/zacharyzhang/Documents/GitHub/Earthcall/src/ConstructedBeing/Object/Object.hpp:41:
/Users/zacharyzhang/Documents/GitHub/Earthcall/src/ConstructedBeing/Object/Geometry/Patch.hpp:16:1: warning: 'BezierPatch' defined as a struct here but previously declared as a class; this is valid, but may result in linker errors under the Microsoft C++ ABI [-Wmismatched-tags]
   16 | struct BezierPatch {
      | ^
/Users/zacharyzhang/Documents/GitHub/Earthcall/src/ConstructedBeing/Object/Object/ObjectTypes.hpp:21:5: note: did you mean struct here?
   21 |     class BezierPatch;
      |     ^~~~~
      |     struct
In file included from /Users/zacharyzhang/Documents/GitHub/Earthcall/src/Integration/RealWebView.cpp:11:
/Users/zacharyzhang/Documents/GitHub/Earthcall/src/Integration/../Singularity/Core/Engine.hpp:63:51: error: use of undeclared identifier '_dragStart'
   63 |     glm::vec2 get2DToolDragStart() const { return _dragStart; }
      |                                                   ^~~~~~~~~~
/Users/zacharyzhang/Documents/GitHub/Earthcall/src/Integration/../Singularity/Core/Engine.hpp:64:44: error: use of undeclared identifier '_dragCurrent'
   64 |     void update2DToolDrag(glm::vec2 pos) { _dragCurrent = pos; }
      |                                            ^~~~~~~~~~~~
/Users/zacharyzhang/Documents/GitHub/Earthcall/src/Integration/../Singularity/Core/Engine.hpp:65:98: error: use of undeclared identifier '_dragStart'
   65 |     template<typename T> void begin2DToolDrag(T type, glm::vec2 pos) { _is2DToolDragging = true; _dragStart = pos; _dragCurrent = pos; }
      |                                                                                                  ^~~~~~~~~~
/Users/zacharyzhang/Documents/GitHub/Earthcall/src/Integration/../Singularity/Core/Engine.hpp:65:116: error: use of undeclared identifier '_dragCurrent'
   65 |     template<typename T> void begin2DToolDrag(T type, glm::vec2 pos) { _is2DToolDragging = true; _dragStart = pos; _dragCurrent = pos; }
      |                                                                                                                    ^~~~~~~~~~~~
/Users/zacharyzhang/Documents/GitHub/Earthcall/src/Integration/../Singularity/Core/Engine.hpp:65:49: warning: unused parameter 'type' [-Wunused-parameter]
   65 |     template<typename T> void begin2DToolDrag(T type, glm::vec2 pos) { _is2DToolDragging = true; _dragStart = pos; _dragCurrent = pos; }
      |                                                 ^
/Users/zacharyzhang/Documents/GitHub/Earthcall/src/Integration/../Singularity/Core/Engine.hpp:67:50: warning: unused parameter 'type' [-Wunused-parameter]
   67 |     template<typename T> bool is2DToolDragging(T type) const { return _is2DToolDragging; }
      |                                                  ^
/Users/zacharyzhang/Documents/GitHub/Earthcall/src/Integration/../Singularity/Core/Engine.hpp:68:47: error: use of undeclared identifier '_useLegacy2DTools'; did you mean 'getUseLegacy2DTools'?
   68 |     bool getUseLegacy2DTools() const { return _useLegacy2DTools; }
      |                                               ^~~~~~~~~~~~~~~~~
      |                                               getUseLegacy2DTools
/Users/zacharyzhang/Documents/GitHub/Earthcall/src/Integration/../Singularity/Core/Engine.hpp:68:10: note: 'getUseLegacy2DTools' declared here
   68 |     bool getUseLegacy2DTools() const { return _useLegacy2DTools; }
      |          ^
/Users/zacharyzhang/Documents/GitHub/Earthcall/src/Integration/../Singularity/Core/Engine.hpp:68:47: error: reference to non-static member function must be called; did you mean to call it with no arguments?
   68 |     bool getUseLegacy2DTools() const { return _useLegacy2DTools; }
      |                                               ^~~~~~~~~~~~~~~~~
      |                                                                ()
/Users/zacharyzhang/Documents/GitHub/Earthcall/src/Integration/../Singularity/Core/Engine.hpp:69:30: warning: unused parameter 'index' [-Wunused-parameter]
   69 |     void setCurrentColor(int index, float val) {} // dummy for now
      |                              ^
/Users/zacharyzhang/Documents/GitHub/Earthcall/src/Integration/../Singularity/Core/Engine.hpp:69:43: warning: unused parameter 'val' [-Wunused-parameter]
   69 |     void setCurrentColor(int index, float val) {} // dummy for now
      |                                           ^
/Users/zacharyzhang/Documents/GitHub/Earthcall/src/Integration/RealWebView.cpp:76:36: warning: 'javaScriptEnabled' is deprecated: first deprecated in macOS 11.0 - Use WKWebpagePreferences.allowsContentJavaScript to disable content JavaScript on a per-navigation basis [-Wdeprecated-declarations]
   76 |             _webConfig.preferences.javaScriptEnabled = YES;
      |                                    ^
/Library/Developer/CommandLineTools/SDKs/MacOSX.sdk/System/Library/Frameworks/WebKit.framework/Headers/WKPreferences.h:115:28: note: 'javaScriptEnabled' has been explicitly marked deprecated here
  115 | @property (nonatomic) BOOL javaScriptEnabled API_DEPRECATED("Use WKWebpagePreferences.allowsContentJavaScript to disable content JavaScript on a per-navigation basis", macos(10.10, 11.0), ios(8.0, 14.0));
      |                            ^
/Users/zacharyzhang/Documents/GitHub/Earthcall/src/Integration/RealWebView.cpp:100:9: warning: '__weak' only applies to Objective-C object or block pointer types; type here is 'RealWebView *' [-Wignored-attributes]
  100 |         __weak RealWebView* weakSelf = this;
      |         ^
/Users/zacharyzhang/Documents/GitHub/Earthcall/src/Integration/RealWebView.cpp:420:70: warning: unused parameter 'result' [-Wunused-parameter]
  420 |         [_webView evaluateJavaScript:nsScript completionHandler:^(id result, NSError* error) {
      |                                                                      ^
14 warnings and 6 errors generated.
make[3]: *** [CMakeFiles/earthcall_core.dir/src/Integration/RealWebView.cpp.o] Error 1
make[2]: *** [CMakeFiles/earthcall_core.dir/all] Error 2
make[1]: *** [CMakeFiles/earthcall.dir/rule] Error 2
make: *** [earthcall] Error 2
