[  8%] Built target glfw
[  8%] Building CXX object CMakeFiles/earthcall_core.dir/src/OurVerse/CursorTools.cpp.o
[ 10%] Building CXX object CMakeFiles/earthcall_core.dir/src/OurVerse/Controls.cpp.o
[ 10%] Building OBJCXX object CMakeFiles/earthcall_core.dir/src/Integration/RealWebView.cpp.o
[ 10%] Building CXX object CMakeFiles/earthcall_core.dir/src/OurVerse/Tool.cpp.o
[ 10%] Building CXX object CMakeFiles/earthcall_core.dir/src/Singularity/Core/Engine.cpp.o
[ 10%] Building CXX object CMakeFiles/earthcall_core.dir/src/Singularity/Core/EngineInit.cpp.o
[ 10%] Building CXX object CMakeFiles/earthcall_core.dir/src/OurVerse/ElementalToolHandler.cpp.o
[ 13%] Building CXX object CMakeFiles/earthcall_core.dir/src/Singularity/Core/EngineRender.cpp.o
In file included from /Users/zacharyzhang/Documents/GitHub/Earthcall/src/Singularity/Core/EngineInit.cpp:1:
In file included from /Users/zacharyzhang/Documents/GitHub/Earthcall/src/Person/Person.hpp:6:
In file included from /Users/zacharyzhang/Documents/GitHub/Earthcall/src/Person/Body/Body.hpp:5:
In file included from /Users/zacharyzhang/Documents/GitHub/Earthcall/src/ConstructedBeing/Object/Object.hpp:35:
/Users/zacharyzhang/Documents/GitHub/Earthcall/src/ConstructedBeing/Object/Object/PolyhedronData.hpp:12:1: warning: 'PolyhedronData' defined as a struct here but previously declared as a class; this is valid, but may result in linker errors under the Microsoft C++ ABI [-Wmismatched-tags]
   12 | struct PolyhedronData {
      | ^
/Users/zacharyzhang/Documents/GitHub/Earthcall/src/ConstructedBeing/Object/Object/ObjectTypes.hpp:24:1: note: did you mean struct here?
   24 | class PolyhedronData;
      | ^~~~~
      | struct
In file included from /Users/zacharyzhang/Documents/GitHub/Earthcall/src/Singularity/Core/EngineInit.cpp:1:
In file included from /Users/zacharyzhang/Documents/GitHub/Earthcall/src/Person/Person.hpp:6:
In file included from /Users/zacharyzhang/Documents/GitHub/Earthcall/src/Person/Body/Body.hpp:5:
In file included from /Users/zacharyzhang/Documents/GitHub/Earthcall/src/ConstructedBeing/Object/Object.hpp:36:
In file included from /Users/zacharyzhang/Documents/GitHub/Earthcall/src/ConstructedBeing/Object/Object/FaceTexture.hpp:3:
In file included from /Users/zacharyzhang/Documents/GitHub/Earthcall/src/Rendering/Renderer.hpp:4:
/Users/zacharyzhang/Documents/GitHub/Earthcall/src/ConstructedBeing/Object/Geometry/SmoothSurface.hpp:23:1: warning: 'TessMesh' defined as a struct here but previously declared as a class; this is valid, but may result in linker errors under the Microsoft C++ ABI [-Wmismatched-tags]
   23 | struct TessMesh {
      | ^
/Users/zacharyzhang/Documents/GitHub/Earthcall/src/ConstructedBeing/Object/Object/ObjectTypes.hpp:20:5: note: did you mean struct here?
   20 |     class TessMesh;
      |     ^~~~~
      |     struct
In file included from /Users/zacharyzhang/Documents/GitHub/Earthcall/src/Singularity/Core/EngineInit.cpp:1:
In file included from /Users/zacharyzhang/Documents/GitHub/Earthcall/src/Person/Person.hpp:6:
In file included from /Users/zacharyzhang/Documents/GitHub/Earthcall/src/Person/Body/Body.hpp:5:
In file included from /Users/zacharyzhang/Documents/GitHub/Earthcall/src/ConstructedBeing/Object/Object.hpp:36:
In file included from /Users/zacharyzhang/Documents/GitHub/Earthcall/src/ConstructedBeing/Object/Object/FaceTexture.hpp:3:
In file included from /Users/zacharyzhang/Documents/GitHub/Earthcall/src/Rendering/Renderer.hpp:4:
/Users/zacharyzhang/Documents/GitHub/Earthcall/src/ConstructedBeing/Object/Geometry/SmoothSurface.hpp:27:1: warning: 'SmoothSurfaceData' defined as a struct here but previously declared as a class; this is valid, but may result in linker errors under the Microsoft C++ ABI [-Wmismatched-tags]
   27 | struct SmoothSurfaceData {
      | ^
/Users/zacharyzhang/Documents/GitHub/Earthcall/src/ConstructedBeing/Object/Object/ObjectTypes.hpp:17:5: note: did you mean struct here?
   17 |     class SmoothSurfaceData;
      |     ^~~~~
      |     struct
In file included from /Users/zacharyzhang/Documents/GitHub/Earthcall/src/Singularity/Core/EngineInit.cpp:1:
In file included from /Users/zacharyzhang/Documents/GitHub/Earthcall/src/Person/Person.hpp:6:
In file included from /Users/zacharyzhang/Documents/GitHub/Earthcall/src/Person/Body/Body.hpp:5:
In file included from /Users/zacharyzhang/Documents/GitHub/Earthcall/src/ConstructedBeing/Object/Object.hpp:36:
In file included from /Users/zacharyzhang/Documents/GitHub/Earthcall/src/ConstructedBeing/Object/Object/FaceTexture.hpp:3:
/Users/zacharyzhang/Documents/GitHub/Earthcall/src/Rendering/Renderer.hpp:10:18: warning: struct 'SdfNode' was previously declared as a class; this is valid, but may result in linker errors under the Microsoft C++ ABI [-Wmismatched-tags]
   10 | namespace geom { struct SdfNode; class FieldNode; }
      |                  ^
/Users/zacharyzhang/Documents/GitHub/Earthcall/src/ConstructedBeing/Object/Object/ObjectTypes.hpp:19:11: note: previous use is here
   19 |     class SdfNode;
      |           ^
In file included from /Users/zacharyzhang/Documents/GitHub/Earthcall/src/OurVerse/Controls.cpp:4:
In file included from /Users/zacharyzhang/Documents/GitHub/Earthcall/src/Singularity/Core/Engine.hpp:1:
In file included from /Users/zacharyzhang/Documents/GitHub/Earthcall/src/ZonesOfEarth/Ourverse/Ourverse.hpp:8:
In file included from /Users/zacharyzhang/Documents/GitHub/Earthcall/src/ZonesOfEarth/Ourverse/../Zone/Zone.hpp:5:
In file included from /Users/zacharyzhang/Documents/GitHub/Earthcall/src/ZonesOfEarth/Ourverse/../Zone/../World/World.hpp:5:
In file included from /Users/zacharyzhang/Documents/GitHub/Earthcall/src/ConstructedBeing/Object/Object.hpp:35:
/Users/zacharyzhang/Documents/GitHub/Earthcall/src/ConstructedBeing/Object/Object/PolyhedronData.hpp:12:1: warning: 'PolyhedronData' defined as a struct here but previously declared as a class; this is valid, but may result in linker errors under the Microsoft C++ ABI [-Wmismatched-tags]
   12 | struct PolyhedronData {
      | ^
/Users/zacharyzhang/Documents/GitHub/Earthcall/src/ConstructedBeing/Object/Object/ObjectTypes.hpp:24:1: note: did you mean struct here?
   24 | class PolyhedronData;
      | ^~~~~
      | struct
In file included from /Users/zacharyzhang/Documents/GitHub/Earthcall/src/Singularity/Core/EngineInit.cpp:1:
In file included from /Users/zacharyzhang/Documents/GitHub/Earthcall/src/Person/Person.hpp:6:
In file included from /Users/zacharyzhang/Documents/GitHub/Earthcall/src/Person/Body/Body.hpp:5:
In file included from /Users/zacharyzhang/Documents/GitHub/Earthcall/src/ConstructedBeing/Object/Object.hpp:39:
/Users/zacharyzhang/Documents/GitHub/Earthcall/src/ConstructedBeing/Object/Geometry/ComplexShape.hpp:70:1: warning: 'ComplexShapeData' defined as a struct here but previously declared as a class; this is valid, but may result in linker errors under the Microsoft C++ ABI [-Wmismatched-tags]
   70 | struct ComplexShapeData {
      | ^
/Users/zacharyzhang/Documents/GitHub/Earthcall/src/ConstructedBeing/Object/Object/ObjectTypes.hpp:18:5: note: did you mean struct here?
   18 |     class ComplexShapeData;
      |     ^~~~~
      |     struct
In file included from /Users/zacharyzhang/Documents/GitHub/Earthcall/src/Singularity/Core/EngineInit.cpp:1:
In file included from /Users/zacharyzhang/Documents/GitHub/Earthcall/src/Person/Person.hpp:6:
In file included from /Users/zacharyzhang/Documents/GitHub/Earthcall/src/Person/Body/Body.hpp:5:
In file included from In file included from /Users/zacharyzhang/Documents/GitHub/Earthcall/src/OurVerse/Controls.cpp:4:
In file included from /Users/zacharyzhang/Documents/GitHub/Earthcall/src/Singularity/Core/Engine.hpp:1:
In file included from /Users/zacharyzhang/Documents/GitHub/Earthcall/src/ZonesOfEarth/Ourverse/Ourverse.hpp:8:
In file included from /Users/zacharyzhang/Documents/GitHub/Earthcall/src/ZonesOfEarth/Ourverse/../Zone/Zone.hpp:5:
In file included from /Users/zacharyzhang/Documents/GitHub/Earthcall/src/ZonesOfEarth/Ourverse/../Zone/../World/World.hpp:5:
In file included from /Users/zacharyzhang/Documents/GitHub/Earthcall/src/ConstructedBeing/Object/Object.hpp:36:
In file included from /Users/zacharyzhang/Documents/GitHub/Earthcall/src/ConstructedBeing/Object/Object/FaceTexture.hpp:3:
In file included from /Users/zacharyzhang/Documents/GitHub/Earthcall/src/Rendering/Renderer.hpp:4:
/Users/zacharyzhang/Documents/GitHub/Earthcall/src/ConstructedBeing/Object/Geometry/SmoothSurface.hpp:23:1: warning: 'TessMesh' defined as a struct here but previously declared as a class; this is valid, but may result in linker errors under the Microsoft C++ ABI [-Wmismatched-tags]
   23 | struct TessMesh {
      | ^
/Users/zacharyzhang/Documents/GitHub/Earthcall/src/ConstructedBeing/Object/Object/ObjectTypes.hpp:20:5: note: did you mean struct here?
   20 |     class TessMesh;
      |     ^~~~~
      |     struct
/Users/zacharyzhang/Documents/GitHub/Earthcall/src/ConstructedBeing/Object/Object.hpp:40:
/Users/zacharyzhang/Documents/GitHub/Earthcall/src/ConstructedBeing/Object/Geometry/Sdf.hpp:46:1: warning: 'SdfNode' defined as a struct here but previously declared as a class; this is valid, but may result in linker errors under the Microsoft C++ ABI [-Wmismatched-tags]
   46 | struct SdfNode {
      | ^
/Users/zacharyzhang/Documents/GitHub/Earthcall/src/ConstructedBeing/Object/Object/ObjectTypes.hpp:19:5: note: did you mean struct here?
   19 |     class SdfNode;
      |     ^~~~~
      |     struct
In file included from /Users/zacharyzhang/Documents/GitHub/Earthcall/src/OurVerse/Controls.cpp:4:
In file included from /Users/zacharyzhang/Documents/GitHub/Earthcall/src/Singularity/Core/Engine.hpp:1:
In file included from /Users/zacharyzhang/Documents/GitHub/Earthcall/src/ZonesOfEarth/Ourverse/Ourverse.hpp:8:
In file included from /Users/zacharyzhang/Documents/GitHub/Earthcall/src/ZonesOfEarth/Ourverse/../Zone/Zone.hpp:5:
In file included from /Users/zacharyzhang/Documents/GitHub/Earthcall/src/ZonesOfEarth/Ourverse/../Zone/../World/World.hpp:5:
In file included from /Users/zacharyzhang/Documents/GitHub/Earthcall/src/ConstructedBeing/Object/Object.hpp:36:
In file included from /Users/zacharyzhang/Documents/GitHub/Earthcall/src/ConstructedBeing/Object/Object/FaceTexture.hpp:3:
In file included from /Users/zacharyzhang/Documents/GitHub/Earthcall/src/Rendering/Renderer.hpp:4:
/Users/zacharyzhang/Documents/GitHub/Earthcall/src/ConstructedBeing/Object/Geometry/SmoothSurface.hpp:27:1: warning: 'SmoothSurfaceData' defined as a struct here but previously declared as a class; this is valid, but may result in linker errors under the Microsoft C++ ABI [-Wmismatched-tags]
   27 | struct SmoothSurfaceData {
      | ^
/Users/zacharyzhang/Documents/GitHub/Earthcall/src/ConstructedBeing/Object/Object/ObjectTypes.hpp:17:5: note: did you mean struct here?
   17 |     class SmoothSurfaceData;
      |     ^~~~~
      |     struct
In file included from /Users/zacharyzhang/Documents/GitHub/Earthcall/src/OurVerse/Controls.cpp:4:
In file included from /Users/zacharyzhang/Documents/GitHub/Earthcall/src/Singularity/Core/Engine.hpp:1:
In file included from /Users/zacharyzhang/Documents/GitHub/Earthcall/src/ZonesOfEarth/Ourverse/Ourverse.hpp:8:
In file included from /Users/zacharyzhang/Documents/GitHub/Earthcall/src/ZonesOfEarth/Ourverse/../Zone/Zone.hpp:5:
In file included from /Users/zacharyzhang/Documents/GitHub/Earthcall/src/ZonesOfEarth/Ourverse/../Zone/../World/World.hpp:5:
In file included from /Users/zacharyzhang/Documents/GitHub/Earthcall/src/ConstructedBeing/Object/Object.hpp:36:
In file included from /Users/zacharyzhang/Documents/GitHub/Earthcall/src/ConstructedBeing/Object/Object/FaceTexture.hpp:3:
/Users/zacharyzhang/Documents/GitHub/Earthcall/src/Rendering/Renderer.hpp:10:18: warning: struct 'SdfNode' was previously declared as a class; this is valid, but may result in linker errors under the Microsoft C++ ABI [-Wmismatched-tags]
   10 | namespace geom { struct SdfNode; class FieldNode; }
      |                  ^
/Users/zacharyzhang/Documents/GitHub/Earthcall/src/ConstructedBeing/Object/Object/ObjectTypes.hpp:19:11: note: previous use is here
   19 |     class SdfNode;
      |           ^
In file included from /Users/zacharyzhang/Documents/GitHub/Earthcall/src/Singularity/Core/EngineInit.cpp:1:
In file included from /Users/zacharyzhang/Documents/GitHub/Earthcall/src/Person/Person.hpp:6:
In file included from /Users/zacharyzhang/Documents/GitHub/Earthcall/src/Person/Body/Body.hpp:5:
In file included from /Users/zacharyzhang/Documents/GitHub/Earthcall/src/ConstructedBeing/Object/Object.hpp:41:
/Users/zacharyzhang/Documents/GitHub/Earthcall/src/ConstructedBeing/Object/Geometry/Patch.hpp:16:1: warning: 'BezierPatch' defined as a struct here but previously declared as a class; this is valid, but may result in linker errors under the Microsoft C++ ABI [-Wmismatched-tags]
   16 | struct BezierPatch {
      | ^
/Users/zacharyzhang/Documents/GitHub/Earthcall/src/ConstructedBeing/Object/Object/ObjectTypes.hpp:21:5: note: did you mean struct here?
   21 |     class BezierPatch;
      |     ^~~~~
      |     struct
In file included from /Users/zacharyzhang/Documents/GitHub/Earthcall/src/OurVerse/Controls.cpp:4:
In file included from /Users/zacharyzhang/Documents/GitHub/Earthcall/src/Singularity/Core/Engine.hpp:1:
In file included from /Users/zacharyzhang/Documents/GitHub/Earthcall/src/ZonesOfEarth/Ourverse/Ourverse.hpp:8:
In file included from /Users/zacharyzhang/Documents/GitHub/Earthcall/src/ZonesOfEarth/Ourverse/../Zone/Zone.hpp:5:
In file included from /Users/zacharyzhang/Documents/GitHub/Earthcall/src/ZonesOfEarth/Ourverse/../Zone/../World/World.hpp:5:
In file included from /Users/zacharyzhang/Documents/GitHub/Earthcall/src/ConstructedBeing/Object/Object.hpp:39:
/Users/zacharyzhang/Documents/GitHub/Earthcall/src/ConstructedBeing/Object/Geometry/ComplexShape.hpp:70:1: warning: 'ComplexShapeData' defined as a struct here but previously declared as a class; this is valid, but may result in linker errors under the Microsoft C++ ABI [-Wmismatched-tags]
   70 | struct ComplexShapeData {
      | ^
/Users/zacharyzhang/Documents/GitHub/Earthcall/src/ConstructedBeing/Object/Object/ObjectTypes.hpp:18:5: note: did you mean struct here?
   18 |     class ComplexShapeData;
      |     ^~~~~
      |     struct
In file included from /Users/zacharyzhang/Documents/GitHub/Earthcall/src/OurVerse/Controls.cpp:4:
In file included from /Users/zacharyzhang/Documents/GitHub/Earthcall/src/Singularity/Core/Engine.hpp:1:
In file included from /Users/zacharyzhang/Documents/GitHub/Earthcall/src/ZonesOfEarth/Ourverse/Ourverse.hpp:8:
In file included from /Users/zacharyzhang/Documents/GitHub/Earthcall/src/ZonesOfEarth/Ourverse/../Zone/Zone.hpp:5:
In file included from /Users/zacharyzhang/Documents/GitHub/Earthcall/src/ZonesOfEarth/Ourverse/../Zone/../World/World.hpp:5:
In file included from /Users/zacharyzhang/Documents/GitHub/Earthcall/src/ConstructedBeing/Object/Object.hpp:40:
/Users/zacharyzhang/Documents/GitHub/Earthcall/src/ConstructedBeing/Object/Geometry/Sdf.hpp:46:1: warning: 'SdfNode' defined as a struct here but previously declared as a class; this is valid, but may result in linker errors under the Microsoft C++ ABI [-Wmismatched-tags]
   46 | struct SdfNode {
      | ^
/Users/zacharyzhang/Documents/GitHub/Earthcall/src/ConstructedBeing/Object/Object/ObjectTypes.hpp:19:5: note: did you mean struct here?
   19 |     class SdfNode;
      |     ^~~~~
      |     struct
In file included from /Users/zacharyzhang/Documents/GitHub/Earthcall/src/Singularity/Core/EngineRender.cpp:1:
In file included from /Users/zacharyzhang/Documents/GitHub/Earthcall/src/Person/Person.hpp:6:
In file included from /Users/zacharyzhang/Documents/GitHub/Earthcall/src/Person/Body/Body.hpp:5:
In file included from /Users/zacharyzhang/Documents/GitHub/Earthcall/src/ConstructedBeing/Object/Object.hpp:35:
/Users/zacharyzhang/Documents/GitHub/Earthcall/src/ConstructedBeing/Object/Object/PolyhedronData.hpp:12:1: warning: 'PolyhedronData' defined as a struct here but previously declared as a class; this is valid, but may result in linker errors under the Microsoft C++ ABI [-Wmismatched-tags]
   12 | struct PolyhedronData {
      | ^
/Users/zacharyzhang/Documents/GitHub/Earthcall/src/ConstructedBeing/Object/Object/ObjectTypes.hpp:24:1: note: did you mean struct here?
   24 | class PolyhedronData;
      | ^~~~~
      | struct
In file included from /Users/zacharyzhang/Documents/GitHub/Earthcall/src/OurVerse/Tool.cpp:1:
In file included from /Users/zacharyzhang/Documents/GitHub/Earthcall/src/OurVerse/Tool.hpp:5:
In file included from /Users/zacharyzhang/Documents/GitHub/Earthcall/src/ConstructedBeing/Object/Object.hpp:35:
/Users/zacharyzhang/Documents/GitHub/Earthcall/src/ConstructedBeing/Object/Object/PolyhedronData.hpp:12:1: warning: 'PolyhedronData' defined as a struct here but previously declared as a class; this is valid, but may result in linker errors under the Microsoft C++ ABI [-Wmismatched-tags]
   12 | struct PolyhedronData {
      | ^
/Users/zacharyzhang/Documents/GitHub/Earthcall/src/ConstructedBeing/Object/Object/ObjectTypes.hpp:24:1: note: did you mean struct here?
   24 | class PolyhedronData;
      | ^~~~~
      | struct
In file included from /Users/zacharyzhang/Documents/GitHub/Earthcall/src/Singularity/Core/Engine.cpp:1:
In file included from /Users/zacharyzhang/Documents/GitHub/Earthcall/src/Singularity/Core/Engine.hpp:1:
In file included from /Users/zacharyzhang/Documents/GitHub/Earthcall/src/ZonesOfEarth/Ourverse/Ourverse.hpp:8:
In file included from /Users/zacharyzhang/Documents/GitHub/Earthcall/src/ZonesOfEarth/Ourverse/../Zone/Zone.hpp:5:
In file included from /Users/zacharyzhang/Documents/GitHub/Earthcall/src/ZonesOfEarth/Ourverse/../Zone/../World/World.hpp:5:
In file included from /Users/zacharyzhang/Documents/GitHub/Earthcall/src/ConstructedBeing/Object/Object.hpp:35:
/Users/zacharyzhang/Documents/GitHub/Earthcall/src/ConstructedBeing/Object/Object/PolyhedronData.hpp:12:1: warning: 'PolyhedronData' defined as a struct here but previously declared as a class; this is valid, but may result in linker errors under the Microsoft C++ ABI [-Wmismatched-tags]
   12 | struct PolyhedronData {
      | ^
/Users/zacharyzhang/Documents/GitHub/Earthcall/src/ConstructedBeing/Object/Object/ObjectTypes.hpp:24:1: note: did you mean struct here?
   24 | class PolyhedronData;
      | ^~~~~
      | struct
In file included from /Users/zacharyzhang/Documents/GitHub/Earthcall/src/OurVerse/Controls.cpp:4:
In file included from /Users/zacharyzhang/Documents/GitHub/Earthcall/src/Singularity/Core/Engine.hpp:1:
In file included from /Users/zacharyzhang/Documents/GitHub/Earthcall/src/ZonesOfEarth/Ourverse/Ourverse.hpp:8:
In file included from /Users/zacharyzhang/Documents/GitHub/Earthcall/src/ZonesOfEarth/Ourverse/../Zone/Zone.hpp:5:
In file included from /Users/zacharyzhang/Documents/GitHub/Earthcall/src/ZonesOfEarth/Ourverse/../Zone/../World/World.hpp:5:
In file included from /Users/zacharyzhang/Documents/GitHub/Earthcall/src/ConstructedBeing/Object/Object.hpp:41:
/Users/zacharyzhang/Documents/GitHub/Earthcall/src/ConstructedBeing/Object/Geometry/Patch.hpp:16:1: warning: 'BezierPatch' defined as a struct here but previously declared as a class; this is valid, but may result in linker errors under the Microsoft C++ ABI [-Wmismatched-tags]
   16 | struct BezierPatch {
      | ^
/Users/zacharyzhang/Documents/GitHub/Earthcall/src/ConstructedBeing/Object/Object/ObjectTypes.hpp:21:5: note: did you mean struct here?
   21 |     class BezierPatch;
      |     ^~~~~
      |     struct
In file included from /Users/zacharyzhang/Documents/GitHub/Earthcall/src/Singularity/Core/EngineRender.cpp:1:
In file included from /Users/zacharyzhang/Documents/GitHub/Earthcall/src/Person/Person.hpp:6:
In file included from /Users/zacharyzhang/Documents/GitHub/Earthcall/src/Person/Body/Body.hpp:5:
In file included from /Users/zacharyzhang/Documents/GitHub/Earthcall/src/ConstructedBeing/Object/Object.hpp:36:
In file included from /Users/zacharyzhang/Documents/GitHub/Earthcall/src/ConstructedBeing/Object/Object/FaceTexture.hpp:3:
In file included from /Users/zacharyzhang/Documents/GitHub/Earthcall/src/Rendering/Renderer.hpp:4:
/Users/zacharyzhang/Documents/GitHub/Earthcall/src/ConstructedBeing/Object/Geometry/SmoothSurface.hpp:23:1: warning: 'TessMesh' defined as a struct here but previously declared as a class; this is valid, but may result in linker errors under the Microsoft C++ ABI [-Wmismatched-tags]
   23 | struct TessMesh {
      | ^
/Users/zacharyzhang/Documents/GitHub/Earthcall/src/ConstructedBeing/Object/Object/ObjectTypes.hpp:20:5: note: did you mean struct here?
   20 |     class TessMesh;
      |     ^~~~~
      |     struct
In file included from /Users/zacharyzhang/Documents/GitHub/Earthcall/src/Singularity/Core/EngineRender.cpp:1:
In file included from /Users/zacharyzhang/Documents/GitHub/Earthcall/src/Person/Person.hpp:6:
In file included from /Users/zacharyzhang/Documents/GitHub/Earthcall/src/Person/Body/Body.hpp:5:
In file included from /Users/zacharyzhang/Documents/GitHub/Earthcall/src/ConstructedBeing/Object/Object.hpp:36:
In file included from /Users/zacharyzhang/Documents/GitHub/Earthcall/src/ConstructedBeing/Object/Object/FaceTexture.hpp:3:
In file included from /Users/zacharyzhang/Documents/GitHub/Earthcall/src/Rendering/Renderer.hpp:4:
/Users/zacharyzhang/Documents/GitHub/Earthcall/src/ConstructedBeing/Object/Geometry/SmoothSurface.hpp:27:1: warning: 'SmoothSurfaceData' defined as a struct here but previously declared as a class; this is valid, but may result in linker errors under the Microsoft C++ ABI [-Wmismatched-tags]
   27 | struct SmoothSurfaceData {
      | ^
/Users/zacharyzhang/Documents/GitHub/Earthcall/src/ConstructedBeing/Object/Object/ObjectTypes.hpp:17:5: note: did you mean struct here?
   17 |     class SmoothSurfaceData;
      |     ^~~~~
      |     struct
In file included from /Users/zacharyzhang/Documents/GitHub/Earthcall/src/Singularity/Core/EngineRender.cpp:1:
In file included from /Users/zacharyzhang/Documents/GitHub/Earthcall/src/Person/Person.hpp:6:
In file included from /Users/zacharyzhang/Documents/GitHub/Earthcall/src/Person/Body/Body.hpp:5:
In file included from /Users/zacharyzhang/Documents/GitHub/Earthcall/src/ConstructedBeing/Object/Object.hpp:36:
In file included from /Users/zacharyzhang/Documents/GitHub/Earthcall/src/ConstructedBeing/Object/Object/FaceTexture.hpp:3:
/Users/zacharyzhang/Documents/GitHub/Earthcall/src/Rendering/Renderer.hpp:10:18: warning: struct 'SdfNode' was previously declared as a class; this is valid, but may result in linker errors under the Microsoft C++ ABI [-Wmismatched-tags]
   10 | namespace geom { struct SdfNode; class FieldNode; }
      |                  ^
/Users/zacharyzhang/Documents/GitHub/Earthcall/src/ConstructedBeing/Object/Object/ObjectTypes.hpp:19:11: note: previous use is here
   19 |     class SdfNoIn file included from /Users/zacharyzhang/Documents/GitHub/Earthcall/src/Singularity/Core/Engine.cpp:1:
In file included from de;
      |           ^
/Users/zacharyzhang/Documents/GitHub/Earthcall/src/Singularity/Core/Engine.hpp:1:
In file included from /Users/zacharyzhang/Documents/GitHub/Earthcall/src/ZonesOfEarth/Ourverse/Ourverse.hpp:8:
In file included from /Users/zacharyzhang/Documents/GitHub/Earthcall/src/ZonesOfEarth/Ourverse/../Zone/Zone.hpp:5:
In file included from /Users/zacharyzhang/Documents/GitHub/Earthcall/src/ZonesOfEarth/Ourverse/../Zone/../World/World.hpp:5:
In file included from /Users/zacharyzhang/Documents/GitHub/Earthcall/src/ConstructedBeing/Object/Object.hpp:36:
In file included from /Users/zacharyzhang/Documents/GitHub/Earthcall/src/ConstructedBeing/Object/Object/FaceTexture.hpp:3:
In file included from /Users/zacharyzhang/Documents/GitHub/Earthcall/src/Rendering/Renderer.hpp:4:
/Users/zacharyzhang/Documents/GitHub/Earthcall/src/ConstructedBeing/Object/Geometry/SmoothSurface.hpp:23:1: warning: 'TessMesh' defined as a struct here but previously declared as a class; this is valid, but may result in linker errors under the Microsoft C++ ABI [-Wmismatched-tags]
   23 | struct TessMesh {
      | ^
/Users/zacharyzhang/Documents/GitHub/Earthcall/src/ConstructedBeing/Object/Object/ObjectTypes.hpp:20:5: note: did you mean struct here?
   20 |     class TessMesh;
      |     ^~~~~
      |     struct
In file included from /Users/zacharyzhang/Documents/GitHub/Earthcall/src/Singularity/Core/Engine.cpp:1:
In file included from /Users/zacharyzhang/Documents/GitHub/Earthcall/src/Singularity/Core/Engine.hpp:1:
In file included from /Users/zacharyzhang/Documents/GitHub/Earthcall/src/ZonesOfEarth/Ourverse/Ourverse.hpp:8:
In file included from /Users/zacharyzhang/Documents/GitHub/Earthcall/src/ZonesOfEarth/Ourverse/../Zone/Zone.hpp:5:
In file included from /Users/zacharyzhang/Documents/GitHub/Earthcall/src/ZonesOfEarth/Ourverse/../Zone/../World/World.hpp:5:
In file included from /Users/zacharyzhang/Documents/GitHub/Earthcall/src/ConstructedBeing/Object/Object.hpp:36:
In file included from /Users/zacharyzhang/Documents/GitHub/Earthcall/src/ConstructedBeing/Object/Object/FaceTexture.hpp:3:
In file included from /Users/zacharyzhang/Documents/GitHub/Earthcall/src/Rendering/Renderer.hpp:4:
/Users/zacharyzhang/Documents/GitHub/Earthcall/src/ConstructedBeing/Object/Geometry/SmoothSurface.hpp:27:1: warning: 'SmoothSurfaceData' defined as a struct here but previously declared as a class; this is valid, but may result in linker errors under the Microsoft C++ ABI [-Wmismatched-tags]
   27 | struct SmoothSurfaceData {
      | ^
/Users/zacharyzhang/Documents/GitHub/Earthcall/src/ConstructedBeing/Object/Object/ObjectTypes.hpp:17:5: note: did you mean struct here?
   17 |     class SmoothSurfaceData;
      |     ^~~~~
      |     struct
In file included from /Users/zacharyzhang/Documents/GitHub/Earthcall/src/Singularity/Core/Engine.cpp:1:
In file included from /Users/zacharyzhang/Documents/GitHub/Earthcall/src/Singularity/Core/Engine.hpp:1:
In file included from /Users/zacharyzhang/Documents/GitHub/Earthcall/src/ZonesOfEarth/Ourverse/Ourverse.hpp:8:
In file included from /Users/zacharyzhang/Documents/GitHub/Earthcall/src/ZonesOfEarth/Ourverse/../Zone/Zone.hpp:5:
In file included from /Users/zacharyzhang/Documents/GitHub/Earthcall/src/ZonesOfEarth/Ourverse/../Zone/../World/World.hpp:5:
In file included from /Users/zacharyzhang/Documents/GitHub/Earthcall/src/ConstructedBeing/Object/Object.hpp:36:
In file included from /Users/zacharyzhang/Documents/GitHub/Earthcall/src/ConstructedBeing/Object/Object/FaceTexture.hpp:3:
/Users/zacharyzhang/Documents/GitHub/Earthcall/src/Rendering/Renderer.hpp:10:18: warning: struct 'SdfNode' was previously declared as a class; this is valid, but may result in linker errors under the Microsoft C++ ABI [-Wmismatched-tags]
   10 | namespace geom { struct SdfNode; class FieldNode; }
      |                  ^
/Users/zacharyzhang/Documents/GitHub/Earthcall/src/ConstructedBeing/Object/Object/ObjectTypes.hpp:19:11: note: previous use is here
   19 |     class SdfNode;
      |           ^
In file included from /Users/zacharyzhang/Documents/GitHub/Earthcall/src/OurVerse/CursorTools.cpp:3:
In file included from /Users/zacharyzhang/Documents/GitHub/Earthcall/src/Singularity/Core/Engine.hpp:1:
In file included from /Users/zacharyzhang/Documents/GitHub/Earthcall/src/ZonesOfEarth/Ourverse/Ourverse.hpp:8:
In file included from /Users/zacharyzhang/Documents/GitHub/Earthcall/src/ZonesOfEarth/Ourverse/../Zone/Zone.hpp:5:
In file included from /Users/zacharyzhang/Documents/GitHub/Earthcall/src/ZonesOfEarth/Ourverse/../Zone/../World/World.hpp:5:
In file included from /Users/zacharyzhang/Documents/GitHub/Earthcall/src/ConstructedBeing/Object/Object.hpp:35:
/Users/zacharyzhang/Documents/GitHub/Earthcall/src/ConstructedBeing/Object/Object/PolyhedronData.hpp:12:1: warning: 'PolyhedronData' defined as a struct here but previously declared as a class; this is valid, but may result in linker errors under the Microsoft C++ ABI [-Wmismatched-tags]
   12 | struct PolyhedronData {
      | ^
/Users/zacharyzhang/Documents/GitHub/Earthcall/src/ConstructedBeing/Object/Object/ObjectTypes.hpp:24:1: note: did you mean struct here?
   24 | class PolyhedronData;
      | ^~~~~
      | struct
In file included from /Users/zacharyzhang/Documents/GitHub/Earthcall/src/OurVerse/Tool.cpp:1:
In file included from /Users/zacharyzhang/Documents/GitHub/Earthcall/src/OurVerse/Tool.hpp:5:
In file included from /Users/zacharyzhang/Documents/GitHub/Earthcall/src/ConstructedBeing/Object/Object.hpp:36:
In file included from /Users/zacharyzhang/Documents/GitHub/Earthcall/src/ConstructedBeing/Object/Object/FaceTexture.hpp:3:
In file included from /Users/zacharyzhang/Documents/GitHub/Earthcall/src/Rendering/Renderer.hpp:4:
/Users/zacharyzhang/Documents/GitHub/Earthcall/src/ConstructedBeing/Object/Geometry/SmoothSurface.hpp:23:1: warning: 'TessMesh' defined as a struct here but previously declared as a class; this is valid, but may result in linker errors under the Microsoft C++ ABI [-Wmismatched-tags]
   23 | struct TessMesh {
      | ^
/Users/zacharyzhang/Documents/GitHub/Earthcall/src/ConstructedBeing/Object/Object/ObjectTypes.hpp:20:5: note: did you mean struct here?
   20 |     class TessMesh;
      |     ^~~~~
      |     struct
In file included from /Users/zacharyzhang/Documents/GitHub/Earthcall/src/Singularity/Core/EngineRender.cpp:1:
In file included from /Users/zacharyzhang/Documents/GitHub/Earthcall/src/Person/Person.hpp:6:
In file included from /Users/zacharyzhang/Documents/GitHub/Earthcall/src/Person/Body/Body.hpp:5:
In file included from /Users/zacharyzhang/Documents/GitHub/Earthcall/src/ConstructedBeing/Object/Object.hpp:39:
/Users/zacharyzhang/Documents/GitHub/Earthcall/src/ConstructedBeing/Object/Geometry/ComplexShape.hpp:70:1: warning: 'ComplexShapeData' defined as a struct here but previously declared as a class; this is valid, but may result in linker errors under the Microsoft C++ ABI [-Wmismatched-tags]
   70 | struct ComplexShapeData {
      | ^
/Users/zacharyzhang/Documents/GitHub/Earthcall/src/ConstructedBeing/Object/Object/ObjectTypes.hpp:18:5: note: did you mean struct here?
   18 |     class ComplexShapeData;
      |     ^~~~~
      |     struct
In file included from /Users/zacharyzhang/Documents/GitHub/Earthcall/src/OurVerse/Tool.cpp:1:
In file included from /Users/zacharyzhang/Documents/GitHub/Earthcall/src/OurVerse/Tool.hpp:5:
In file included from /Users/zacharyzhang/Documents/GitHub/Earthcall/src/ConstructedBeing/Object/Object.hpp:36:
In file included from /Users/zacharyzhang/Documents/GitHub/Earthcall/src/ConstructedBeing/Object/Object/FaceTexture.hpp:3:
In file included from /Users/zacharyzhang/Documents/GitHub/Earthcall/src/Rendering/Renderer.hpp:4:
/Users/zacharyzhang/Documents/GitHub/Earthcall/src/ConstructedBeing/Object/Geometry/SmoothSurface.hpp:27:1: warning: 'SmoothSurfaceData' defined as a struct here but previously declared as a class; this is valid, but may result in linker errors under the Microsoft C++ ABI [-Wmismatched-tags]
   27 | struct SmoothSurfaceData {
      | ^
/Users/zacharyzhang/Documents/GitHub/Earthcall/src/ConstructedBeing/Object/Object/ObjectTypes.hpp:17:5: note: did you mean struct here?
   17 |     class SmoothSurfaceData;
      |     ^~~~~
      |     struct
In file included from /Users/zacharyzhang/Documents/GitHub/Earthcall/src/OurVerse/Tool.cpp:1:
In file included from /Users/zacharyzhang/Documents/GitHub/Earthcall/src/OurVerse/Tool.hpp:5:
In file included from /Users/zacharyzhang/Documents/GitHub/Earthcall/src/ConstructedBeing/Object/Object.hpp:36:
In file included from /Users/zacharyzhang/Documents/GitHub/Earthcall/src/ConstructedBeing/Object/Object/FaceTexture.hpp:3:
/Users/zacharyzhang/Documents/GitHub/Earthcall/src/Rendering/Renderer.hpp:10:18: warning: struct 'SdfNode' was previously declared as a class; this is valid, but may result in linker errors under the Microsoft C++ ABI [-Wmismatched-tags]
   10 | namespace geom { struct SdfNode; class FieldNode; }
      |                  ^In file included from /Users/zacharyzhang/Documents/GitHub/Earthcall/src/Singularity/Core/Engine.cpp:1:
In file included from /Users/zacharyzhang/Documents/GitHub/Earthcall/src/Singularity/Core/Engine.hpp:1:
In file included from /Users/zacharyzhang/Documents/GitHub/Earthcall/src/ZonesOfEarth/Ourverse/Ourverse.hpp:8:
In file included from /Users/zacharyzhang/Documents/GitHub/Earthcall/src/ZonesOfEarth/Ourverse/../Zone/Zone.hpp:5:
In file included from /Users/zacharyzhang/Documents/GitHub/Earthcall/src/ZonesOfEarth/Ourverse/../Zone/../World/World.hpp:5:
In file included from /Users/zacharyzhang/Documents/GitHub/Earthcall/src/ConstructedBeing/Object/Object.hpp:39:
/Users/zacharyzhang/Documents/GitHub/Earthcall/src/ConstructedBeing/Object/Geometry/ComplexShape.hpp:70:1: 
/Users/zacharyzhang/Documents/GitHub/Earthcall/src/ConstructedBeing/Object/Object/ObjectTypes.hpp:19:11: note: previous use is here
   19 |     class SdfNode;
      |           ^
warning: 'ComplexShapeData' defined as a struct here but previously declared as a class; this is valid, but may result in linker errors under the Microsoft C++ ABI [-Wmismatched-tags]
   70 | struct ComplexShapeData {
      | ^
/Users/zacharyzhang/Documents/GitHub/Earthcall/src/ConstructedBeing/Object/Object/ObjectTypes.hpp:18:5: note: did you mean struct here?
   18 |     class ComplexShapeData;
      |     ^~~~~
      |     struct
In file included from /Users/zacharyzhang/Documents/GitHub/Earthcall/src/Singularity/Core/EngineRender.cpp:1:
In file included from /Users/zacharyzhang/Documents/GitHub/Earthcall/src/Person/Person.hpp:6:
In file included from /Users/zacharyzhang/Documents/GitHub/Earthcall/src/Person/Body/Body.hpp:5:
In file included from /Users/zacharyzhang/Documents/GitHub/Earthcall/src/ConstructedBeing/Object/Object.hpp:40:
/Users/zacharyzhang/Documents/GitHub/Earthcall/src/ConstructedBeing/Object/Geometry/Sdf.hpp:46:1: warning: 'SdfNode' defined as a struct here but previously declared as a class; this is valid, but may result in linker errors under the Microsoft C++ ABI [-Wmismatched-tags]
   46 | struct SdfNode {
      | ^
/Users/zacharyzhang/Documents/GitHub/Earthcall/src/ConstructedBeing/Object/Object/ObjectTypes.hpp:19:5: note: did you mean struct here?
   19 |     class SdfNode;
      |     ^~~~~
      |     struct
In file included from /Users/zacharyzhang/Documents/GitHub/Earthcall/src/Singularity/Core/Engine.cpp:1:
In file included from /Users/zacharyzhang/Documents/GitHub/Earthcall/src/Singularity/Core/Engine.hpp:1:
In file included from /Users/zacharyzhang/Documents/GitHub/Earthcall/src/ZonesOfEarth/Ourverse/Ourverse.hpp:8:
In file included from /Users/zacharyzhang/Documents/GitHub/Earthcall/src/ZonesOfEarth/Ourverse/../Zone/Zone.hpp:5:
In file included from /Users/zacharyzhang/Documents/GitHub/Earthcall/src/ZonesOfEarth/Ourverse/../Zone/../World/World.hpp:5:
In file included from /Users/zacharyzhang/Documents/GitHub/Earthcall/src/ConstructedBeing/Object/Object.hpp:40:
/Users/zacharyzhang/Documents/GitHub/Earthcall/src/ConstructedBeing/Object/Geometry/Sdf.hpp:46:1: warning: 'SdfNode' defined as a struct here but previously declared as a class; this is valid, but may result in linker errors under the Microsoft C++ ABI [-Wmismatched-tags]
   46 | struct SdfNode {
      | ^
/Users/zacharyzhang/Documents/GitHub/Earthcall/src/ConstructedBeing/Object/Object/ObjectTypes.hpp:19:5: note: did you mean struct here?
   19 |     class SdfNode;
      |     ^~~~~
      |     struct
In file included from /Users/zacharyzhang/Documents/GitHub/Earthcall/src/OurVerse/Tool.cpp:1:
In file included from /Users/zacharyzhang/Documents/GitHub/Earthcall/src/OurVerse/Tool.hpp:5:
In file included from /Users/zacharyzhang/Documents/GitHub/Earthcall/src/ConstructedBeing/Object/Object.hpp:39:
/Users/zacharyzhang/Documents/GitHub/Earthcall/src/ConstructedBeing/Object/Geometry/ComplexShape.hpp:70:1: warning: 'ComplexShapeData' defined as a struct here but previously declared as a class; this is valid, but may result in linker errors under the Microsoft C++ ABI [-Wmismatched-tags]
   70 | struct ComplexShapeData {
      | ^
/Users/zacharyzhang/Documents/GitHub/Earthcall/src/ConstructedBeing/Object/Object/ObjectTypes.hpp:18:5: note: did you mean struct here?
   18 |     class ComplexShapeData;
      |     ^~~~~
      |     struct
In file included from /Users/zacharyzhang/Documents/GitHub/Earthcall/src/OurVerse/ElementalToolHandler.cpp:1:
In file included from /Users/zacharyzhang/Documents/GitHub/Earthcall/src/OurVerse/ElementalToolHandler.hpp:3:
In file included from /Users/zacharyzhang/Documents/GitHub/Earthcall/src/ZonesOfEarth/ZoneManager.hpp:5:
In file included from /Users/zacharyzhang/Documents/GitHub/Earthcall/src/ZonesOfEarth/Zone/Zone.hpp:5:
In file included from /Users/zacharyzhang/Documents/GitHub/Earthcall/src/ZonesOfEarth/Zone/../World/World.hpp:5:
In file included from /Users/zacharyzhang/Documents/GitHub/Earthcall/src/ConstructedBeing/Object/Object.hpp:35:
/Users/zacharyzhang/Documents/GitHub/Earthcall/src/ConstructedBeing/Object/Object/PolyhedronData.hpp:12:1: warning: 'PolyhedronData' defined as a struct here but previously declared as a class; this is valid, but may result in linker errors under the Microsoft C++ ABI [-Wmismatched-tags]
   12 | struct PolyhedronData {
      | ^
/Users/zacharyzhang/Documents/GitHub/Earthcall/src/ConstructedBeing/Object/Object/ObjectTypes.hpp:24:1: note: did you mean struct here?
   24 | class PolyhedronData;
      | ^~~~~
      | struct
In file included from /Users/zacharyzhang/Documents/GitHub/Earthcall/src/Singularity/Core/Engine.cpp:1:
In file included from /Users/zacharyzhang/Documents/GitHub/Earthcall/src/Singularity/Core/Engine.hpp:1:
In file included from /Users/zacharyzhang/Documents/GitHub/Earthcall/src/ZonesOfEarth/Ourverse/Ourverse.hpp:8:
In file included from /Users/zacharyzhang/Documents/GitHub/Earthcall/src/ZonesOfEarth/Ourverse/../Zone/Zone.hpp:5:
In file included from /Users/zacharyzhang/Documents/GitHub/Earthcall/src/ZonesOfEarth/Ourverse/../Zone/../World/World.hpp:5:
In file included from /Users/zacharyzhang/Documents/GitHub/Earthcall/src/ConstructedBeing/Object/Object.hpp:41:
/Users/zacharyzhang/Documents/GitHub/Earthcall/src/ConstructedBeing/Object/Geometry/Patch.hpp:16:1: warning: 'BezierPatch' defined as a struct here but previously declared as a class; this is valid, but may result in linker errors under the Microsoft C++ ABI [-Wmismatched-tags]
   16 | struct BezierPatch {
      | ^
/Users/zacharyzhang/Documents/GitHub/Earthcall/src/ConstructedBeing/Object/Object/ObjectTypes.hpp:21:5: note: did you mean struct here?
   21 |     class BezierPatch;
      |     ^~~~~
      |     struct
In file included from /Users/zacharyzhang/Documents/GitHub/Earthcall/src/OurVerse/Tool.cpp:1:
In file included from /Users/zacharyzhang/Documents/GitHub/Earthcall/src/OurVerse/Tool.hpp:5:
In file included from /Users/zacharyzhang/Documents/GitHub/Earthcall/src/ConstructedBeing/Object/Object.hpp:40:
/Users/zacharyzhang/Documents/GitHub/Earthcall/src/ConstructedBeing/Object/Geometry/Sdf.hpp:46:1: warning: 'SdfNode' defined as a struct here but previously declared as a class; this is valid, but may result in linker errors under the Microsoft C++ ABI [-Wmismatched-tags]
   46 | struct SdfNode {
      | ^
/Users/zacharyzhang/Documents/GitHub/Earthcall/src/ConstructedBeing/Object/Object/ObjectTypes.hpp:19:5: note: did you mean struct here?
   19 |     class SdfNode;
      |     ^~~~~
      |     struct
In file included from /Users/zacharyzhang/Documents/GitHub/Earthcall/src/Singularity/Core/EngineRender.cpp:1:
In file included from /Users/zacharyzhang/Documents/GitHub/Earthcall/src/Person/Person.hpp:6:
In file included from /Users/zacharyzhang/Documents/GitHub/Earthcall/src/Person/Body/Body.hpp:5:
In file included from /Users/zacharyzhang/Documents/GitHub/Earthcall/src/ConstructedBeing/Object/Object.hpp:41:
/Users/zacharyzhang/Documents/GitHub/Earthcall/src/ConstructedBeing/Object/Geometry/Patch.hpp:16:1: warning: 'BezierPatch' defined as a struct here but previously declared as a class; this is valid, but may result in linker errors under the Microsoft C++ ABI [-Wmismatched-tags]
   16 | struct BezierPatch {
      | ^
/Users/zacharyzhang/Documents/GitHub/Earthcall/src/ConstructedBeing/Object/Object/ObjectTypes.hpp:21:5: note: did you mean struct here?
   21 |     class BezierPatch;
      |     ^~~~~
      |     struct
In file included from /Users/zacharyzhang/Documents/GitHub/Earthcall/src/OurVerse/CursorTools.cpp:3:
In file included from /Users/zacharyzhang/Documents/GitHub/Earthcall/src/Singularity/Core/Engine.hpp:1:
In file included from /Users/zacharyzhang/Documents/GitHub/Earthcall/src/ZonesOfEarth/Ourverse/Ourverse.hpp:8:
In file included from /Users/zacharyzhang/Documents/GitHub/Earthcall/src/ZonesOfEarth/Ourverse/../Zone/Zone.hpp:5:
In file included from /Users/zacharyzhang/Documents/GitHub/Earthcall/src/ZonesOfEarth/Ourverse/../Zone/../World/World.hpp:5:
In file included from /Users/zacharyzhang/Documents/GitHub/Earthcall/src/ConstructedBeing/Object/Object.hpp:36:
In file included from /Users/zacharyzhang/Documents/GitHub/Earthcall/src/ConstructedBeing/Object/Object/FaceTexture.hpp:3:
In file included from /Users/zacharyzhang/Documents/GitHub/Earthcall/src/Rendering/Renderer.hpp:4:
/Users/zacharyzhang/Documents/GitHub/Earthcall/src/ConstructedBeing/Object/Geometry/SmoothSurface.hpp:23:1: warning: 'TessMesh' defined as a struct here but previously declared as a class; this is valid, but may result in linker errors under the Microsoft C++ ABI [-Wmismatched-tags]
   23 | struct TessMesh {
      | ^
/Users/zacharyzhang/Documents/GitHub/Earthcall/src/ConstructedBeing/Object/Object/ObjectTypes.hpp:20:5: note: did you mean struct here?
   20 |     class TessMesh;
      |     ^~~~~
      |     struct
In file included from /Users/zacharyzhang/Documents/GitHub/Earthcall/src/OurVerse/CursorTools.cpp:3:
In file included from /Users/zacharyzhang/Documents/GitHub/Earthcall/src/Singularity/Core/Engine.hpp:1:
In file included from /Users/zacharyzhang/Documents/GitHub/Earthcall/src/ZonesOfEarth/Ourverse/Ourverse.hpp:8:
In file included from /Users/zacharyzhang/Documents/GitHub/Earthcall/src/ZonesOfEarth/Ourverse/../Zone/Zone.hpp:5:
In file included from /Users/zacharyzhang/Documents/GitHub/Earthcall/src/ZonesOfEarth/Ourverse/../Zone/../World/World.hpp:5:
In file included from /Users/zacharyzhang/Documents/GitHub/Earthcall/src/ConstructedBeing/Object/Object.hpp:36:
In file included from /Users/zacharyzhang/Documents/GitHub/Earthcall/src/ConstructedBeing/Object/Object/FaceTexture.hpp:3:
In file included from /Users/zacharyzhang/Documents/GitHub/Earthcall/src/Rendering/Renderer.hpp:4:
/Users/zacharyzhang/Documents/GitHub/Earthcall/src/ConstructedBeing/Object/Geometry/SmoothSurface.hpp:27:1: warning: 'SmoothSurfaceData' defined as a struct here but previously declared as a class; this is valid, but may result in linker errors under the Microsoft C++ ABI [-Wmismatched-tags]
   27 | struct SmoothSurfaceData {
      | ^
/Users/zacharyzhang/Documents/GitHub/Earthcall/src/ConstructedBeing/Object/Object/ObjectTypes.hpp:17:5: note: did you mean struct here?
   17 |     class SmoothSurfaceData;
      |     ^~~~~
      |     struct
In file included from /Users/zacharyzhang/Documents/GitHub/Earthcall/src/OurVerse/CursorTools.cpp:3:
In file included from /Users/zacharyzhang/Documents/GitHub/Earthcall/src/Singularity/Core/Engine.hpp:1:
In file included from /Users/zacharyzhang/Documents/GitHub/Earthcall/src/ZonesOfEarth/Ourverse/Ourverse.hpp:8:
In file included from /Users/zacharyzhang/Documents/GitHub/Earthcall/src/ZonesOfEarth/Ourverse/../Zone/Zone.hpp:5:
In file included from /Users/zacharyzhang/Documents/GitHub/Earthcall/src/ZonesOfEarth/Ourverse/../Zone/../World/World.hpp:5:
In file included from /Users/zacharyzhang/Documents/GitHub/Earthcall/src/ConstructedBeing/Object/Object.hpp:36:
In file included from /Users/zacharyzhang/Documents/GitHub/Earthcall/src/ConstructedBeing/Object/Object/FaceTexture.hpp:3:
/Users/zacharyzhang/Documents/GitHub/Earthcall/src/Rendering/Renderer.hpp:10:18: warning: struct 'SdfNode' was previously declared as a class; this is valid, but may result in linker errors under the Microsoft C++ ABI [-Wmismatched-tags]
   10 | namespace geom { struct SdfNode; class FieldNode; }
      |                  ^
/Users/zacharyzhang/Documents/GitHub/Earthcall/src/ConstructedBeing/Object/Object/ObjectTypes.hpp:19:11: note: previous use is here
   19 |     class SdfNode;
      |           ^
In file included from /Users/zacharyzhang/Documents/GitHub/Earthcall/src/OurVerse/Tool.cpp:1:
In file included from /Users/zacharyzhang/Documents/GitHub/Earthcall/src/OurVerse/Tool.hpp:5:
In file included from /Users/zacharyzhang/Documents/GitHub/Earthcall/src/ConstructedBeing/Object/Object.hpp:41:
/Users/zacharyzhang/Documents/GitHub/Earthcall/src/ConstructedBeing/Object/Geometry/Patch.hpp:16:1: warning: 'BezierPatch' defined as a struct here but previously declared as a class; this is valid, but may result in linker errors under the Microsoft C++ ABI [-Wmismatched-tags]
   16 | struct BezierPatch {
      | ^
/Users/zacharyzhang/Documents/GitHub/Earthcall/src/ConstructedBeing/Object/Object/ObjectTypes.hpp:21:5: note: did you mean struct here?
   21 |     class BezierPatch;
      |     ^~~~~
      |     struct
In file included from /Users/zacharyzhang/Documents/GitHub/Earthcall/src/OurVerse/ElementalToolHandler.cpp:1:
In file included from /Users/zacharyzhang/Documents/GitHub/Earthcall/src/OurVerse/ElementalToolHandler.hpp:3:
In file included from /Users/zacharyzhang/Documents/GitHub/Earthcall/src/ZonesOfEarth/ZoneManager.hpp:5:
In file included from /Users/zacharyzhang/Documents/GitHub/Earthcall/src/ZonesOfEarth/Zone/Zone.hpp:5:
In file included from /Users/zacharyzhang/Documents/GitHub/Earthcall/src/ZonesOfEarth/Zone/../World/World.hpp:5:
In file included from /Users/zacharyzhang/Documents/GitHub/Earthcall/src/ConstructedBeing/Object/Object.hpp:36:
In file included from /Users/zacharyzhang/Documents/GitHub/Earthcall/src/ConstructedBeing/Object/Object/FaceTexture.hpp:3:
In file included from /Users/zacharyzhang/Documents/GitHub/Earthcall/src/Rendering/Renderer.hpp:4:
/Users/zacharyzhang/Documents/GitHub/Earthcall/src/ConstructedBeing/Object/Geometry/SmoothSurface.hpp:23:1: warning: 'TessMesh' defined as a struct here but previously declared as a class; this is valid, but may result in linker errors under the Microsoft C++ ABI [-Wmismatched-tags]
   23 | struct TessMesh {
      | ^
/Users/zacharyzhang/Documents/GitHub/Earthcall/src/ConstructedBeing/Object/Object/ObjectTypes.hpp:20:5: note: did you mean struct here?
   20 |     class TessMesh;
      |     ^~~~~
      |     struct
In file included from /Users/zacharyzhang/Documents/GitHub/Earthcall/src/OurVerse/ElementalToolHandler.cpp:1:
In file included from /Users/zacharyzhang/Documents/GitHub/Earthcall/src/OurVerse/ElementalToolHandler.hpp:3:
In file included from /Users/zacharyzhang/Documents/GitHub/Earthcall/src/ZonesOfEarth/ZoneManager.hpp:5:
In file included from /Users/zacharyzhang/Documents/GitHub/Earthcall/src/ZonesOfEarth/Zone/Zone.hpp:5:
In file included from /Users/zacharyzhang/Documents/GitHub/Earthcall/src/ZonesOfEarth/Zone/../World/World.hpp:5:
In file included from /Users/zacharyzhang/Documents/GitHub/Earthcall/src/ConstructedBeing/Object/Object.hpp:36:
In file included from /Users/zacharyzhang/Documents/GitHub/Earthcall/src/ConstructedBeing/Object/Object/FaceTexture.hpp:3:
In file included from /Users/zacharyzhang/Documents/GitHub/Earthcall/src/Rendering/Renderer.hpp:4:
/Users/zacharyzhang/Documents/GitHub/Earthcall/src/ConstructedBeing/Object/Geometry/SmoothSurface.hpp:27:1: warning: 'SmoothSurfaceData' defined as a struct here but previously declared as a class; this is valid, but may result in linker errors under the Microsoft C++ ABI [-Wmismatched-tags]
   27 | struct SmoothSurfaceData {
      | ^
/Users/zacharyzhang/Documents/GitHub/Earthcall/src/ConstructedBeing/Object/Object/ObjectTypes.hpp:17:5: note: did you mean struct here?
   17 |     class SmoothSurfaceData;
      |     ^~~~~
      |     struct
In file included from /Users/zacharyzhang/Documents/GitHub/Earthcall/src/OurVerse/ElementalToolHandler.cpp:1:
In file included from /Users/zacharyzhang/Documents/GitHub/Earthcall/src/OurVerse/ElementalToolHandler.hpp:3:
In file included from /Users/zacharyzhang/Documents/GitHub/Earthcall/src/ZonesOfEarth/ZoneManager.hpp:5:
In file included from /Users/zacharyzhang/Documents/GitHub/Earthcall/src/ZonesOfEarth/Zone/Zone.hpp:5:
In file included from /Users/zacharyzhang/Documents/GitHub/Earthcall/src/ZonesOfEarth/Zone/../World/World.hpp:5:
In file included from /Users/zacharyzhang/Documents/GitHub/Earthcall/src/ConstructedBeing/Object/Object.hpp:36:
In file included from /Users/zacharyzhang/Documents/GitHub/Earthcall/src/ConstructedBeing/Object/Object/FaceTexture.hpp:3:
/Users/zacharyzhang/Documents/GitHub/Earthcall/src/Rendering/Renderer.hpp:10:18: warning: struct 'SdfNode' was previously declared as a class; this is valid, but may result in linker errors under the Microsoft C++ ABI [-Wmismatched-tags]
   10 | namespace geom { struct SdfNode; class FieldNode; }
      |                  ^
/Users/zacharyzhang/Documents/GitHub/Earthcall/src/ConstructedBeing/Object/Object/ObjectTypes.hpp:19:11: note: previous use is here
   19 |     class SdfNode;
      |           ^
In file included from /Users/zacharyzhang/Documents/GitHub/Earthcall/src/OurVerse/CursorTools.cpp:3:
In file included from /Users/zacharyzhang/Documents/GitHub/Earthcall/src/Singularity/Core/Engine.hpp:1:
In file included from /Users/zacharyzhang/Documents/GitHub/Earthcall/src/ZonesOfEarth/Ourverse/Ourverse.hpp:8:
In file included from /Users/zacharyzhang/Documents/GitHub/Earthcall/src/ZonesOfEarth/Ourverse/../Zone/Zone.hpp:5:
In file included from /Users/zacharyzhang/Documents/GitHub/Earthcall/src/ZonesOfEarth/Ourverse/../Zone/../World/World.hpp:5:
In file included from /Users/zacharyzhang/Documents/GitHub/Earthcall/src/ConstructedBeing/Object/Object.hpp:39:
/Users/zacharyzhang/Documents/GitHub/Earthcall/src/ConstructedBeing/Object/Geometry/ComplexShape.hpp:70:1: warning: 'ComplexShapeData' defined as a struct here but previously declared as a class; this is valid, but may result in linker errors under the Microsoft C++ ABI [-Wmismatched-tags]
   70 | struct ComplexShapeData {
      | ^
/Users/zacharyzhang/Documents/GitHub/Earthcall/src/ConstructedBeing/Object/Object/ObjectTypes.hpp:18:5: note: did you mean struct here?
   18 |     class ComplexShapeData;
      |     ^~~~~
      |     struct
In file included from /Users/zacharyzhang/Documents/GitHub/Earthcall/src/OurVerse/ElementalToolHandler.cpp:1:
In file included from /Users/zacharyzhang/Documents/GitHub/Earthcall/src/OurVerse/ElementalToolHandler.hpp:3:
In file included from /Users/zacharyzhang/Documents/GitHub/Earthcall/src/ZonesOfEarth/ZoneManager.hpp:5:
In file included from /Users/zacharyzhang/Documents/GitHub/Earthcall/src/ZonesOfEarth/Zone/Zone.hpp:5:
In file included from /Users/zacharyzhang/Documents/GitHub/Earthcall/src/ZonesOfEarth/Zone/../World/World.hpp:5:
In file included from /Users/zacharyzhang/Documents/GitHub/Earthcall/src/ConstructedBeing/Object/Object.hpp:39:
/Users/zacharyzhang/Documents/GitHub/Earthcall/src/ConstructedBeing/Object/Geometry/ComplexShape.hpp:70:1: warning: 'ComplexShapeData' defined as a struct here but previously declared as a class; this is valid, but may result in linker errors under the Microsoft C++ ABI [-Wmismatched-tags]
   70 | struct ComplexShapeData {
      | ^
/Users/zacharyzhang/Documents/GitHub/Earthcall/src/ConstructedBeing/Object/Object/ObjectTypes.hpp:18:5: note: did you mean struct here?
   18 |     class ComplexShapeData;
      |     ^~~~~
      |     struct
In file included from /Users/zacharyzhang/Documents/GitHub/Earthcall/src/OurVerse/CursorTools.cpp:3:
In file included from /Users/zacharyzhang/Documents/GitHub/Earthcall/src/Singularity/Core/Engine.hpp:1:
In file included from /Users/zacharyzhang/Documents/GitHub/Earthcall/src/ZonesOfEarth/Ourverse/Ourverse.hpp:8:
In file included from /Users/zacharyzhang/Documents/GitHub/Earthcall/src/ZonesOfEarth/Ourverse/../Zone/Zone.hpp:5:
In file included from /Users/zacharyzhang/Documents/GitHub/Earthcall/src/ZonesOfEarth/Ourverse/../Zone/../World/World.hpp:5:
In file included from /Users/zacharyzhang/Documents/GitHub/Earthcall/src/ConstructedBeing/Object/Object.hpp:40:
/Users/zacharyzhang/Documents/GitHub/Earthcall/src/ConstructedBeing/Object/Geometry/Sdf.hpp:46:1: warning: 'SdfNode' defined as a struct here but previously declared as a class; this is valid, but may result in linker errors under the Microsoft C++ ABI [-Wmismatched-tags]
   46 | struct SdfNode {
      | ^
/Users/zacharyzhang/Documents/GitHub/Earthcall/src/ConstructedBeing/Object/Object/ObjectTypes.hpp:19:5: note: did you mean struct here?
   19 |     class SdfNode;
      |     ^~~~~
      |     struct
In file included from /Users/zacharyzhang/Documents/GitHub/Earthcall/src/OurVerse/ElementalToolHandler.cpp:1:
In file included from /Users/zacharyzhang/Documents/GitHub/Earthcall/src/OurVerse/ElementalToolHandler.hpp:3:
In file included from /Users/zacharyzhang/Documents/GitHub/Earthcall/src/ZonesOfEarth/ZoneManager.hpp:5:
In file included from /Users/zacharyzhang/Documents/GitHub/Earthcall/src/ZonesOfEarth/Zone/Zone.hpp:5:
In file included from /Users/zacharyzhang/Documents/GitHub/Earthcall/src/ZonesOfEarth/Zone/../World/World.hpp:5:
In file included from /Users/zacharyzhang/Documents/GitHub/Earthcall/src/ConstructedBeing/Object/Object.hpp:40:
/Users/zacharyzhang/Documents/GitHub/Earthcall/src/ConstructedBeing/Object/Geometry/Sdf.hpp:46:1: warning: 'SdfNode' defined as a struct here but previously declared as a class; this is valid, but may result in linker errors under the Microsoft C++ ABI [-Wmismatched-tags]
   46 | struct SdfNode {
      | ^
/Users/zacharyzhang/Documents/GitHub/Earthcall/src/ConstructedBeing/Object/Object/ObjectTypes.hpp:19:5: note: did you mean struct here?
   19 |     class SdfNode;
      |     ^~~~~
      |     struct
In file included from /Users/zacharyzhang/Documents/GitHub/Earthcall/src/OurVerse/CursorTools.cpp:3:
In file included from /Users/zacharyzhang/Documents/GitHub/Earthcall/src/Singularity/Core/Engine.hpp:1:
In file included from /Users/zacharyzhang/Documents/GitHub/Earthcall/src/ZonesOfEarth/Ourverse/Ourverse.hpp:8:
In file included from /Users/zacharyzhang/Documents/GitHub/Earthcall/src/ZonesOfEarth/Ourverse/../Zone/Zone.hpp:5:
In file included from /Users/zacharyzhang/Documents/GitHub/Earthcall/src/ZonesOfEarth/Ourverse/../Zone/../World/World.hpp:5:
In file included from /Users/zacharyzhang/Documents/GitHub/Earthcall/src/ConstructedBeing/Object/Object.hpp:41:
/Users/zacharyzhang/Documents/GitHub/Earthcall/src/ConstructedBeing/Object/Geometry/Patch.hpp:16:1: warning: 'BezierPatch' defined as a struct here but previously declared as a class; this is valid, but may result in linker errors under the Microsoft C++ ABI [-Wmismatched-tags]
   16 | struct BezierPatch {
      | ^
/Users/zacharyzhang/Documents/GitHub/Earthcall/src/ConstructedBeing/Object/Object/ObjectTypes.hpp:21:5: note: did you mean struct here?
   21 |     class BezierPatch;
      |     ^~~~~
      |     struct
In file included from /Users/zacharyzhang/Documents/GitHub/Earthcall/src/OurVerse/ElementalToolHandler.cpp:1:
In file included from /Users/zacharyzhang/Documents/GitHub/Earthcall/src/OurVerse/ElementalToolHandler.hpp:3:
In file included from /Users/zacharyzhang/Documents/GitHub/Earthcall/src/ZonesOfEarth/ZoneManager.hpp:5:
In file included from /Users/zacharyzhang/Documents/GitHub/Earthcall/src/ZonesOfEarth/Zone/Zone.hpp:5:
In file included from /Users/zacharyzhang/Documents/GitHub/Earthcall/src/ZonesOfEarth/Zone/../World/World.hpp:5:
In file included from /Users/zacharyzhang/Documents/GitHub/Earthcall/src/ConstructedBeing/Object/Object.hpp:41:
/Users/zacharyzhang/Documents/GitHub/Earthcall/src/ConstructedBeing/Object/Geometry/Patch.hpp:16:1: warning: 'BezierPatch' defined as a struct here but previously declared as a class; this is valid, but may result in linker errors under the Microsoft C++ ABI [-Wmismatched-tags]
   16 | struct BezierPatch {
      | ^
/Users/zacharyzhang/Documents/GitHub/Earthcall/src/ConstructedBeing/Object/Object/ObjectTypes.hpp:21:5: note: did you mean struct here?
   21 |     class BezierPatch;
      |     ^~~~~
      |     struct
In file included from /Users/zacharyzhang/Documents/GitHub/Earthcall/src/OurVerse/Controls.cpp:4:
/Users/zacharyzhang/Documents/GitHub/Earthcall/src/Singularity/Core/Engine.hpp:70:49: warning: unused parameter 'type' [-Wunused-parameter]
   70 |     template<typename T> void begin2DToolDrag(T type, glm::vec2 pos) { _is2DToolDragging = true; _dragStart = pos; _dragCurrent = pos; }
      |                                                 ^
/Users/zacharyzhang/Documents/GitHub/Earthcall/src/Singularity/Core/Engine.hpp:72:50: warning: unused parameter 'type' [-Wunused-parameter]
   72 |     template<typename T> bool is2DToolDragging(T type) const { return _is2DToolDragging; }
      |                                                  ^
/Users/zacharyzhang/Documents/GitHub/Earthcall/src/Singularity/Core/Engine.hpp:83:30: warning: unused parameter 'index' [-Wunused-parameter]
   83 | In file included from /Users/zacharyzhang/Documents/GitHub/Earthcall/src/Singularity/Core/EngineInit.cpp:7:
/Users/zacharyzhang/Documents/GitHub/Earthcall/src/Singularity/Core/Engine.hpp:70:49: warning: unused parameter 'type' [-Wunused-parameter]
   70 |     template<typename T> void begin2DToolDrag(T type, glm::vec2 pos) { _is2DToolDragging = true; _dragStart = pos; _dragCurrent = pos; }
      |                                                 ^
/Users/zacharyzhang/Documents/GitHub/Earthcall/src/Singularity/Core/Engine.hpp:72:50: warning: unused parameter 'type' [-Wunused-parameter]
   72 |     template<typename T> bool is2DToolDragging(T type) const { return _is2DToolD    void setCurrentColor(int index, fragging; }
      |                                                  ^
/Users/zacharyzhang/Documents/GitHub/Earthcall/src/Singularity/Core/Engine.hpp:83:30:loat val) {} // dummy for now
      |                              ^
/Users/zacharyzhang/Documents/GitHub/Earthcall/src/Singularity/Core/Engine.hpp:83:43: warning: unused parameter 'val' [-Wunused-parameter]
   83 |     void setCurrentColor(int index, float val) {} // dummy for now
      |                                           ^
 warning: unused parameter 'index' [-Wunused-parameter]
   83/Users/zacharyzhang/Documents/GitHub/Earthcall/src/Singularity/Core/Engine.hpp:139:37: warning: unused parameter 'x' [-Wunused-parameter]
 |     void setCurrentColor(int index, float val) {} // dummy for now
      |                              ^
/Users/zacharyzhang/Documents/GitHub/Earthcall/src/Singularity/Core/Engine.hpp:83:43: warning: unused parameter 'val' [-Wunused-parameter]
   83 |     void setCurrentColor(int index, float val) {} // dummy for now
      |                                           ^
  139 |     void setRotateLastCursor(double x, double y) {}
      |                                     ^
/Users/zacharyzhang/Documents/GitHub/Earthcall/src/Singularity/Core/Engine.hpp:139:47: warning: unused parameter 'y' [-Wunused-parameter]
  139 |     void setRotateLastCursor(double x, double /Users/zacharyzhang/Documents/GitHub/Earthcall/src/Singularity/Core/Engine.hpp:139:37: warning: unused parameter 'x' [-Wunused-parameter]
  139 |     void setRotateLastCursor(double x, double y) {}
      |                                     ^
/Users/zacharyzhang/Documents/GitHub/Earthcall/src/Singularity/Core/Engine.hpp:139:47: warning: unused parameter 'y' [-Wunused-parameter]
  139 |     void setRotateLasty) {}
      |                                               ^
Cursor(double x, double y) {}
      |                                               ^
In file included from /Users/zacharyzhang/Documents/GitHub/Earthcall/src/OurVerse/Tool.cpp:2:
/Users/zacharyzhang/Documents/GitHub/Earthcall/src/Singularity/Core/Engine.hpp:70:49: warning: unused parameter 'type' [-Wunused-parameter]
   70 |     template<typename T> void begin2DToolDrag(T type, glm::vec2 pos) { _is2DToolDragging = true; _dragStart = pos; _dragCurrent = pos; }
      |                                                 ^
/Users/zacharyzhang/Documents/GitHub/Earthcall/src/Singularity/Core/Engine.hpp:72:50: warning: unused parameter 'type' [-Wunused-parameter]
   72 |     template<typename T> bool is2DToolDragging(T type) const { return _is2DToolDragging; }
      |                                                  ^
/Users/zacharyzhang/Documents/GitHub/Earthcall/src/Singularity/Core/Engine.hpp:83:30: warning: unused parameter 'index' [-Wunused-parameter]
   83 |     void setCurrentColor(int index, float val) {} // dummy for now
      |                              ^
/Users/zacharyzhang/Documents/GitHub/Earthcall/src/Singularity/Core/Engine.hpp:83:43: warning: unused parameter 'val' [-Wunused-parameter]
   83 |     void setCurrentColor(int index, float val) {} // dummy for now
      |                                           ^
/Users/zacharyzhang/Documents/GitHub/Earthcall/src/Singularity/Core/Engine.hpp:139:37: warning: unused parameter 'x' [-Wunused-parameter]
  139 |     void setRotateLastCursor(double x, double y) {}
      |                                     ^
/Users/zacharyzhang/Documents/GitHub/Earthcall/src/Singularity/Core/Engine.hpp:139:47: warning: unused parameter 'y' [-Wunused-parameter]
  139 |     void setRotateLastCursor(double x, double y) {}
      |                                               ^
In file included from /Users/zacharyzhang/Documents/GitHub/Earthcall/src/Singularity/Core/EngineRender.cpp:5:
/Users/zacharyzhang/Documents/GitHub/Earthcall/src/Singularity/Core/Engine.hpp:70:49: warning: unused parameter 'type' [-Wunused-parameter]
   70 |     template<typename T> void begin2DToolDrag(T type, glm::vec2 pos) { _is2DToolDragging = true; _dragStart = pos; _dragCurrent = pos; }
      |                                                 ^
/Users/zacharyzhang/Documents/GitHub/Earthcall/src/Singularity/Core/Engine.hpp:72:50: warning: unused parameter 'type' [-Wunused-parameter]
   72 |     template<typename T> bool is2DToolDragging(T type) const { return _is2DToolDragging; }
      |                                                  ^
/Users/zacharyzhang/Documents/GitHub/Earthcall/src/Singularity/Core/Engine.hpp:83:30: warning: unused parameter 'index' [-Wunused-parameter]
   83 |     void setCurrentColor(int index, float val) {} // dummy for now
      |                              ^
/Users/zacharyzhang/Documents/GitHub/Earthcall/src/Singularity/Core/Engine.hpp:83:43: warning: unused parameter 'val' [-Wunused-parameter]
   83 |     void setCurrentColor(int index, float val) {} // dummy for now
      |                                           ^
/Users/zacharyzhang/Documents/GitHub/Earthcall/src/Singularity/Core/Engine.hpp:139:37: warning: unused parameter 'x' [-Wunused-parameter]
  139 |     void setRotateLastCursor(double x, double y) {}
      |                                     ^
/Users/zacharyzhang/Documents/GitHub/Earthcall/src/Singularity/Core/Engine.hpp:139:47: warning: unused parameter 'y' [-Wunused-parameter]
  139 |     void setRotateLastCursor(double x, double y) {}
      |                                               ^
In file included from /Users/zacharyzhang/Documents/GitHub/Earthcall/src/Singularity/Core/Engine.cpp:1:
/Users/zacharyzhang/Documents/GitHub/Earthcall/src/Singularity/Core/Engine.hpp:70:49: warning: unused parameter 'type' [-Wunused-parameter]
   70 |     template<typename T> void begin2DToolDrag(T type, glm::vec2 pos) { _is2DToolDragging = true; _dragStart = pos; _dragCurrent = pos; }
      |                                                 ^
/Users/zacharyzhang/Documents/GitHub/Earthcall/src/Singularity/Core/Engine.hpp:72:50: warning: unused parameter 'type' [-Wunused-parameter]
   72 |     template<typename T> bool is2DToolDragging(T type) const { return _is2DToolDragging; }
      |                                                  ^
/Users/zacharyzhang/Documents/GitHub/Earthcall/src/Singularity/Core/Engine.hpp:83:30: warning: unused parameter 'index' [-Wunused-parameter]
   83 |     void setCurrentColor(int index, float val) {} // dummy for now
      |                              ^
/Users/zacharyzhang/Documents/GitHub/Earthcall/src/Singularity/Core/Engine.hpp:83:43: warning: unused parameter 'val' [-Wunused-parameter]
   83 |     void setCurrentColor(int index, float val) {} // dummy for now
      |                                           ^
/Users/zacharyzhang/Documents/GitHub/Earthcall/src/Singularity/Core/Engine.hpp:139:37: warning: unused parameter 'x' [-Wunused-parameter]
  139 |     void setRotateLastCursor(double x, double y) {}
      |                                     ^
/Users/zacharyzhang/Documents/GitHub/Earthcall/src/Singularity/Core/Engine.hpp:139:47: warning: unused parameter 'y' [-Wunused-parameter]
  139 |     void setRotateLastCursor(double x, double y) {}
      |                                               ^
In file included from /Users/zacharyzhang/Documents/GitHub/Earthcall/src/OurVerse/CursorTools.cpp:3:
/Users/zacharyzhang/Documents/GitHub/Earthcall/src/Singularity/Core/Engine.hpp:70:49: warning: unused parameter 'type' [-Wunused-parameter]
   70 |     template<typename T> void begin2DToolDrag(T type, glm::vec2 pos) { _is2DToolDragging = true; _dragStart = pos; _dragCurrent = pos; }
      |                                                 ^
/Users/zacharyzhang/Documents/GitHub/Earthcall/src/Singularity/Core/Engine.hpp:72:50: warning: unused parameter 'type' [-Wunused-parameter]
   72 |     template<typename T> bool is2DToolDragging(T type) const { return _is2DToolDragging; }
      |                                                  ^
/Users/zacharyzhang/Documents/GitHub/Earthcall/src/Singularity/Core/Engine.hpp:83:30: warning: unused parameter 'index' [-Wunused-parameter]
   83 |     void setCurrentColor(int index, float val) {} // dummy for now
      |                              ^
/Users/zacharyzhang/Documents/GitHub/Earthcall/src/Singularity/Core/Engine.hpp:83:43: warning: unused parameter 'val' [-Wunused-parameter]
   83 |     void setCurrentColor(int index, float val) {} // dummy for now
      |                                           ^
/Users/zacharyzhang/Documents/GitHub/Earthcall/src/Singularity/Core/Engine.hpp:139:37: warning: unused parameter 'x' [-Wunused-parameter]
  139 |     void setRotateLastCursor(double x, double y) {}
      |                                     ^
/Users/zacharyzhang/Documents/GitHub/Earthcall/src/Singularity/Core/Engine.hpp:139:47: warning: unused parameter 'y' [-Wunused-parameter]
  139 |     void setRotateLastCursor(double x, double y) {}
      |                                               ^
/Users/zacharyzhang/Documents/GitHub/Earthcall/src/OurVerse/Controls.cpp:15:45: warning: unused parameter 'key' [-Wunused-parameter]
   15 | void ControlPanel::Controls::onKeyPress(int key, int action)
      |                                             ^
/Users/zacharyzhang/Documents/GitHub/Earthcall/src/OurVerse/Controls.cpp:27:43: warning: unused parameter 'dt' [-Wunused-parameter]
   27 | void ControlPanel::Controls::update(float dt, Core::Engine* engine, GLFWwindow* window) {
      |                                           ^
/Users/zacharyzhang/Documents/GitHub/Earthcall/src/OurVerse/Controls.cpp:27:61: warning: unused parameter 'engine' [-Wunused-parameter]
   27 | void ControlPanel::Controls::update(float dt, Core::Engine* engine, GLFWwindow* window) {
      |                                                             ^
/Users/zacharyzhang/Documents/GitHub/Earthcall/src/OurVerse/Controls.cpp:27:81: warning: unused parameter 'window' [-Wunused-parameter]
   27 | void ControlPanel::Controls::update(float dt, Core::Engine* engine, GLFWwindow* window) {
      |                                                                                 ^
/Users/zacharyzhang/Documents/GitHub/Earthcall/src/Singularity/Core/EngineRender.cpp:68:14: error: out-of-line definition of 'render' does not match any declaration in 'Core::Engine'
   68 | void Engine::render() {
      |              ^~~~~~
/Users/zacharyzhang/Documents/GitHub/Earthcall/src/Singularity/Core/Engine.hpp:39:7: note: Engine defined here
   39 | class Engine {
      |       ^~~~~~
/Users/zacharyzhang/Documents/GitHub/Earthcall/src/Singularity/Core/EngineRender.cpp:82:15: error: no member named 'setPlayerEyeHeight' in 'Ourverse'
   82 |     zoneWorld.setPlayerEyeHeight(_player->getBody().getEyeHeight());
      |     ~~~~~~~~~ ^
In file included from /Users/zacharyzhang/Documents/GitHub/Earthcall/src/OurVerse/ElementalToolHandler.cpp:4:
/Users/zacharyzhang/Documents/GitHub/Earthcall/src/Singularity/Core/Engine.hpp:70:49: warning: unused parameter 'type' [-Wunused-parameter]
   70 |     template<typename T> void begin2DToolDrag(T type, glm::vec2 pos) { _is2DToolDragging = true; _dragStart = pos; _dragCurrent = pos; }
      |                                                 ^
/Users/zacharyzhang/Documents/GitHub/Earthcall/src/Singularity/Core/Engine.hpp:72:50: warning: unused parameter 'type' [-Wunused-parameter]
   72 |     template<typename T> bool is2DToolDragging(T type) const { return _is2DToolDragging; }
      |                                                  ^
/Users/zacharyzhang/Documents/GitHub/Earthcall/src/Singularity/Core/Engine.hpp:83:30: warning: unused parameter 'index' [-Wunused-parameter]
   83 |     /Users/zacharyzhang/Documents/GitHub/Earthcall/src/Singularity/Core/EngineRender.cpp:320:34: error: member reference base type 'int' is not a structure or union
void setCurrentColor(int index, float val) {} // dummy for now
      |                              ^
/Users/zacharyzhang/Documents/GitHub/Earthcall/src/Singularity/Core/Engine.hpp:83:43: warning: unused parameter 'val' [-Wunused-parameter]
   83 |     void setCurrentColor(int index, float val) {} // dummy for now
  320 |            |                                           ^   tem
p.setShape(_polyhedro/Users/zacharyzhang/Documents/GitHub/Earthcall/src/Singularity/Core/Engine.hpp:139:37: warning: unused parameter 'x' [-Wunused-parameter]
  139 |     void setRotateLastCursor(double x, double y) {}
      |                                     ^
/Users/zacharyzhang/Documents/GitHub/Earthcall/src/Singularity/Core/Engine.hpp:139:47: warning: unused parameter 'y' [-Wunused-parameter]
  139 |     void setRotateLastCun.shapeKindrsor(double , _polyhedronx, double y) {}
      .shapeParams)|                                               ^
;
      |                       ~~~~~~~~~~~^~~~~~~~~~
/Users/zacharyzhang/Documents/GitHub/Earthcall/src/Singularity/Core/EngineRender.cpp:320:57: error: member reference base type 'int' is not a structure or union
  320 |         temp.setShape(_polyhedron.shapeKind, _polyhedron.shapeParams);
      |                                              ~~~~~~~~~~~^~~~~~~~~~~~
/Users/zacharyzhang/Documents/GitHub/Earthcall/src/Singularity/Core/EngineRender.cpp:323:24: error: member reference base type 'int' is not a structure or union
  323 |         if (_polyhedron.shapeKind == Object::ShapeKind::Polyhedron) {
      |             ~~~~~~~~~~~^~~~~~~~~~
/Users/zacharyzhang/Documents/GitHub/Earthcall/src/Singularity/Core/EngineRender.cpp:346:99: error: member reference base type 'int' is not a structure or union
  346 |     if (_drawingStraightLine && getWorld().current3DMode == Ourverse::Mode3D::None && _currentTool.getType() == Tool::Type::Brush) {
      |                                                                                       ~~~~~~~~~~~~^~~~~~~~
/Users/zacharyzhang/Documents/GitHub/Earthcall/src/Singularity/Core/EngineRender.cpp:372:74: error: member reference base type 'int' is not a structure or union
  372 |     if (getWorld().current3DMode == Ourverse::Mode3D::FaceBrush && _brush.showCursor && _brush.cursorVisible) {
      |                                                                    ~~~~~~^~~~~~~~~~~
/Users/zacharyzhang/Documents/GitHub/Earthcall/src/Singularity/Core/EngineRender.cpp:372:95: error: member reference base type 'int' is not a structure or union
  372 |     if (getWorld().current3DMode == Ourverse::Mode3D::FaceBrush && _brush.showCursor && _brush.cursorVisible) {
      |                                                                                         ~~~~~~^~~~~~~~~~~~~~
/Users/zacharyzhang/Documents/GitHub/Earthcall/src/Singularity/Core/EngineRender.cpp:377:38: error: member reference base type 'int' is not a structure or union
  377 |         float cursorSize = _faceBrush.radius * 100.0f * _brush.previewSize;
      |                            ~~~~~~~~~~^~~~~~~
/Users/zacharyzhang/Documents/GitHub/Earthcall/src/Singularity/Core/EngineRender.cpp:377:63: error: member reference base type 'int' is not a structure or union
  377 |         float cursorSize = _faceBrush.radius * 100.0f * _brush.previewSize;
      |                                                         ~~~~~~^~~~~~~~~~~~
/Users/zacharyzhang/Documents/GitHub/Earthcall/src/Singularity/Core/EngineRender.cpp:394:23: error: member reference base type 'int' is not a structure or union
  394 |         if (_faceBrush.softness < 1.0f)
      |             ~~~~~~~~~~^~~~~~~~~
/Users/zacharyzhang/Documents/GitHub/Earthcall/src/Singularity/Core/EngineRender.cpp:395:73: error: member reference base type 'int' is not a structure or union
  395 |             currentRenderer().drawLines2D(circle(cursorSize * _faceBrush.softness),
      |                                                               ~~~~~~~~~~^~~~~~~~~
/Users/zacharyzhang/Documents/GitHub/Earthcall/src/Singularity/Core/EngineRender.cpp:409:9: error: use of undeclared identifier '_showKeymapWindow'
  409 |     if (_showKeymapWindow) {
      |         ^~~~~~~~~~~~~~~~~
/Users/zacharyzhang/Documents/GitHub/Earthcall/src/Singularity/Core/EngineRender.cpp:411:48: error: use of undeclared identifier '_showKeymapWindow'; did you mean 'Ourverse::showKeymapWindow'?
  411 |         if (ImGui::Begin("Controls / Keymap", &_showKeymapWindow, ImGuiWindowFlags_NoCollapse | ImGuiWindowFlags_AlwaysAutoResize)) {
      |                                                ^~~~~~~~~~~~~~~~~
      |                                                Ourverse::showKeymapWindow
/Users/zacharyzhang/Documents/GitHub/Earthcall/src/ZonesOfEarth/Ourverse/Ourverse.hpp:62:10: note: 'Ourverse::showKeymapWindow' declared here
   62 |     bool showKeymapWindow  = false;
      |          ^
/Users/zacharyzhang/Documents/GitHub/Earthcall/src/Singularity/Core/EngineRender.cpp:411:48: error: invalid use of non-static data member 'showKeymapWindow'
  411 |         if (ImGui::Begin("Controls / Keymap", &_showKeymapWindow, ImGuiWindowFlags_NoCollapse | ImGuiWindowFlags_AlwaysAutoResize)) {
      |                                                ^~~~~~~~~~~~~~~~~
/Users/zacharyzhang/Documents/GitHub/Earthcall/src/Singularity/Core/EngineRender.cpp:447:9: error: use of undeclared identifier '_showDebugCoordinates'
  447 |     if (_showDebugCoordinates) {
      |         ^~~~~~~~~~~~~~~~~~~~~
/Users/zacharyzhang/Documents/GitHub/Earthcall/src/Singularity/Core/EngineRender.cpp:454:48: error: use of undeclared identifier '_showDebugCoordinates'; did you mean 'Ourverse::showDebugCoordinates'?
  454 |         if (ImGui::Begin("Debug Coordinates", &_showDebugCoordinates, window_flags)) {
      |                                                ^~~~~~~~~~~~~~~~~~~~~
      |                                                Ourverse::showDebugCoordinates
/Users/zacharyzhang/Documents/GitHub/Earthcall/src/ZonesOfEarth/Ourverse/Ourverse.hpp:64:10: note: 'Ourverse::showDebugCoordinates' declared here
   64 |     bool showDebugCoordinates = false;
      |          ^
/Users/zacharyzhang/Documents/GitHub/Earthcall/src/Singularity/Core/EngineRender.cpp:454:48: error: invalid use of non-static data member 'showDebugCoordinates'
  454 |         if (ImGui::Begin("Debug Coordinates", &_showDebugCoordinates, window_flags)) {
      |                                                ^~~~~~~~~~~~~~~~~~~~~
/Users/zacharyzhang/Documents/GitHub/Earthcall/src/Singularity/Core/EngineRender.cpp:464:9: error: use of undeclared identifier '_showChatWindow'
  464 |     if (_showChatWindow) {
      |         ^~~~~~~~~~~~~~~
fatal error: too many errors emitted, stopping now [-ferror-limit=]
/Users/zacharyzhang/Documents/GitHub/Earthcall/src/OurVerse/Tool.cpp:947:35: error: use of undeclared identifier 'game'
  947 |         if (buildMouseRay(window, game, rayO, rayDir) && pickSurface(targets, rayO, rayDir, hit))
      |                                   ^~~~
13 warnings and 20 errors generated.
/Users/zacharyzhang/Documents/GitHub/Earthcall/src/OurVerse/Tool.cpp:1027:27: error: use of undeclared identifier 'game'
 1027 |     buildMouseRay(window, game, rayOrigin, rayDir);
      |                           ^~~~
/Users/zacharyzhang/Documents/GitHub/Earthcall/src/OurVerse/Tool.cpp:1054:33: warning: enumeration value 'Free' not handled in switch [-Wswitch]
 1054 |                 switch (engine->getRotationAxisMode()) {
      |                         ~~~~~~~~^~~~~~~~~~~~~~~~~~~~~
/Users/zacharyzhang/Documents/GitHub/Earthcall/src/OurVerse/Tool.cpp:1054:33: note: add missing switch cases
 1054 |                 switch (engine->getRotationAxisMode()) {
      |                                 ^
/Users/zacharyzhang/Documents/GitHub/Earthcall/src/OurVerse/Tool.cpp:1102:32: error: member reference type 'Core::Engine *' is a pointer; did you mean to use '->'?
 1102 |     if (mouseLeftNow && !engine.isMouseLeftPressedLast())
      |                          ~~~~~~^
      |                                ->
make[3]: *** [CMakeFiles/earthcall_core.dir/src/Singularity/Core/EngineRender.cpp.o] Error 1
make[3]: *** Waiting for unfinished jobs....
/Users/zacharyzhang/Documents/GitHub/Earthcall/src/OurVerse/Tool.cpp:1106:36: error: use of undeclared identifier 'game'
 1106 |         if (!buildMouseRay(window, game, rayO, rayDir)) return;
      |                                    ^~~~
/Users/zacharyzhang/Documents/GitHub/Earthcall/src/OurVerse/Tool.cpp:1139:54: error: cannot initialize a variable of type 'AdvancedFacePaint::GradientSettings *' with an rvalue of type 'void *'
 1139 |                 AdvancedFacePaint::GradientSettings* gradientSettings = engine->getCurrentGradientSettings();
      |                                                      ^                  ~~~~~~~~~~~~~~~~~~~~~~~~~~~~~~~~~~~~
/Users/zacharyzhang/Documents/GitHub/Earthcall/src/OurVerse/Tool.cpp:1140:52: error: cannot initialize a variable of type 'AdvancedFacePaint::SmudgeSettings *' with an rvalue of type 'void *'
 1140 |                 AdvancedFacePaint::SmudgeSettings* smudgeSettings = engine->getCurrentSmudgeSettings();
      |                                                    ^                ~~~~~~~~~~~~~~~~~~~~~~~~~~~~~~~~~~
/Users/zacharyzhang/Documents/GitHub/Earthcall/src/OurVerse/Tool.cpp:1170:36: error: use of undeclared identifier 'game'
 1170 |         if (!buildMouseRay(window, game, rayO, rayDir)) return;
      |                                    ^~~~
/Users/zacharyzhang/Documents/GitHub/Earthcall/src/OurVerse/Tool.cpp:1198:35: error: member reference type 'Core::Engine *' is a pointer; did you mean to use '->'?
 1198 |             uv += glm::vec2(engine.getFaceBrushUOffset(), engine.getFaceBrushVOffset());
      |                             ~~~~~~^
      |                                   ->
/Users/zacharyzhang/Documents/GitHub/Earthcall/src/OurVerse/Tool.cpp:1198:65: error: member reference type 'Core::Engine *' is a pointer; did you mean to use '->'?
 1198 |             uv += glm::vec2(engine.getFaceBrushUOffset(), engine.getFaceBrushVOffset());
      |                                                           ~~~~~~^
      |                                                                 ->
/Users/zacharyzhang/Documents/GitHub/Earthcall/src/OurVerse/Tool.cpp:1202:19: error: member reference type 'Core::Engine *' is a pointer; did you mean to use '->'?
 1202 |             engine.setBrushCursorPos(uv);
      |             ~~~~~~^
      |                   ->
/Users/zacharyzhang/Documents/GitHub/Earthcall/src/OurVerse/Tool.cpp:1202:40: error: too few arguments to function call, expected 2, have 1
 1202 |             engine.setBrushCursorPos(uv);
      |             ~~~~~~~~~~~~~~~~~~~~~~~~   ^
/Users/zacharyzhang/Documents/GitHub/Earthcall/src/Singularity/Core/Engine.hpp:169:10: note: 'setBrushCursorPos' declared here
  169 |     void setBrushCursorPos(float, float) {}
      |          ^                 ~~~~~~~~~~~~
/Users/zacharyzhang/Documents/GitHub/Earthcall/src/OurVerse/Tool.cpp:1203:19: error: member reference type 'Core::Engine *' is a pointer; did you mean to use '->'?
 1203 |             engine.setBrushCursorVisible(true);
      |             ~~~~~~^
      |                   ->
/Users/zacharyzhang/Documents/GitHub/Earthcall/src/OurVerse/Tool.cpp:1206:36: error: member reference type 'Core::Engine *' is a pointer; did you mean to use '->'?
 1206 |             float pressure = engine.getCurrentPressure();
      |                              ~~~~~~^
      |                                    ->
/Users/zacharyzhang/Documents/GitHub/Earthcall/src/OurVerse/Tool.cpp:1207:23: error: member reference type 'Core::Engine *' is a pointer; did you mean to use '->'?
 1207 |             if (engine.getUsePressureSimulation())
      |                 ~~~~~~^
      |                       ->
/Users/zacharyzhang/Documents/GitHub/Earthcall/src/OurVerse/Tool.cpp:1211:27: error: member reference type 'Core::Engine *' is a pointer; did you mean to use '->'?
 1211 |                 if (engine.getLastBrushTime() > 0.0f)
      |                     ~~~~~~^
      |                           ->
/Users/zacharyzhang/Documents/GitHub/Earthcall/src/OurVerse/Tool.cpp:1211:28: error: no member named 'getLastBrushTime' in 'Core::Engine'
 1211 |                 if (engine.getLastBrushTime() > 0.0f)
      |                     ~~~~~~ ^
/Users/zacharyzhang/Documents/GitHub/Earthcall/src/OurVerse/Tool.cpp:1213:59: error: member reference type 'Core::Engine *' is a pointer; did you mean to use '->'?
 1213 |                     float timeDelta = currentTime - engine.getLastBrushTime();
      |                                                     ~~~~~~^
      |                                                           ->
/Users/zacharyzhang/Documents/GitHub/Earthcall/src/OurVerse/Tool.cpp:1213:60: error: no member named 'getLastBrushTime' in 'Core::Engine'
 1213 |                     float timeDelta = currentTime - engine.getLastBrushTime();
      |                                                     ~~~~~~ ^
/Users/zacharyzhang/Documents/GitHub/Earthcall/src/OurVerse/Tool.cpp:1216:62: error: member reference type 'Core::Engine *' is a pointer; did you mean to use '->'?
 1216 |                         float speed = glm::length(uv - engine.getLastBrushUV()) / timeDelta;
      |                                                        ~~~~~~^
      |                                                              ->
fatal error: too many errors emitted, stopping now [-ferror-limit=]
14 warnings and 20 errors generated.
make[3]: *** [CMakeFiles/earthcall_core.dir/src/OurVerse/Tool.cpp.o] Error 1
/Users/zacharyzhang/Documents/GitHub/Earthcall/src/Singularity/Core/EngineInit.cpp:150:52: warning: lambda capture 'this' is not used [-Wunused-lambda-capture]
  150 |     _mainMenu.addOption("Quick Save", GLFW_KEY_S, [this]() {  });
      |                                                    ^~~~
/Users/zacharyzhang/Documents/GitHub/Earthcall/src/Singularity/Core/EngineInit.cpp:151:52: warning: lambda capture 'this' is not used [-Wunused-lambda-capture]
  151 |     _mainMenu.addOption("Save As...", GLFW_KEY_A, [this]() { mgr.getSaveLoadState().showSaveWindow = true; });
      |                                                    ^~~~
/Users/zacharyzhang/Documents/GitHub/Earthcall/src/Singularity/Core/EngineInit.cpp:152:46: warning: lambda capture 'this' is not used [-Wunused-lambda-capture]
  152 |     _mainMenu.addOption("Load", GLFW_KEY_L, [this]() { mgr.updateSaveFiles(); mgr.getSaveLoadState().showLoadWindow = true; });
      |                                              ^~~~
/Users/zacharyzhang/Documents/GitHub/Earthcall/src/Singularity/Core/EngineInit.cpp:153:54: warning: lambda capture 'this' is not used [-Wunused-lambda-capture]
  153 |     _mainMenu.addOption("Save Manager", GLFW_KEY_G, [this]() { mgr.getSaveLoadState().showManager = true; });
      |                                                      ^~~~
/Users/zacharyzhang/Documents/GitHub/Earthcall/src/Singularity/Core/EngineInit.cpp:167:67: warning: lambda capture 'this' is not used [-Wunused-lambda-capture]
  167 |     _mainMenu.addOption("Character Architect Forge", GLFW_KEY_C, [this]() {
      |                                                                   ^~~~
/Users/zacharyzhang/Documents/GitHub/Earthcall/src/Singularity/Core/EngineInit.cpp:239:61: warning: lambda capture 'this' is not used [-Wunused-lambda-capture]
  239 |     _keyboardHandler->bindKey(GLFW_KEY_F, "toggle_flight", [this]() {
      |                                                             ^~~~
/Users/zacharyzhang/Documents/GitHub/Earthcall/src/Singularity/Core/EngineInit.cpp:242:72: warning: lambda capture 'this' is not used [-Wunused-lambda-capture]
  242 |     _keyboardHandler->bindKey(GLFW_KEY_C, "switch_to_character_zone", [this]() {
      |                                                                        ^~~~
/Users/zacharyzhang/Documents/GitHub/Earthcall/src/Singularity/Core/EngineInit.cpp:253:67: warning: lambda capture 'this' is not used [-Wunused-lambda-capture]
  253 |     _keyboardHandler->bindKey(GLFW_KEY_F6, "toggle_gravity_viz", [this]() {
      |                                                                   ^~~~
/Users/zacharyzhang/Documents/GitHub/Earthcall/src/Singularity/Core/EngineInit.cpp:257:69: warning: lambda capture 'this' is not used [-Wunused-lambda-capture]
  257 |     _keyboardHandler->bindKey(GLFW_KEY_F7, "toggle_gravity_field", [this]() {
      |                                                                     ^~~~
17 warnings generated.
13 warnings generated.
13 warnings generated.
In file included from /Users/zacharyzhang/Documents/GitHub/Earthcall/src/Integration/RealWebView.cpp:8:
In file included from /Users/zacharyzhang/Documents/GitHub/Earthcall/src/Integration/../Legacy/DesignSystem.hpp:9:
In file included from /Users/zacharyzhang/Documents/GitHub/Earthcall/src/OurVerse/Tool.hpp:5:
In file included from /Users/zacharyzhang/Documents/GitHub/Earthcall/src/ConstructedBeing/Object/Object.hpp:35:
/Users/zacharyzhang/Documents/GitHub/Earthcall/src/ConstructedBeing/Object/Object/PolyhedronData.hpp:12:1: warning: 'PolyhedronData' defined as a struct here but previously declared as a class; this is valid, but may result in linker errors under the Microsoft C++ ABI [-Wmismatched-tags]
   12 | struct PolyhedronData {
      | ^
/Users/zacharyzhang/Documents/GitHub/Earthcall/src/ConstructedBeing/Object/Object/ObjectTypes.hpp:24:1: note: did you mean struct here?
   24 | class PolyhedronData;
      | ^~~~~
      | struct
In file included from /Users/zacharyzhang/Documents/GitHub/Earthcall/src/Integration/RealWebView.cpp:8:
In file included from /Users/zacharyzhang/Documents/GitHub/Earthcall/src/Integration/../Legacy/DesignSystem.hpp:9:
In file included from /Users/zacharyzhang/Documents/GitHub/Earthcall/src/OurVerse/Tool.hpp:5:
In file included from /Users/zacharyzhang/Documents/GitHub/Earthcall/src/ConstructedBeing/Object/Object.hpp:36:
In file included from /Users/zacharyzhang/Documents/GitHub/Earthcall/src/ConstructedBeing/Object/Object/FaceTexture.hpp:3:
In file included from /Users/zacharyzhang/Documents/GitHub/Earthcall/src/Rendering/Renderer.hpp:4:
/Users/zacharyzhang/Documents/GitHub/Earthcall/src/ConstructedBeing/Object/Geometry/SmoothSurface.hpp:23:1: warning: 'TessMesh' defined as a struct here but previously declared as a class; this is valid, but may result in linker errors under the Microsoft C++ ABI [-Wmismatched-tags]
   23 | struct TessMesh {
      | ^
/Users/zacharyzhang/Documents/GitHub/Earthcall/src/ConstructedBeing/Object/Object/ObjectTypes.hpp:20:5: note: did you mean struct here?
   20 |     class TessMesh;
      |     ^~~~~
      |     struct
In file included from /Users/zacharyzhang/Documents/GitHub/Earthcall/src/Integration/RealWebView.cpp:8:
In file included from /Users/zacharyzhang/Documents/GitHub/Earthcall/src/Integration/../Legacy/DesignSystem.hpp:9:
In file included from /Users/zacharyzhang/Documents/GitHub/Earthcall/src/OurVerse/Tool.hpp:5:
In file included from /Users/zacharyzhang/Documents/GitHub/Earthcall/src/ConstructedBeing/Object/Object.hpp:36:
In file included from /Users/zacharyzhang/Documents/GitHub/Earthcall/src/ConstructedBeing/Object/Object/FaceTexture.hpp:3:
In file included from /Users/zacharyzhang/Documents/GitHub/Earthcall/src/Rendering/Renderer.hpp:4:
/Users/zacharyzhang/Documents/GitHub/Earthcall/src/ConstructedBeing/Object/Geometry/SmoothSurface.hpp:27:1: warning: 'SmoothSurfaceData' defined as a struct here but previously declared as a class; this is valid, but may result in linker errors under the Microsoft C++ ABI [-Wmismatched-tags]
   27 | struct SmoothSurfaceData {
      | ^
/Users/zacharyzhang/Documents/GitHub/Earthcall/src/ConstructedBeing/Object/Object/ObjectTypes.hpp:17:5: note: did you mean struct here?
   17 |     class SmoothSurfaceData;
      |     ^~~~~
      |     struct
In file included from /Users/zacharyzhang/Documents/GitHub/Earthcall/src/Integration/RealWebView.cpp:8:
In file included from /Users/zacharyzhang/Documents/GitHub/Earthcall/src/Integration/../Legacy/DesignSystem.hpp:9:
In file included from /Users/zacharyzhang/Documents/GitHub/Earthcall/src/OurVerse/Tool.hpp:5:
In file included from /Users/zacharyzhang/Documents/GitHub/Earthcall/src/ConstructedBeing/Object/Object.hpp:36:
In file included from /Users/zacharyzhang/Documents/GitHub/Earthcall/src/ConstructedBeing/Object/Object/FaceTexture.hpp:3:
/Users/zacharyzhang/Documents/GitHub/Earthcall/src/Rendering/Renderer.hpp:10:18: warning: struct 'SdfNode' was previously declared as a class; this is valid, but may result in linker errors under the Microsoft C++ ABI [-Wmismatched-tags]
   10 | namespace geom { struct SdfNode; class FieldNode; }
      |                  ^
/Users/zacharyzhang/Documents/GitHub/Earthcall/src/ConstructedBeing/Object/Object/ObjectTypes.hpp:19:11: note: previous use is here
   19 |     class SdfNode;
      |           ^
In file included from /Users/zacharyzhang/Documents/GitHub/Earthcall/src/Integration/RealWebView.cpp:8:
In file included from /Users/zacharyzhang/Documents/GitHub/Earthcall/src/Integration/../Legacy/DesignSystem.hpp:9:
In file included from /Users/zacharyzhang/Documents/GitHub/Earthcall/src/OurVerse/Tool.hpp:5:
In file included from /Users/zacharyzhang/Documents/GitHub/Earthcall/src/ConstructedBeing/Object/Object.hpp:39:
/Users/zacharyzhang/Documents/GitHub/Earthcall/src/ConstructedBeing/Object/Geometry/ComplexShape.hpp:70:1: warning: 'ComplexShapeData' defined as a struct here but previously declared as a class; this is valid, but may result in linker errors under the Microsoft C++ ABI [-Wmismatched-tags]
   70 | struct ComplexShapeData {
      | ^
/Users/zacharyzhang/Documents/GitHub/Earthcall/src/ConstructedBeing/Object/Object/ObjectTypes.hpp:18:5: note: did you mean struct here?
   18 |     class ComplexShapeData;
      |     ^~~~~
      |     struct
In file included from /Users/zacharyzhang/Documents/GitHub/Earthcall/src/Integration/RealWebView.cpp:8:
In file included from /Users/zacharyzhang/Documents/GitHub/Earthcall/src/Integration/../Legacy/DesignSystem.hpp:9:
In file included from /Users/zacharyzhang/Documents/GitHub/Earthcall/src/OurVerse/Tool.hpp:5:
In file included from /Users/zacharyzhang/Documents/GitHub/Earthcall/src/ConstructedBeing/Object/Object.hpp:40:
/Users/zacharyzhang/Documents/GitHub/Earthcall/src/ConstructedBeing/Object/Geometry/Sdf.hpp:46:1: warning: 'SdfNode' defined as a struct here but previously declared as a class; this is valid, but may result in linker errors under the Microsoft C++ ABI [-Wmismatched-tags]
   46 | struct SdfNode {
      | ^
/Users/zacharyzhang/Documents/GitHub/Earthcall/src/ConstructedBeing/Object/Object/ObjectTypes.hpp:19:5: note: did you mean struct here?
   19 |     class SdfNode;
      |     ^~~~~
      |     struct
In file included from /Users/zacharyzhang/Documents/GitHub/Earthcall/src/Integration/RealWebView.cpp:8:
In file included from /Users/zacharyzhang/Documents/GitHub/Earthcall/src/Integration/../Legacy/DesignSystem.hpp:9:
In file included from /Users/zacharyzhang/Documents/GitHub/Earthcall/src/OurVerse/Tool.hpp:5:
In file included from /Users/zacharyzhang/Documents/GitHub/Earthcall/src/ConstructedBeing/Object/Object.hpp:41:
/Users/zacharyzhang/Documents/GitHub/Earthcall/src/ConstructedBeing/Object/Geometry/Patch.hpp:16:1: warning: 'BezierPatch' defined as a struct here but previously declared as a class; this is valid, but may result in linker errors under the Microsoft C++ ABI [-Wmismatched-tags]
   16 | struct BezierPatch {
      | ^
/Users/zacharyzhang/Documents/GitHub/Earthcall/src/ConstructedBeing/Object/Object/ObjectTypes.hpp:21:5: note: did you mean struct here?
   21 |     class BezierPatch;
      |     ^~~~~
      |     struct
In file included from /Users/zacharyzhang/Documents/GitHub/Earthcall/src/Integration/RealWebView.cpp:11:
/Users/zacharyzhang/Documents/GitHub/Earthcall/src/Integration/../Singularity/Core/Engine.hpp:70:49: warning: unused parameter 'type' [-Wunused-parameter]
   70 |     template<typename T> void begin2DToolDrag(T type, glm::vec2 pos) { _is2DToolDragging = true; _dragStart = pos; _dragCurrent = pos; }
      |                                                 ^
/Users/zacharyzhang/Documents/GitHub/Earthcall/src/Integration/../Singularity/Core/Engine.hpp:72:50: warning: unused parameter 'type' [-Wunused-parameter]
   72 |     template<typename T> bool is2DToolDragging(T type) const { return _is2DToolDragging; }
      |                                                  ^
/Users/zacharyzhang/Documents/GitHub/Earthcall/src/Integration/../Singularity/Core/Engine.hpp:83:30: warning: unused parameter 'index' [-Wunused-parameter]
   83 |     void setCurrentColor(int index, float val) {} // dummy for now
      |                              ^
/Users/zacharyzhang/Documents/GitHub/Earthcall/src/Integration/../Singularity/Core/Engine.hpp:83:43: warning: unused parameter 'val' [-Wunused-parameter]
   83 |     void setCurrentColor(int index, float val) {} // dummy for now
      |                                           ^
/Users/zacharyzhang/Documents/GitHub/Earthcall/src/Integration/../Singularity/Core/Engine.hpp:139:37: warning: unused parameter 'x' [-Wunused-parameter]
  139 |     void setRotateLastCursor(double x, double y) {}
      |                                     ^
/Users/zacharyzhang/Documents/GitHub/Earthcall/src/Integration/../Singularity/Core/Engine.hpp:139:47: warning: unused parameter 'y' [-Wunused-parameter]
  139 |     void setRotateLastCursor(double x, double y) {}
      |                                               ^
/Users/zacharyzhang/Documents/GitHub/Earthcall/src/Integration/RealWebView.cpp:76:36: warning: 'javaScriptEnabled' is deprecated: first deprecated in macOS 11.0 - Use WKWebpagePreferences.allowsContentJavaScript to disable content JavaScript on a per-navigation basis [-Wdeprecated-declarations]
   76 |             _webConfig.preferences.javaScriptEnabled = YES;
      |                                    ^
/Library/Developer/CommandLineTools/SDKs/MacOSX.sdk/System/Library/Frameworks/WebKit.framework/Headers/WKPreferences.h:115:28: note: 'javaScriptEnabled' has been explicitly marked deprecated here
  115 | @property (nonatomic) BOOL javaScriptEnabled API_DEPRECATED("Use WKWebpagePreferences.allowsContentJavaScript to disable content JavaScript on a per-navigation basis", macos(10.10, 11.0), ios(8.0, 14.0));
      |                            ^
/Users/zacharyzhang/Documents/GitHub/Earthcall/src/Integration/RealWebView.cpp:100:9: warning: '__weak' only applies to Objective-C object or block pointer types; type here is 'RealWebView *' [-Wignored-attributes]
  100 |         __weak RealWebView* weakSelf = this;
      |         ^
In file included from /Users/zacharyzhang/Documents/GitHub/Earthcall/src/Singularity/Core/EngineInit.cpp:1:
In file included from /Users/zacharyzhang/Documents/GitHub/Earthcall/src/Person/Person.hpp:2:
In file included from /Library/Developer/CommandLineTools/SDKs/MacOSX.sdk/usr/include/c++/v1/string:654:
In file included from /Library/Developer/CommandLineTools/SDKs/MacOSX.sdk/usr/include/c++/v1/string_view:951:
In file included from /Library/Developer/CommandLineTools/SDKs/MacOSX.sdk/usr/include/c++/v1/algorithm:1865:
In file included from /Library/Developer/CommandLineTools/SDKs/MacOSX.sdk/usr/include/c++/v1/__algorithm/inplace_merge.h:27:
/Library/Developer/CommandLineTools/SDKs/MacOSX.sdk/usr/include/c++/v1/__memory/unique_ptr.h:759:30: error: allocation of incomplete type 'ElementalToolHandler'
  759 |   return unique_ptr<_Tp>(new _Tp(std::forward<_Args>(__args)...));
      |                              ^~~
/Users/zacharyzhang/Documents/GitHub/Earthcall/src/Singularity/Core/EngineInit.cpp:128:34: note: in instantiation of function template specialization 'std::make_unique<ElementalToolHandler, ZoneManager *, 0>' requested here
  128 |     _elementalToolHandler = std::make_unique<ElementalToolHandler>(&mgr);
      |                                  ^
/Users/zacharyzhang/Documents/GitHub/Earthcall/src/Singularity/Core/Engine.hpp:16:7: note: forward declaration of 'ElementalToolHandler'
   16 | class ElementalToolHandler;
      |       ^
In file included from /Users/zacharyzhang/Documents/GitHub/Earthcall/src/Singularity/Core/EngineInit.cpp:1:
In file included from /Users/zacharyzhang/Documents/GitHub/Earthcall/src/Person/Person.hpp:2:
In file included from /Library/Developer/CommandLineTools/SDKs/MacOSX.sdk/usr/include/c++/v1/string:654:
In file included from /Library/Developer/CommandLineTools/SDKs/MacOSX.sdk/usr/include/c++/v1/string_view:951:
In file included from /Library/Developer/CommandLineTools/SDKs/MacOSX.sdk/usr/include/c++/v1/algorithm:1865:
In file included from /Library/Developer/CommandLineTools/SDKs/MacOSX.sdk/usr/include/c++/v1/__algorithm/inplace_merge.h:27:
/Library/Developer/CommandLineTools/SDKs/MacOSX.sdk/usr/include/c++/v1/__memory/unique_ptr.h:75:19: error: invalid application of 'sizeof' to an incomplete type 'ElementalToolHandler'
   75 |     static_assert(sizeof(_Tp) >= 0, "cannot delete an incomplete type");
      |                   ^~~~~~~~~~~
/Library/Developer/CommandLineTools/SDKs/MacOSX.sdk/usr/include/c++/v1/__memory/unique_ptr.h:290:7: note: in instantiation of member function 'std::default_delete<ElementalToolHandler>::operator()' requested here
  290 |       __deleter_(__tmp);
      |       ^
/Library/Developer/CommandLineTools/SDKs/MacOSX.sdk/usr/include/c++/v1/__memory/unique_ptr.h:259:71: note: in instantiation of member function 'std::unique_ptr<ElementalToolHandler>::reset' requested here
  259 |   _LIBCPP_HIDE_FROM_ABI _LIBCPP_CONSTEXPR_SINCE_CXX23 ~unique_ptr() { reset(); }
      |                                                                       ^
/Users/zacharyzhang/Documents/GitHub/Earthcall/src/Singularity/Core/EngineInit.cpp:128:29: note: in instantiation of member function 'std::unique_ptr<ElementalToolHandler>::~unique_ptr' requested here
  128 |     _elementalToolHandler = std::make_unique<ElementalToolHandler>(&mgr);
      |                             ^
/Users/zacharyzhang/Documents/GitHub/Earthcall/src/Singularity/Core/Engine.hpp:16:7: note: forward declaration of 'ElementalToolHandler'
   16 | class ElementalToolHandler;
      |       ^
/Users/zacharyzhang/Documents/GitHub/Earthcall/src/Integration/RealWebView.cpp:420:70: warning: unused parameter 'result' [-Wunused-parameter]
  420 |         [_webView evaluateJavaScript:nsScript completionHandler:^(id result, NSError* error) {
      |                                                                      ^
In file included from /Users/zacharyzhang/Documents/GitHub/Earthcall/src/Singularity/Core/Engine.cpp:1:
In file included from /Users/zacharyzhang/Documents/GitHub/Earthcall/src/Singularity/Core/Engine.hpp:1:
In file included from /Users/zacharyzhang/Documents/GitHub/Earthcall/src/ZonesOfEarth/Ourverse/Ourverse.hpp:2:
In file included from /Library/Developer/CommandLineTools/SDKs/MacOSX.sdk/usr/include/c++/v1/vector:352:
In file included from /Library/Developer/CommandLineTools/SDKs/MacOSX.sdk/usr/include/c++/v1/algorithm:1865:
In file included from /Library/Developer/CommandLineTools/SDKs/MacOSX.sdk/usr/include/c++/v1/__algorithm/inplace_merge.h:27:
/Library/Developer/CommandLineTools/SDKs/MacOSX.sdk/usr/include/c++/v1/__memory/unique_ptr.h:75:19: error: invalid application of 'sizeof' to an incomplete type 'Chat'
   75 |     static_assert(sizeof(_Tp) >= 0, "cannot delete an incomplete type");
      |                   ^~~~~~~~~~~
/Library/Developer/CommandLineTools/SDKs/MacOSX.sdk/usr/include/c++/v1/__memory/unique_ptr.h:290:7: note: in instantiation of member function 'std::default_delete<Chat>::operator()' requested here
  290 |       __deleter_(__tmp);
      |       ^
/Library/Developer/CommandLineTools/SDKs/MacOSX.sdk/usr/include/c++/v1/__memory/unique_ptr.h:259:71: note: in instantiation of member function 'std::unique_ptr<Chat>::reset' requested here
  259 |   _LIBCPP_HIDE_FROM_ABI _LIBCPP_CONSTEXPR_SINCE_CXX23 ~unique_ptr() { reset(); }
      |                                                                       ^
/Users/zacharyzhang/Documents/GitHub/Earthcall/src/Singularity/Core/Engine.hpp:91:5: note: in instantiation of member function 'std::unique_ptr<Chat>::~unique_ptr' requested here
   91 |     Engine() = default;                       // use instance()
      |     ^
/Users/zacharyzhang/Documents/GitHub/Earthcall/src/Singularity/Core/Engine.hpp:12:7: note: forward declaration of 'Chat'
   12 | class Chat;
      |       ^
13 warnings and 1 error generated.
make[3]: *** [CMakeFiles/earthcall_core.dir/src/Singularity/Core/Engine.cpp.o] Error 1
22 warnings and 2 errors generated.
make[3]: *** [CMakeFiles/earthcall_core.dir/src/Singularity/Core/EngineInit.cpp.o] Error 1
16 warnings generated.
make[2]: *** [CMakeFiles/earthcall_core.dir/all] Error 2
make[1]: *** [CMakeFiles/earthcall.dir/rule] Error 2
make: *** [earthcall] Error 2
