{
  "cameraFront": [
    -0.08456631749868393,
    -0.5802810192108154,
    -0.810014009475708
  ],
  "cameraPos": [
    1.8903467655181885,
    9.901326179504395,
    14.064275741577148
  ],
  "cameraUp": [
    0.0,
    1.0,
    0.0
  ],
  "currentColor": [
    1.0,
    0.19999998807907104,
    0.19999998807907104
  ],
  "currentTool": 0,
  "currentZone": 0,
  "flying": true,
  "objects": [
    {
      "faceColors": [
        [
          1.0,
          0.8999999761581421,
          0.20000000298023224
        ],
        [
          1.0,
          0.8999999761581421,
          0.20000000298023224
        ],
        [
          1.0,
          0.8999999761581421,
          0.20000000298023224
        ],
        [
          1.0,
          0.8999999761581421,
          0.20000000298023224
        ],
        [
          1.0,
          0.8999999761581421,
          0.20000000298023224
        ],
        [
          1.0,
          0.8999999761581421,
          0.20000000298023224
        ]
      ],
      "transform": [
        1.0,
        0.0,
        0.0,
        0.0,
        0.0,
        1.0,
        0.0,
        0.0,
        0.0,
        0.0,
        1.0,
        0.0,
        0.06261933594942093,
        0.5,
        1.3374660015106201,
        1.0
      ]
    }
  ],
  "pitch": -35.470306396484375,
  "worldMode": 0,
  "worldPhysics": true,
  "yaw": -95.96015167236328,
  "zones": [
    {
      "b": 0.10000000149011612,
      "g": 0.05000000074505806,
      "name": "Player's Sanctuary",
      "r": 0.05000000074505806,
      "strokes": [],
      "world": {
        "objects": [
          {
            "faceColors": [
              [
                1.0,
                0.0,
                0.0
              ],
              [
                1.0,
                0.0,
                0.0
              ],
              [
                0.0,
                1.0,
                0.0
              ],
              [
                0.0,
                1.0,
                0.0
              ],
              [
                0.0,
                0.0,
                1.0
              ],
              [
                0.0,
                0.0,
                1.0
              ]
            ],
            "geometryType": 0,
            "transform": [
              0.11695932596921921,
              0.4415203332901001,
              0.8895955681800842,
              0.0,
              0.4415203332901001,
              0.77923983335495,
              -0.4447977840900421,
              0.0,
              -0.8895955681800842,
              0.4447977840900421,
              -0.10380084812641144,
              0.0,
              0.0,
              0.0,
              0.0,
              1.0
            ]
          },
          {
            "faceColors": [
              [
                1.0,
                0.0,
                0.0
              ],
              [
                1.0,
                0.0,
                0.0
              ],
              [
                0.0,
                1.0,
                0.0
              ],
              [
                0.0,
                1.0,
                0.0
              ],
              [
                0.0,
                0.0,
                1.0
              ],
              [
                0.0,
                0.0,
                1.0
              ]
            ],
            "geometryType": 0,
            "transform": [
              100.0,
              0.0,
              0.0,
              0.0,
              0.0,
              1.0,
              0.0,
              0.0,
              0.0,
              0.0,
              100.0,
              0.0,
              0.0,
              0.0,
              0.0,
              1.0
            ]
          },
          {
            "faceColors": [
              [
                1.0,
                0.8999999761581421,
                0.20000000298023224
              ],
              [
                1.0,
                0.8999999761581421,
                0.20000000298023224
              ],
              [
                1.0,
                0.8999999761581421,
                0.20000000298023224
              ],
              [
                1.0,
                0.8999999761581421,
                0.20000000298023224
              ],
              [
                1.0,
                0.8999999761581421,
                0.20000000298023224
              ],
              [
                1.0,
                0.8999999761581421,
                0.20000000298023224
              ]
            ],
            "geometryType": 0,
            "transform": [
              1.0,
              0.0,
              0.0,
              0.0,
              0.0,
              1.0,
              0.0,
              0.0,
              0.0,
              0.0,
              1.0,
              0.0,
              0.06261933594942093,
              0.5,
              1.3374660015106201,
              1.0
            ]
          }
        ]
      }
    },
    {
      "b": 0.10000000149011612,
      "g": 0.05000000074505806,
      "name": "Sanctum of Beginnings",
      "r": 0.05000000074505806,
      "strokes": [],
      "world": {
        "objects": []
      }
    },
    {
      "b": 0.10000000149011612,
      "g": 0.05000000074505806,
      "name": "Temple of Echoes",
      "r": 0.05000000074505806,
      "strokes": [],
      "world": {
        "objects": []
      }
    },
    {
      "b": 0.10000000149011612,
      "g": 0.05000000074505806,
      "name": "Cavern of Light",
      "r": 0.05000000074505806,
      "strokes": [],
      "world": {
        "objects": []
      }
    },
    {
      "b": 0.10000000149011612,
      "g": 0.05000000074505806,
      "name": "Character Architect Forge",
      "r": 0.05000000074505806,
      "strokes": [],
      "world": {
        "objects": []
      }
    }
  ]
}