{
  "cameraFront": [
    0.17846089601516724,
    -0.623879611492157,
    -0.7608718872070313
  ],
  "cameraPos": [
    -1.8499925136566162,
    11.096658706665039,
    12.916321754455566
  ],
  "cameraUp": [
    0.0,
    1.0,
    0.0
  ],
  "currentColor": [
    1.0,
    0.8999999761581421,
    0.20000000298023224
  ],
  "currentTool": 0,
  "currentZone": 0,
  "flying": true,
  "objects": [
    {
      "faceColors": [
        [
          1.0,
          0.8999999761581421,
          0.20000000298023224
        ],
        [
          1.0,
          0.8999999761581421,
          0.20000000298023224
        ],
        [
          1.0,
          0.8999999761581421,
          0.20000000298023224
        ],
        [
          1.0,
          0.8999999761581421,
          0.20000000298023224
        ],
        [
          1.0,
          0.8999999761581421,
          0.20000000298023224
        ],
        [
          1.0,
          0.8999999761581421,
          0.20000000298023224
        ]
      ],
      "transform": [
        1.0,
        0.0,
        0.0,
        0.0,
        0.0,
        1.0,
        0.0,
        0.0,
        0.0,
        0.0,
        1.0,
        0.0,
        -1.4930707216262817,
        0.49586981534957886,
        11.394577980041504,
        1.0
      ]
    },
    {
      "faceColors": [
        [
          1.0,
          0.8999999761581421,
          0.20000000298023224
        ],
        [
          1.0,
          0.8999999761581421,
          0.20000000298023224
        ],
        [
          1.0,
          0.8999999761581421,
          0.20000000298023224
        ],
        [
          1.0,
          0.8999999761581421,
          0.20000000298023224
        ],
        [
          1.0,
          0.8999999761581421,
          0.20000000298023224
        ],
        [
          1.0,
          0.8999999761581421,
          0.20000000298023224
        ]
      ],
      "transform": [
        1.0,
        0.0,
        0.0,
        0.0,
        0.0,
        1.0,
        0.0,
        0.0,
        0.0,
        0.0,
        1.0,
        0.0,
        -1.4930707216262817,
        1.497869849205017,
        11.394577980041504,
        1.0
      ]
    }
  ],
  "pitch": -38.60000228881836,
  "worldMode": 0,
  "worldPhysics": true,
  "yaw": -76.80000305175781,
  "zones": [
    {
      "b": 0.10000000149011612,
      "g": 0.05000000074505806,
      "name": "Player's Sanctuary",
      "r": 0.05000000074505806,
      "strokes": [],
      "world": {
        "objects": [
          {
            "faceColors": [
              [
                1.0,
                0.0,
                0.0
              ],
              [
                1.0,
                0.0,
                0.0
              ],
              [
                0.0,
                1.0,
                0.0
              ],
              [
                0.0,
                1.0,
                0.0
              ],
              [
                0.0,
                0.0,
                1.0
              ],
              [
                0.0,
                0.0,
                1.0
              ]
            ],
            "geometryType": 0,
            "transform": [
              0.2397170215845108,
              0.3801414370536804,
              -0.8933241963386536,
              0.0,
              0.3801414370536804,
              0.8099291920661926,
              0.4466620981693268,
              0.0,
              0.8933241963386536,
              -0.4466620981693268,
              0.04964630305767059,
              0.0,
              0.0,
              0.0,
              0.0,
              1.0
            ]
          },
          {
            "faceColors": [
              [
                1.0,
                0.0,
                0.0
              ],
              [
                1.0,
                0.0,
                0.0
              ],
              [
                0.0,
                1.0,
                0.0
              ],
              [
                0.0,
                1.0,
                0.0
              ],
              [
                0.0,
                0.0,
                1.0
              ],
              [
                0.0,
                0.0,
                1.0
              ]
            ],
            "geometryType": 0,
            "transform": [
              100.0,
              0.0,
              0.0,
              0.0,
              0.0,
              1.0,
              0.0,
              0.0,
              0.0,
              0.0,
              100.0,
              0.0,
              0.0,
              0.0,
              0.0,
              1.0
            ]
          },
          {
            "faceColors": [
              [
                1.0,
                0.8999999761581421,
                0.20000000298023224
              ],
              [
                1.0,
                0.8999999761581421,
                0.20000000298023224
              ],
              [
                1.0,
                0.8999999761581421,
                0.20000000298023224
              ],
              [
                1.0,
                0.8999999761581421,
                0.20000000298023224
              ],
              [
                1.0,
                0.8999999761581421,
                0.20000000298023224
              ],
              [
                1.0,
                0.8999999761581421,
                0.20000000298023224
              ]
            ],
            "geometryType": 4,
            "transform": [
              1.0,
              0.0,
              0.0,
              0.0,
              0.0,
              1.0,
              0.0,
              0.0,
              0.0,
              0.0,
              1.0,
              0.0,
              -1.4930707216262817,
              0.49586981534957886,
              11.394577980041504,
              1.0
            ]
          },
          {
            "faceColors": [
              [
                1.0,
                0.8999999761581421,
                0.20000000298023224
              ],
              [
                1.0,
                0.8999999761581421,
                0.20000000298023224
              ],
              [
                1.0,
                0.8999999761581421,
                0.20000000298023224
              ],
              [
                1.0,
                0.8999999761581421,
                0.20000000298023224
              ],
              [
                1.0,
                0.8999999761581421,
                0.20000000298023224
              ],
              [
                1.0,
                0.8999999761581421,
                0.20000000298023224
              ]
            ],
            "geometryType": 4,
            "transform": [
              1.0,
              0.0,
              0.0,
              0.0,
              0.0,
              1.0,
              0.0,
              0.0,
              0.0,
              0.0,
              1.0,
              0.0,
              -1.4930707216262817,
              1.497869849205017,
              11.394577980041504,
              1.0
            ]
          }
        ]
      }
    },
    {
      "b": 0.10000000149011612,
      "g": 0.05000000074505806,
      "name": "Sanctum of Beginnings",
      "r": 0.05000000074505806,
      "strokes": [],
      "world": {
        "objects": []
      }
    },
    {
      "b": 0.10000000149011612,
      "g": 0.05000000074505806,
      "name": "Temple of Echoes",
      "r": 0.05000000074505806,
      "strokes": [],
      "world": {
        "objects": []
      }
    },
    {
      "b": 0.10000000149011612,
      "g": 0.05000000074505806,
      "name": "Cavern of Light",
      "r": 0.05000000074505806,
      "strokes": [],
      "world": {
        "objects": []
      }
    },
    {
      "b": 0.10000000149011612,
      "g": 0.05000000074505806,
      "name": "Character Architect Forge",
      "r": 0.05000000074505806,
      "strokes": [],