{
  "cameraFront": [
    -0.10799208283424377,
    0.012216994538903236,
    -0.994076669216156
  ],
  "cameraPos": [
    0.0,
    3.0647451877593994,
    3.0
  ],
  "cameraUp": [
    0.0,
    1.0,
    0.0
  ],
  "currentColor": [
    1.0,
    0.8999999761581421,
    0.20000000298023224
  ],
  "currentTool": 0,
  "currentZone": 0,
  "flying": true,
  "objects": [],
  "pitch": 0.6999996304512024,
  "worldMode": 0,
  "worldPhysics": true,
  "yaw": -96.20004272460938,
  "zones": [
    {
      "b": 0.10000000149011612,
      "g": 0.05000000074505806,
      "name": "Player's Sanctuary",
      "r": 0.05000000074505806,
      "strokes": [],
      "world": {
        "objects": [
          {
            "faceColors": [
              [
                1.0,
                0.0,
                0.0
              ],
              [
                1.0,
                0.0,
                0.0
              ],
              [
                0.0,
                1.0,
                0.0
              ],
              [
                0.0,
                1.0,
                0.0
              ],
              [
                0.0,
                0.0,
                1.0
              ],
              [
                0.0,
                0.0,
                1.0
              ]
            ],
            "geometryType": 0,
            "transform": [
              0.6519230604171753,
              0.17403845489025116,
              -0.7380426526069641,
              0.0,
              0.17403845489025116,
              0.9129807949066162,
              0.36902132630348206,
              0.0,
              0.7380426526069641,
              -0.36902132630348206,
              0.5649038553237915,
              0.0,
              0.0,
              0.0,
              0.0,
              1.0
            ]
          },
          {
            "faceColors": [
              [
                1.0,
                0.0,
                0.0
              ],
              [
                1.0,
                0.0,
                0.0
              ],
              [
                0.0,
                1.0,
                0.0
              ],
              [
                0.0,
                1.0,
                0.0
              ],
              [
                0.0,
                0.0,
                1.0
              ],
              [
                0.0,
                0.0,
                1.0
              ]
            ],
            "geometryType": 0,
            "transform": [
              100.0,
              0.0,
              0.0,
              0.0,
              0.0,
              1.0,
              0.0,
              0.0,
              0.0,
              0.0,
              100.0,
              0.0,
              0.0,
              0.0,
              0.0,
              1.0
            ]
          }
        ]
      }
    },
    {
      "b": 0.10000000149011612,
      "g": 0.05000000074505806,
      "name": "Sanctum of Beginnings",
      "r": 0.05000000074505806,
      "strokes": [],
      "world": {
        "objects": []
      }
    },
    {
      "b": 0.10000000149011612,
      "g": 0.05000000074505806,
      "name": "Temple of Echoes",
      "r": 0.05000000074505806,
      "strokes": [],
      "world": {
        "objects": []
      }
    },
    {
      "b": 0.10000000149011612,
      "g": 0.05000000074505806,
      "name": "Cavern of Light",
      "r": 0.05000000074505806,
      "strokes": [],
      "world": {
        "objects": []
      }
    },
    {
      "b": 0.10000000149011612,
      "g": 0.05000000074505806,
      "name": "Character Architect Forge",
      "r": 0.05000000074505806,
      "strokes": [],
      "world": {
        "objects": []
      }
    }
  ]
}