{
  "cameraFront": [
    0.11412191390991211,
    -0.32845407724380493,
    0.9376001954078674
  ],
  "cameraPos": [
    -1.2058298587799072,
    13.75275993347168,
    3.8526337146759033
  ],
  "cameraUp": [
    0.0,
    1.0,
    0.0
  ],
  "currentColor": [
    0.5294116735458374,
    0.19999998807907104,
    1.0
  ],
  "currentTool": 0,
  "currentZone": 0,
  "flying": true,
  "objects": [
    {
      "faceColors": [
        [
          1.0,
          0.8999999761581421,
          0.20000000298023224
        ],
        [
          1.0,
          0.8999999761581421,
          0.20000000298023224
        ],
        [
          1.0,
          0.8999999761581421,
          0.20000000298023224
        ],
        [
          1.0,
          0.8999999761581421,
          0.20000000298023224
        ],
        [
          1.0,
          0.8999999761581421,
          0.20000000298023224
        ],
        [
          1.0,
          0.8999999761581421,
          0.20000000298023224
        ]
      ],
      "transform": [
        1.0,
        0.0,
        0.0,
        0.0,
        0.0,
        1.0,
        0.0,
        0.0,
        0.0,
        0.0,
        1.0,
        0.0,
        -1.012217402458191,
        12.916509628295898,
        7.698990345001221,
        1.0
      ]
    },
    {
      "faceColors": [
        [
          1.0,
          0.19999998807907104,
          0.19999998807907104
        ],
        [
          1.0,
          0.19999998807907104,
          0.19999998807907104
        ],
        [
          1.0,
          0.19999998807907104,
          0.19999998807907104
        ],
        [
          1.0,
          0.19999998807907104,
          0.19999998807907104
        ],
        [
          1.0,
          0.19999998807907104,
          0.19999998807907104
        ],
        [
          1.0,
          0.19999998807907104,
          0.19999998807907104
        ]
      ],
      "transform": [
        1.0,
        0.0,
        0.0,
        0.0,
        0.0,
        1.0,
        0.0,
        0.0,
        0.0,
        0.0,
        1.0,
        0.0,
        -10.06412410736084,
        15.307339668273926,
        10.615635871887207,
        1.0
      ]
    },
    {
      "faceColors": [
        [
          1.0,
          0.19999998807907104,
          0.19999998807907104
        ],
        [
          1.0,
          0.19999998807907104,
          0.19999998807907104
        ],
        [
          1.0,
          0.19999998807907104,
          0.19999998807907104
        ],
        [
          1.0,
          0.19999998807907104,
          0.19999998807907104
        ],
        [
          1.0,
          0.19999998807907104,
          0.19999998807907104
        ],
        [
          1.0,
          0.19999998807907104,
          0.19999998807907104
        ]
      ],
      "transform": [
        1.0,
        0.0,
        0.0,
        0.0,
        0.0,
        1.0,
        0.0,
        0.0,
        0.0,
        0.0,
        1.0,
        0.0,
        -10.205615997314453,
        11.468509674072266,
        9.83933162689209,
        1.0
      ]
    },
    {
      "faceColors": [
        [
          1.0,
          0.19999998807907104,
          0.19999998807907104
        ],
        [
          1.0,
          0.19999998807907104,
          0.19999998807907104
        ],
        [
          1.0,
          0.19999998807907104,
          0.19999998807907104
        ],
        [
          1.0,
          0.19999998807907104,
          0.19999998807907104
        ],
        [
          1.0,
          0.19999998807907104,
          0.19999998807907104
        ],
        [
          1.0,
          0.19999998807907104,
          0.19999998807907104
        ]
      ],
      "transform": [
        1.0,
        0.0,
        0.0,
        0.0,
        0.0,
        1.0,
        0.0,
        0.0,
        0.0,
        0.0,
        1.0,
        0.0,
        -10.948266983032227,
        11.33652400970459,
        7.41011905670166,
        1.0
      ]
    },
    {
      "faceColors": [
        [
          1.0,
          0.19999998807907104,
          0.19999998807907104
        ],
        [
          1.0,
          0.19999998807907104,
          0.19999998807907104
        ],
        [
          1.0,
          0.19999998807907104,
          0.19999998807907104
        ],
        [
          1.0,
          0.19999998807907104,
          0.19999998807907104
        ],
        [
          1.0,
          0.19999998807907104,
          0.19999998807907104
        ],
        [
          1.0,
          0.19999998807907104,
          0.19999998807907104
        ]
      ],
      "transform": [
        1.0,
        0.0,
        0.0,
        0.0,
        0.0,
        1.0,
        0.0,
        0.0,
        0.0,
        0.0,
        1.0,
        0.0,
        -12.967945098876953,
        11.29411506652832,
        4.047073841094971,
        1.0
      ]
    },
    {
      "faceColors": [
        [
          1.0,
          0.19999998807907104,
          0.19999998807907104
        ],
        [
          1.0,
          0.19999998807907104,
          0.19999998807907104
        ],
        [
          1.0,
          0.19999998807907104,
          0.19999998807907104
        ],
        [
          1.0,
          0.19999998807907104,
          0.19999998807907104
        ],
        [
          1.0,
          0.19999998807907104,
          0.19999998807907104
        ],
        [
          1.0,
          0.19999998807907104,
          0.19999998807907104
        ]
      ],
      "transform": [
        1.0,
        0.0,
        0.0,
        0.0,
        0.0,
        1.0,
        0.0,
        0.0,
        0.0,
        0.0,
        1.0,
        0.0,
        -11.40676498413086,
        11.236808776855469,
        -0.2902590036392212,
        1.0
      ]
    }
  ],
  "pitch": -19.174970626831055,
  "worldMode": 0,
  "worldPhysics": true,
  "yaw": 83.06026458740234,
  "zones": [
    {
      "b": 0.10000000149011612,
      "g": 0.05000000074505806,
      "name": "Player's Sanctuary",
      "r": 0.05000000074505806,
      "strokes": [],
      "world": {
        "objects": [
          {
            "faceColors": [
              [
                1.0,
                0.0,
                0.0
              ],
              [
                1.0,
                0.0,
                0.0
              ],
              [
                0.0,
                1.0,
                0.0
              ],
              [
                0.0,
                1.0,
                0.0
              ],
              [
                0.0,
                0.0,
                1.0
              ],
              [
                0.0,
                0.0,
                1.0
              ]
            ],
            "geometryType": 0,
            "transform": [
              -0.16662591695785522,
              0.5833129286766052,
              -0.794972836971283,
              0.0,
              0.5833129286766052,
              0.7083434462547302,
              0.3974864184856415,
              0.0,
              0.794972836971283,
              -0.3974864184856415,
              -0.45828238129615784,
              0.0,
              0.0,
              0.0,
              0.0,
              1.0
            ]
          },
          {
            "faceColors": [
              [
                1.0,
                0.0,
                0.0
              ],
              [
                1.0,
                0.0,
                0.0
              ],
              [
                0.0,
                1.0,
                0.0
              ],
              [
                0.0,
                1.0,
                0.0
              ],
              [
                0.0,
                0.0,
                1.0
              ],
              [
                0.0,
                0.0,
                1.0
              ]
            ],
            "geometryType": 0,