{
  "cameraFront": [
    -0.47635841369628906,
    -0.8381204605102539,
    -0.26577579975128174
  ],
  "cameraPos": [
    3.1527199745178223,
    16.990394592285156,
    6.474200248718262
  ],
  "cameraUp": [
    0.0,
    1.0,
    0.0
  ],
  "currentColor": [
    1.0,
    0.45882347226142883,
    0.19999998807907104
  ],
  "currentTool": 0,
  "currentZone": 0,
  "flying": true,
  "objects": [
    {
      "faceColors": [
        [
          1.0,
          0.8999999761581421,
          0.20000000298023224
        ],
        [
          1.0,
          0.8999999761581421,
          0.20000000298023224
        ],
        [
          1.0,
          0.45882347226142883,
          0.19999998807907104
        ],
        [
          1.0,
          0.8999999761581421,
          0.20000000298023224
        ],
        [
          1.0,
          0.8999999761581421,
          0.20000000298023224
        ],
        [
          1.0,
          0.8999999761581421,
          0.20000000298023224
        ]
      ],
      "transform": [
        1.0,
        0.0,
        0.0,
        0.0,
        0.0,
        1.0,
        0.0,
        0.0,
        0.0,
        0.0,
        1.0,
        0.0,
        -1.3942328691482544,
        0.5,
        3.4579310417175293,
        1.0
      ]
    },
    {
      "faceColors": [
        [
          1.0,
          0.8999999761581421,
          0.20000000298023224
        ],
        [
          1.0,
          0.8999999761581421,
          0.20000000298023224
        ],
        [
          1.0,
          0.8999999761581421,
          0.20000000298023224
        ],
        [
          1.0,
          0.8999999761581421,
          0.20000000298023224
        ],
        [
          1.0,
          0.8999999761581421,
          0.20000000298023224
        ],
        [
          1.0,
          0.8999999761581421,
          0.20000000298023224
        ]
      ],
      "transform": [
        1.0,
        0.0,
        0.0,
        0.0,
        0.0,
        1.0,
        0.0,
        0.0,
        0.0,
        0.0,
        1.0,
        0.0,
        -1.5182996988296509,
        0.5,
        6.46019172668457,
        1.0
      ]
    },
    {
      "faceColors": [
        [
          1.0,
          0.8999999761581421,
          0.20000000298023224
        ],
        [
          1.0,
          0.8999999761581421,
          0.20000000298023224
        ],
        [
          1.0,
          0.8999999761581421,
          0.20000000298023224
        ],
        [
          1.0,
          0.8999999761581421,
          0.20000000298023224
        ],
        [
          1.0,
          0.8999999761581421,
          0.20000000298023224
        ],
        [
          1.0,
          0.8999999761581421,
          0.20000000298023224
        ]
      ],
      "transform": [
        1.0,
        0.0,
        0.0,
        0.0,
        0.0,
        1.0,
        0.0,
        0.0,
        0.0,
        0.0,
        1.0,
        0.0,
        -1.5182996988296509,
        0.49894285202026367,
        4.458061218261719,
        1.0
      ]
    },
    {
      "faceColors": [
        [
          1.0,
          0.8999999761581421,
          0.20000000298023224
        ],
        [
          1.0,
          0.45882347226142883,
          0.19999998807907104
        ],
        [
          1.0,
          0.45882347226142883,
          0.19999998807907104
        ],
        [
          1.0,
          0.8999999761581421,
          0.20000000298023224
        ],
        [
          1.0,
          0.8999999761581421,
          0.20000000298023224
        ],
        [
          1.0,
          0.8999999761581421,
          0.20000000298023224
        ]
      ],
      "transform": [
        1.0,
        0.0,
        0.0,
        0.0,
        0.0,
        1.4400088787078857,
        0.0,
        0.0,
        0.0,
        0.0,
        1.0,
        0.0,
        -1.5182996988296509,
        2.7214651107788086,
        4.963625431060791,
        1.0
      ]
    },
    {
      "faceColors": [
        [
          1.0,
          0.8999999761581421,
          0.20000000298023224
        ],
        [
          1.0,
          0.8999999761581421,
          0.20000000298023224
        ],
        [
          1.0,
          0.8999999761581421,
          0.20000000298023224
        ],
        [
          1.0,
          0.8999999761581421,
          0.20000000298023224
        ],
        [
          1.0,
          0.8999999761581421,
          0.20000000298023224
        ],
        [
          1.0,
          0.8999999761581421,
          0.20000000298023224
        ]
      ],
      "transform": [
        1.0,
        0.0,
        0.0,
        0.0,
        0.0,
        1.0,
        0.0,
        0.0,
        0.0,
        0.0,
        1.0,
        0.0,
        -1.5182996988296509,
        0.4987304210662842,
        5.460061550140381,
        1.0
      ]
    },
    {
      "faceColors": [
        [
          1.0,
          0.8999999761581421,
          0.20000000298023224
        ],
        [
          1.0,
          0.8999999761581421,
          0.20000000298023224
        ],
        [
          1.0,
          0.8999999761581421,
          0.20000000298023224
        ],
        [
          1.0,
          0.8999999761581421,
          0.20000000298023224
        ],
        [
          1.0,
          0.8999999761581421,
          0.20000000298023224
        ],
        [
          1.0,
          0.8999999761581421,
          0.20000000298023224
        ]
      ],
      "transform": [
        1.0,
        0.0,
        0.0,
        0.0,
        0.0,
        1.0,
        0.0,
        0.0,
        0.0,
        0.0,
        1.0,
        0.0,
        -1.5182996988296509,
        1.5007303953170776,
        4.983427047729492,
        1.0
      ]
    }
  ],
  "physicsLaws": [],
  "pitch": -56.94217300415039,
  "worldMode": 0,
  "worldPhysics": true,
  "yaw": -150.8414306640625,
  "zones": [
    {
      "b": 0.10000000149011612,
      "g": 0.05000000074505806,
      "name": "Sanctum of Beginnings",
      "r": 0.05000000074505806,
      "strokes": [],
      "world": {
        "objects": [
          {
            "faceColors": [
              [
                1.0,
                0.0,
                0.0
              ],
              [
                1.0,
                0.0,
                0.0
              ],
              [
                0.0,
                1.0,
                0.0
              ],
              [
                0.0,
                1.0,
                0.0
              ],
              [
                0.0,
                0.0,
                1.0
              ],
              [
                0.0,
                0.0,
                1.0
              ]
            ],
            "geometryType": 0,
            "transform": [
              0.9342909455299377,
              0.032854530960321426,
              0.35499438643455505,
              0.0,
              0.032854530960321426,
              0.9835727214813232,
              -0.17749719321727753,
              0.0,
              -0.35499438643455505,
              0.17749719321727753,
              0.917863667011261,
              0.0,
              0.0,
              0.0,
              0.0,
              1.0
            ]
          },
          {
            "faceColors": [
              [
                1.0,
                0.0,
                0.0
              ],
              [
                1.0,
                0.0,
                0.0
              ],
              [
                1.0,
                0.45882347226142883,
                0.19999998807907104
              ],
              [
                0.0,
                1.0,
                0.0
              ],
              [
                0.0,
                0.0,
                1.0
              ],
              [
                0.0,
                0.0,
                1.0
              ]
            ],
            "geometryType": 0,