{
  "cameraFront": [
    0.1942615658044815,
    -0.721760094165802,
    -0.6643228530883789
  ],
  "cameraPos": [
    -1.099705457687378,
    8.596559524536133,
    7.880948543548584
  ],
  "cameraUp": [
    0.0,
    1.0,
    0.0
  ],
  "currentColor": [
    1.0,
    0.8999999761581421,
    0.20000000298023224
  ],
  "currentTool": 0,
  "currentZone": 0,
  "flying": true,
  "objects": [],
  "pitch": -46.199989318847656,
  "worldMode": 0,
  "worldPhysics": true,
  "yaw": -73.70000457763672,
  "zones": [
    {
      "b": 0.10000000149011612,
      "g": 0.05000000074505806,
      "name": "Player's Sanctuary",
      "r": 0.05000000074505806,
      "strokes": [],
      "world": {
        "objects": [
          {
            "faceColors": [
              [
                1.0,
                0.0,
                0.0
              ],
              [
                1.0,
                0.0,
                0.0
              ],
              [
                0.0,
                1.0,
                0.0
              ],
              [
                0.0,
                1.0,
                0.0
              ],
              [
                0.0,
                0.0,
                1.0
              ],
              [
                0.0,
                0.0,
                1.0
              ]
            ],
            "geometryType": 0,
            "transform": [
              -0.5292953252792358,
              0.7646476626396179,
              0.3676416277885437,
              0.0,
              0.7646476626396179,
              0.6176761388778687,
              -0.18382081389427185,
              0.0,
              -0.3676416277885437,
              0.18382081389427185,
              -0.9116191864013672,
              0.0,
              0.0,
              0.0,
              0.0,
              1.0
            ]
          },
          {
            "faceColors": [
              [
                1.0,
                0.0,
                0.0
              ],
              [
                1.0,
                0.0,
                0.0
              ],
              [
                0.0,
                1.0,
                0.0
              ],
              [
                0.0,
                1.0,
                0.0
              ],
              [
                0.0,
                0.0,
                1.0
              ],
              [
                0.0,
                0.0,
                1.0
              ]
            ],
            "geometryType": 0,
            "transform": [
              100.0,
              0.0,
              0.0,
              0.0,
              0.0,
              1.0,
              0.0,
              0.0,
              0.0,
              0.0,
              100.0,
              0.0,
              0.0,
              0.0,
              0.0,
              1.0
            ]
          }
        ]
      }
    },
    {
      "b": 0.10000000149011612,
      "g": 0.05000000074505806,
      "name": "Sanctum of Beginnings",
      "r": 0.05000000074505806,
      "strokes": [],
      "world": {
        "objects": []
      }
    },
    {
      "b": 0.10000000149011612,
      "g": 0.05000000074505806,
      "name": "Temple of Echoes",
      "r": 0.05000000074505806,
      "strokes": [],
      "world": {
        "objects": []
      }
    },
    {
      "b": 0.10000000149011612,
      "g": 0.05000000074505806,
      "name": "Cavern of Light",
      "r": 0.05000000074505806,
      "strokes": [],
      "world": {
        "objects": []
      }
    },
    {
      "b": 0.10000000149011612,
      "g": 0.05000000074505806,
      "name": "Character Architect Forge",
      "r": 0.05000000074505806,
      "strokes": [],
      "world": {
        "objects": []
      }
    }
  ]
}