{
  "cameraFront": [
    0.0,
    0.0,
    -1.0
  ],
  "cameraPos": [
    0.0,
    3.058159112930298,
    3.0
  ],
  "cameraUp": [
    0.0,
    1.0,
    0.0
  ],
  "currentColor": [
    1.0,
    0.8999999761581421,
    0.20000000298023224
  ],
  "currentTool": 9,
  "currentZone": 0,
  "flying": false,
  "objects": [],
  "pitch": 0.0,
  "worldMode": 0,
  "worldPhysics": true,
  "yaw": -90.0,
  "zones": [
    {
      "b": 0.10000000149011612,
      "g": 0.05000000074505806,
      "name": "Player's Sanctuary",
      "r": 0.05000000074505806,
      "strokes": [],
      "world": {
        "objects": [
          {
            "faceColors": [
              [
                1.0,
                0.0,
                0.0
              ],
              [
                1.0,
                0.0,
                0.0
              ],
              [
                0.0,
                1.0,
                0.0
              ],
              [
                0.0,
                1.0,
                0.0
              ],
              [
                0.0,
                0.0,
                1.0
              ],
              [
                0.0,
                0.0,
                1.0
              ]
            ],
            "geometryType": 0,
            "transform": [
              -0.5234795808792114,
              0.7617397904396057,
              -0.38173508644104004,
              0.0,
              0.7617397904396057,
              0.6191300749778748,
              0.19086754322052002,
              0.0,
              0.38173508644104004,
              -0.19086754322052002,
              -0.9043494462966919,
              0.0,
              0.0,
              0.0,
              0.0,
              1.0
            ]
          },
          {
            "faceColors": [
              [
                1.0,
                0.0,
                0.0
              ],
              [
                1.0,
                0.0,
                0.0
              ],
              [
                0.0,
                1.0,
                0.0
              ],
              [
                0.0,
                1.0,
                0.0
              ],
              [
                0.0,
                0.0,
                1.0
              ],
              [
                0.0,
                0.0,
                1.0
              ]
            ],
            "geometryType": 0,
            "transform": [
              100.0,
              0.0,
              0.0,
              0.0,
              0.0,
              1.0,
              0.0,
              0.0,
              0.0,
              0.0,
              100.0,
              0.0,
              0.0,
              0.0,
              0.0,
              1.0
            ]
          }
        ]
      }
    },
    {
      "b": 0.10000000149011612,
      "g": 0.05000000074505806,
      "name": "Sanctum of Beginnings",
      "r": 0.05000000074505806,
      "strokes": [],
      "world": {
        "objects": []
      }
    },
    {
      "b": 0.10000000149011612,
      "g": 0.05000000074505806,
      "name": "Temple of Echoes",
      "r": 0.05000000074505806,
      "strokes": [],
      "world": {
        "objects": []
      }
    },
    {
      "b": 0.10000000149011612,
      "g": 0.05000000074505806,
      "name": "Cavern of Light",
      "r": 0.05000000074505806,
      "strokes": [],
      "world": {
        "objects": []
      }
    },
    {
      "b": 0.10000000149011612,
      "g": 0.05000000074505806,
      "name": "Character Architect Forge",
      "r": 0.05000000074505806,
      "strokes": [],
      "world": {
        "objects": []
      }
    }
  ]
}