{
  "cameraFront": [
    0.191389262676239,
    -0.9027202725410461,
    0.38531315326690674
  ],
  "cameraPos": [
    -11.160259246826172,
    9.482973098754883,
    -0.723914623260498
  ],
  "cameraUp": [
    0.0,
    1.0,
    0.0
  ],
  "currentColor": [
    1.0,
    0.8999999761581421,
    0.20000000298023224
  ],
  "currentTool": 0,
  "currentZone": 0,
  "flying": true,
  "objects": [
    {
      "faceColors": [
        [
          1.0,
          0.8999999761581421,
          0.20000000298023224
        ],
        [
          1.0,
          0.8999999761581421,
          0.20000000298023224
        ],
        [
          1.0,
          0.8999999761581421,
          0.20000000298023224
        ],
        [
          1.0,
          0.8999999761581421,
          0.20000000298023224
        ],
        [
          1.0,
          0.8999999761581421,
          0.20000000298023224
        ],
        [
          1.0,
          0.8999999761581421,
          0.20000000298023224
        ]
      ],
      "transform": [
        3.4100000858306885,
        0.0,
        0.0,
        0.0,
        0.0,
        3.4100000858306885,
        0.0,
        0.0,
        0.0,
        0.0,
        3.4100000858306885,
        0.0,
        0.9462491273880005,
        0.5,
        3.860915184020996,
        1.0
      ]
    },
    {
      "faceColors": [
        [
          1.0,
          0.8999999761581421,
          0.20000000298023224
        ],
        [
          1.0,
          0.8999999761581421,
          0.20000000298023224
        ],
        [
          1.0,
          0.8999999761581421,
          0.20000000298023224
        ],
        [
          1.0,
          0.8999999761581421,
          0.20000000298023224
        ],
        [
          1.0,
          0.8999999761581421,
          0.20000000298023224
        ],
        [
          1.0,
          0.8999999761581421,
          0.20000000298023224
        ]
      ],
      "transform": [
        3.4100000858306885,
        0.0,
        0.0,
        0.0,
        0.0,
        3.4100000858306885,
        0.0,
        0.0,
        0.0,
        0.0,
        3.4100000858306885,
        0.0,
        -5.713943004608154,
        0.5,
        7.461650848388672,
        1.0
      ]
    },
    {
      "faceColors": [
        [
          1.0,
          0.8999999761581421,
          0.20000000298023224
        ],
        [
          1.0,
          0.8999999761581421,
          0.20000000298023224
        ],
        [
          1.0,
          0.8999999761581421,
          0.20000000298023224
        ],
        [
          1.0,
          0.8999999761581421,
          0.20000000298023224
        ],
        [
          1.0,
          0.8999999761581421,
          0.20000000298023224
        ],
        [
          1.0,
          0.8999999761581421,
          0.20000000298023224
        ]
      ],
      "transform": [
        3.4100000858306885,
        0.0,
        0.0,
        0.0,
        0.0,
        3.4100000858306885,
        0.0,
        0.0,
        0.0,
        0.0,
        3.4100000858306885,
        0.0,
        -12.121070861816406,
        0.5,
        6.375993251800537,
        1.0
      ]
    },
    {
      "faceColors": [
        [
          1.0,
          0.8999999761581421,
          0.20000000298023224
        ],
        [
          1.0,
          0.8999999761581421,
          0.20000000298023224
        ],
        [
          1.0,
          0.8999999761581421,
          0.20000000298023224
        ],
        [
          1.0,
          0.8999999761581421,
          0.20000000298023224
        ],
        [
          1.0,
          0.8999999761581421,
          0.20000000298023224
        ],
        [
          1.0,
          0.8999999761581421,
          0.20000000298023224
        ]
      ],
      "transform": [
        3.4100000858306885,
        0.0,
        0.0,
        0.0,
        0.0,
        3.4100000858306885,
        0.0,
        0.0,
        0.0,
        0.0,
        3.4100000858306885,
        0.0,
        -5.964690208435059,
        0.5,
        1.3868112564086914,
        1.0
      ]
    },
    {
      "faceColors": [
        [
          1.0,
          0.8999999761581421,
          0.20000000298023224
        ],
        [
          1.0,
          0.8999999761581421,
          0.20000000298023224
        ],
        [
          1.0,
          0.8999999761581421,
          0.20000000298023224
        ],
        [
          1.0,
          0.8999999761581421,
          0.20000000298023224
        ],
        [
          1.0,
          0.8999999761581421,
          0.20000000298023224
        ],
        [
          1.0,
          0.8999999761581421,
          0.20000000298023224
        ]
      ],
      "transform": [
        3.4100000858306885,
        0.0,
        0.0,
        0.0,
        0.0,
        3.4100000858306885,
        0.0,
        0.0,
        0.0,
        0.0,
        3.4100000858306885,
        0.0,
        -2.5537447929382324,
        0.5,
        1.5386815071105957,
        1.0
      ]
    },
    {
      "faceColors": [
        [
          1.0,
          0.8999999761581421,
          0.20000000298023224
        ],
        [
          1.0,
          0.8999999761581421,
          0.20000000298023224
        ],
        [
          1.0,
          0.8999999761581421,
          0.20000000298023224
        ],
        [
          1.0,
          0.8999999761581421,
          0.20000000298023224
        ],
        [
          1.0,
          0.8999999761581421,
          0.20000000298023224
        ],
        [
          1.0,
          0.8999999761581421,
          0.20000000298023224
        ]
      ],
      "transform": [
        3.4100000858306885,
        0.0,
        0.0,
        0.0,
        0.0,
        3.4100000858306885,
        0.0,
        0.0,
        0.0,
        0.0,
        3.4100000858306885,
        0.0,
        -9.375319480895996,
        0.5,
        2.387403964996338,
        1.0
      ]
    }
  ],
  "pitch": -64.51797485351563,
  "worldMode": 0,
  "worldPhysics": false,
  "yaw": 63.58590316772461,
  "zones": [
    {
      "b": 0.10000000149011612,
      "g": 0.05000000074505806,
      "name": "Player's Sanctuary",
      "r": 0.05000000074505806,
      "strokes": [],
      "world": {
        "objects": [
          {
            "faceColors": [
              [
                1.0,
                0.0,
                0.0
              ],
              [
                1.0,
                0.0,
                0.0
              ],
              [
                0.0,
                1.0,
                0.0
              ],
              [
                0.0,
                1.0,
                0.0
              ],
              [
                0.0,
                0.0,
                1.0
              ],
              [
                0.0,
                0.0,
                1.0
              ]
            ],
            "geometryType": 0,