{
  "cameraFront": [
    0.23300571739673615,
    -0.9498868584632874,
    -0.20838268101215363
  ],
  "cameraPos": [
    0.47958889603614807,
    10.869974136352539,
    5.806704521179199
  ],
  "cameraUp": [
    0.0,
    1.0,
    0.0
  ],
  "currentColor": [
    1.0,
    0.19999998807907104,
    0.19999998807907104
  ],
  "currentTool": 9,
  "currentZone": 0,
  "flying": true,
  "objects": [
    {
      "faceColors": [
        [
          1.0,
          0.8999999761581421,
          0.20000000298023224
        ],
        [
          1.0,
          0.8999999761581421,
          0.20000000298023224
        ],
        [
          1.0,
          0.8999999761581421,
          0.20000000298023224
        ],
        [
          1.0,
          0.8999999761581421,
          0.20000000298023224
        ],
        [
          1.0,
          0.8999999761581421,
          0.20000000298023224
        ],
        [
          1.0,
          0.8999999761581421,
          0.20000000298023224
        ]
      ],
      "transform": [
        1.0,
        0.0,
        0.0,
        0.0,
        0.0,
        1.0,
        0.0,
        0.0,
        0.0,
        0.0,
        1.0,
        0.0,
        -0.03591420501470566,
        0.4971059560775757,
        4.997867584228516,
        1.0
      ]
    },
    {
      "faceColors": [
        [
          1.0,
          0.19999998807907104,
          0.19999998807907104
        ],
        [
          1.0,
          0.19999998807907104,
          0.19999998807907104
        ],
        [
          1.0,
          0.19999998807907104,
          0.19999998807907104
        ],
        [
          1.0,
          0.19999998807907104,
          0.19999998807907104
        ],
        [
          1.0,
          0.19999998807907104,
          0.19999998807907104
        ],
        [
          1.0,
          0.19999998807907104,
          0.19999998807907104
        ]
      ],
      "transform": [
        1.0,
        0.0,
        0.0,
        0.0,
        0.0,
        1.0,
        0.0,
        0.0,
        0.0,
        0.0,
        1.0,
        0.0,
        0.5753755569458008,
        1.4976588487625122,
        5.320328712463379,
        1.0
      ]
    },
    {
      "faceColors": [
        [
          1.0,
          0.19999998807907104,
          0.19999998807907104
        ],
        [
          1.0,
          0.19999998807907104,
          0.19999998807907104
        ],
        [
          1.0,
          0.19999998807907104,
          0.19999998807907104
        ],
        [
          1.0,
          0.19999998807907104,
          0.19999998807907104
        ],
        [
          1.0,
          0.19999998807907104,
          0.19999998807907104
        ],
        [
          1.0,
          0.19999998807907104,
          0.19999998807907104
        ]
      ],
      "transform": [
        1.0,
        0.0,
        0.0,
        0.0,
        0.0,
        1.0,
        0.0,
        0.0,
        0.0,
        0.0,
        1.0,
        0.0,
        0.5753755569458008,
        2.4977526664733887,
        5.320328712463379,
        1.0
      ]
    },
    {
      "faceColors": [
        [
          1.0,
          0.19999998807907104,
          0.19999998807907104
        ],
        [
          1.0,
          0.19999998807907104,
          0.19999998807907104
        ],
        [
          1.0,
          0.19999998807907104,
          0.19999998807907104
        ],
        [
          1.0,
          0.19999998807907104,
          0.19999998807907104
        ],
        [
          1.0,
          0.19999998807907104,
          0.19999998807907104
        ],
        [
          1.0,
          0.19999998807907104,
          0.19999998807907104
        ]
      ],
      "transform": [
        1.0,
        0.0,
        0.0,
        0.0,
        0.0,
        1.0,
        0.0,
        0.0,
        0.0,
        0.0,
        1.0,
        0.0,
        0.5753755569458008,
        3.4997525215148926,
        5.320328712463379,
        1.0
      ]
    }
  ],
  "physicsLaws": [],
  "pitch": -71.78437042236328,
  "worldMode": 0,
  "worldPhysics": true,
  "yaw": -41.807037353515625,
  "zones": [
    {
      "b": 0.10000000149011612,
      "g": 0.05000000074505806,
      "name": "Sanctum of Beginnings",
      "r": 0.05000000074505806,
      "strokes": [],
      "world": {
        "objects": [
          {
            "faceColors": [
              [
                1.0,
                0.0,
                0.0
              ],
              [
                1.0,
                0.0,
                0.0
              ],
              [
                0.0,
                1.0,
                0.0
              ],
              [
                0.0,
                1.0,
                0.0
              ],
              [
                0.0,
                0.0,
                1.0
              ],
              [
                0.0,
                0.0,
                1.0
              ]
            ],
            "geometryType": 0,
            "transform": [
              -0.5794858336448669,
              0.7897428870201111,
              -0.2012518346309662,
              0.0,
              0.7897428870201111,
              0.6051285266876221,
              0.1006259173154831,
              0.0,
              0.2012518346309662,
              -0.1006259173154831,
              -0.9743573069572449,
              0.0,
              0.0,
              0.0,
              0.0,
              1.0
            ]
          },
          {
            "faceColors": [
              [
                1.0,
                0.0,
                0.0
              ],
              [
                1.0,
                0.0,
                0.0
              ],
              [
                0.0,
                1.0,
                0.0
              ],
              [
                0.0,
                1.0,
                0.0
              ],
              [
                0.0,
                0.0,
                1.0
              ],
              [
                0.0,
                0.0,
                1.0
              ]
            ],
            "geometryType": 0,
            "transform": [
              100.0,
              0.0,
              0.0,
              0.0,
              0.0,
              1.0,
              0.0,
              0.0,
              0.0,
              0.0,
              100.0,
              0.0,
              0.0,
              0.0,
              0.0,
              1.0
            ]
          },
          {
            "faceColors": [
              [
                1.0,
                0.8999999761581421,
                0.20000000298023224
              ],
              [
                1.0,
                0.8999999761581421,
                0.20000000298023224
              ],
              [
                1.0,
                0.8999999761581421,
                0.20000000298023224
              ],
              [
                1.0,
                0.8999999761581421,
                0.20000000298023224
              ],
              [
                1.0,
                0.8999999761581421,
                0.20000000298023224
              ],
              [
                1.0,
                0.8999999761581421,
                0.20000000298023224
              ]
            ],
            "geometryType": 0,