{
  "cameraFront": [
    -0.15985709428787231,
    0.017452405765652657,
    -0.9869859218597412
  ],
  "cameraPos": [
    0.0,
    3.1592671871185303,
    3.0
  ],
  "cameraUp": [
    0.0,
    1.0,
    0.0
  ],
  "currentColor": [
    1.0,
    0.8999999761581421,
    0.20000000298023224
  ],
  "currentTool": 24,
  "currentZone": 0,
  "flying": false,
  "objects": [],
  "pitch": 1.0,
  "worldMode": 0,
  "worldPhysics": true,
  "yaw": -99.20001220703125,
  "zones": [
    {
      "b": 0.10000000149011612,
      "g": 0.05000000074505806,
      "name": "Player's Sanctuary",
      "r": 0.05000000074505806,
      "strokes": [],
      "world": {
        "objects": [
          {
            "faceColors": [
              [
                1.0,
                0.0,
                0.0
              ],
              [
                1.0,
                0.0,
                0.0
              ],
              [
                0.0,
                1.0,
                0.0
              ],
              [
                0.0,
                1.0,
                0.0
              ],
              [
                0.0,
                0.0,
                1.0
              ],
              [
                0.0,
                0.0,
                1.0
              ]
            ],
            "geometryType": 0,
            "transform": [
              -0.554484486579895,
              0.7772421836853027,
              0.2973911464214325,
              0.0,
              0.7772421836853027,
              0.6113788485527039,
              -0.14869557321071625,
              0.0,
              -0.2973911464214325,
              0.14869557321071625,
              -0.9431055784225464,
              0.0,
              0.0,
              0.0,
              0.0,
              1.0
            ]
          },
          {
            "faceColors": [
              [
                1.0,
                0.0,
                0.0
              ],
              [
                1.0,
                0.0,
                0.0
              ],
              [
                0.0,
                1.0,
                0.0
              ],
              [
                0.0,
                1.0,
                0.0
              ],
              [
                0.0,
                0.0,
                1.0
              ],
              [
                0.0,
                0.0,
                1.0
              ]
            ],
            "geometryType": 0,
            "transform": [
              100.0,
              0.0,
              0.0,
              0.0,
              0.0,
              1.0,
              0.0,
              0.0,
              0.0,
              0.0,
              100.0,
              0.0,
              0.0,
              0.0,
              0.0,
              1.0
            ]
          }
        ]
      }
    },
    {
      "b": 0.10000000149011612,
      "g": 0.05000000074505806,
      "name": "Sanctum of Beginnings",
      "r": 0.05000000074505806,
      "strokes": [],
      "world": {
        "objects": []
      }
    },
    {
      "b": 0.10000000149011612,
      "g": 0.05000000074505806,
      "name": "Temple of Echoes",
      "r": 0.05000000074505806,
      "strokes": [],
      "world": {
        "objects": []
      }
    },
    {
      "b": 0.10000000149011612,
      "g": 0.05000000074505806,
      "name": "Cavern of Light",
      "r": 0.05000000074505806,
      "strokes": [],
      "world": {
        "objects": []
      }
    },
    {
      "b": 0.10000000149011612,
      "g": 0.05000000074505806,
      "name": "Character Architect Forge",
      "r": 0.05000000074505806,
      "strokes": [],
      "world": {
        "objects": []
      }
    }
  ]
}