{
  "cameraFront": [
    0.129308819770813,
    -0.7046342492103577,
    -0.6976889371871948
  ],
  "cameraPos": [
    -0.5822322368621826,
    6.6744184494018555,
    6.349215507507324
  ],
  "cameraUp": [
    0.0,
    1.0,
    0.0
  ],
  "currentColor": [
    1.0,
    0.8999999761581421,
    0.20000000298023224
  ],
  "currentTool": 0,
  "currentZone": 0,
  "flying": true,
  "objects": [
    {
      "faceColors": [
        [
          1.0,
          0.8999999761581421,
          0.20000000298023224
        ],
        [
          1.0,
          0.8999999761581421,
          0.20000000298023224
        ],
        [
          1.0,
          0.8999999761581421,
          0.20000000298023224
        ],
        [
          1.0,
          0.8999999761581421,
          0.20000000298023224
        ],
        [
          1.0,
          0.8999999761581421,
          0.20000000298023224
        ],
        [
          1.0,
          0.8999999761581421,
          0.20000000298023224
        ]
      ],
      "transform": [
        1.0,
        0.0,
        0.0,
        0.0,
        0.0,
        1.0,
        0.0,
        0.0,
        0.0,
        0.0,
        1.0,
        0.0,
        -0.32361459732055664,
        0.9167147874832153,
        4.9538373947143555,
        1.0
      ]
    },
    {
      "faceColors": [
        [
          1.0,
          0.8999999761581421,
          0.20000000298023224
        ],
        [
          1.0,
          0.8999999761581421,
          0.20000000298023224
        ],
        [
          1.0,
          0.8999999761581421,
          0.20000000298023224
        ],
        [
          1.0,
          0.8999999761581421,
          0.20000000298023224
        ],
        [
          1.0,
          0.8999999761581421,
          0.20000000298023224
        ],
        [
          1.0,
          0.8999999761581421,
          0.20000000298023224
        ]
      ],
      "transform": [
        1.0,
        0.0,
        0.0,
        0.0,
        0.0,
        1.0,
        0.0,
        0.0,
        0.0,
        0.0,
        1.0,
        0.0,
        -0.32361459732055664,
        3.9196338653564453,
        4.9538373947143555,
        1.0
      ]
    },
    {
      "faceColors": [
        [
          1.0,
          0.8999999761581421,
          0.20000000298023224
        ],
        [
          1.0,
          0.8999999761581421,
          0.20000000298023224
        ],
        [
          1.0,
          0.8999999761581421,
          0.20000000298023224
        ],
        [
          1.0,
          0.8999999761581421,
          0.20000000298023224
        ],
        [
          1.0,
          0.8999999761581421,
          0.20000000298023224
        ],
        [
          1.0,
          0.8999999761581421,
          0.20000000298023224
        ]
      ],
      "transform": [
        1.0,
        0.0,
        0.0,
        0.0,
        0.0,
        1.0,
        0.0,
        0.0,
        0.0,
        0.0,
        1.0,
        0.0,
        -0.32361459732055664,
        1.9171735048294067,
        4.9538373947143555,
        1.0
      ]
    },
    {
      "faceColors": [
        [
          1.0,
          0.8999999761581421,
          0.20000000298023224
        ],
        [
          1.0,
          0.8999999761581421,
          0.20000000298023224
        ],
        [
          1.0,
          0.8999999761581421,
          0.20000000298023224
        ],
        [
          1.0,
          0.8999999761581421,
          0.20000000298023224
        ],
        [
          1.0,
          0.8999999761581421,
          0.20000000298023224
        ],
        [
          1.0,
          0.8999999761581421,
          0.20000000298023224
        ]
      ],
      "transform": [
        1.0,
        0.0,
        0.0,
        0.0,
        0.0,
        1.0,
        0.0,
        0.0,
        0.0,
        0.0,
        1.0,
        0.0,
        -0.32361459732055664,
        2.9191741943359375,
        4.9538373947143555,
        1.0
      ]
    }
  ],
  "physicsLaws": [],
  "pitch": -44.80000305175781,
  "worldMode": 0,
  "worldPhysics": true,
  "yaw": -79.50001525878906,
  "zones": [
    {
      "b": 0.10000000149011612,
      "g": 0.05000000074505806,
      "name": "Sanctum of Beginnings",
      "r": 0.05000000074505806,
      "strokes": [],
      "world": {
        "objects": [
          {
            "faceColors": [
              [
                1.0,
                0.0,
                0.0
              ],
              [
                1.0,
                0.0,
                0.0
              ],
              [
                0.0,
                1.0,
                0.0
              ],
              [
                0.0,
                1.0,
                0.0
              ],
              [
                0.0,
                0.0,
                1.0
              ],
              [
                0.0,
                0.0,
                1.0
              ]
            ],
            "geometryType": 0,
            "transform": [
              -0.3286283612251282,
              0.6643141508102417,
              0.6713345646858215,
              0.0,
              0.6643141508102417,
              0.6678428053855896,
              -0.33566728234291077,
              0.0,
              -0.6713345646858215,
              0.33566728234291077,
              -0.660785436630249,
              0.0,
              0.0,
              0.0,
              0.0,
              1.0
            ]
          },
          {
            "faceColors": [
              [
                1.0,
                0.0,
                0.0
              ],
              [
                1.0,
                0.0,
                0.0
              ],
              [
                0.0,
                1.0,
                0.0
              ],
              [
                0.0,
                1.0,
                0.0
              ],
              [
                0.0,
                0.0,
                1.0
              ],
              [
                0.0,
                0.0,
                1.0
              ]
            ],
            "geometryType": 0,
            "transform": [
              100.0,
              0.0,
              0.0,
              0.0,
              0.0,
              1.0,
              0.0,
              0.0,
              0.0,
              0.0,
              100.0,
              0.0,
              0.0,
              0.0,
              0.0,
              1.0
            ]
          },
          {
            "faceColors": [
              [
                1.0,
                0.8999999761581421,
                0.20000000298023224
              ],
              [
                1.0,
                0.8999999761581421,
                0.20000000298023224
              ],
              [
                1.0,
                0.8999999761581421,
                0.20000000298023224
              ],
              [
                1.0,
                0.8999999761581421,
                0.20000000298023224
              ],
              [
                1.0,
                0.8999999761581421,
                0.20000000298023224
              ],
              [
                1.0,
                0.8999999761581421,
                0.20000000298023224
              ]
            ],
            "geometryType": 0,