[2026-08-11 18:40:24] [EVENT] Event "concept-registered" triggered (Subject: concept-1, Object: null)
[2026-08-11 18:40:24] [EVENT] Event "relation-formed" triggered (Subject: law-1-authored-by-Player, Object: null)
[2026-08-11 18:40:24] [EVENT] Event "law-registered" triggered (Subject: law-1, Object: null)
[2026-08-11 18:40:24] [EVENT] Event "onMouseClicked" triggered (Subject: Player, Object: null)
[2026-08-11 18:40:24] [LAW] Law "law-1" applied to "Player" - CONDITIONS FAILED
[2026-08-11 18:40:24] [EVENT] Event "onMouseClicked" triggered (Subject: Player, Object: null)
[2026-08-11 18:40:24] [LAW] Law "law-1" applied to "Player" - CONDITIONS FAILED
[2026-08-11 18:40:24] [EVENT] Event "onMouseClicked" triggered (Subject: Player, Object: null)
[2026-08-11 18:40:24] [EVENT] Event "relation-formed" triggered (Subject: object-6-generated-from-concept-1, Object: null)
[2026-08-11 18:40:24] [EVENT] Event "concept-instantiated" triggered (Subject: concept-1, Object: null)
[2026-08-11 18:40:24] [EVENT] Event "object-created" triggered (Subject: object-6, Object: Player)
[2026-08-11 18:40:24] [LAW] Law "law-1" applied to "Player" - SUCCESS
[2026-08-11 18:40:24] [EVENT] Event "onMouseClicked" triggered (Subject: Player, Object: null)
[2026-08-11 18:40:24] [EVENT] Event "relation-formed" triggered (Subject: object-7-generated-from-concept-1, Object: null)
[2026-08-11 18:40:24] [EVENT] Event "concept-instantiated" triggered (Subject: concept-1, Object: null)
[2026-08-11 18:40:24] [EVENT] Event "object-created" triggered (Subject: object-7, Object: Player)
[2026-08-11 18:40:24] [LAW] Law "law-1" applied to "Player" - SUCCESS
[2026-08-11 18:40:24] [EVENT] Event "onMouseClicked" triggered (Subject: Player, Object: null)
[2026-08-11 18:40:24] [EVENT] Event "relation-formed" triggered (Subject: object-8-generated-from-concept-1, Object: null)
[2026-08-11 18:40:24] [EVENT] Event "concept-instantiated" triggered (Subject: concept-1, Object: null)
[2026-08-11 18:40:24] [EVENT] Event "object-created" triggered (Subject: object-8, Object: Player)
[2026-08-11 18:40:24] [LAW] Law "law-1" applied to "Player" - SUCCESS
[2026-08-11 18:40:24] [EVENT] Event "onMouseClicked" triggered (Subject: Player, Object: null)
[2026-08-11 18:40:24] [EVENT] Event "relation-formed" triggered (Subject: object-9-generated-from-concept-1, Object: null)
[2026-08-11 18:40:24] [EVENT] Event "concept-instantiated" triggered (Subject: concept-1, Object: null)
[2026-08-11 18:40:24] [EVENT] Event "object-created" triggered (Subject: object-9, Object: Player)
[2026-08-11 18:40:24] [LAW] Law "law-1" applied to "Player" - SUCCESS
[2026-08-11 18:40:24] [EVENT] Event "onMouseClicked" triggered (Subject: Player, Object: null)
[2026-08-11 18:40:24] [EVENT] Event "relation-formed" triggered (Subject: object-10-generated-from-concept-1, Object: null)
[2026-08-11 18:40:24] [EVENT] Event "concept-instantiated" triggered (Subject: concept-1, Object: null)
[2026-08-11 18:40:24] [EVENT] Event "object-created" triggered (Subject: object-10, Object: Player)
[2026-08-11 18:40:24] [LAW] Law "law-1" applied to "Player" - SUCCESS
[2026-08-11 18:40:24] [EVENT] Event "relation-formed" triggered (Subject: law-1-authored-by-Player, Object: null)
[2026-08-11 18:40:24] [EVENT] Event "relation-formed" triggered (Subject: law-1-authored-by-Player, Object: null)
[2026-08-11 18:40:24] [EVENT] Event "law-registered" triggered (Subject: law-1, Object: null)
[2026-08-11 18:40:24] [EVENT] Event "law-registered" triggered (Subject: law-1, Object: null)
[2026-08-11 18:40:24] [EVENT] Event "onMouseClicked" triggered (Subject: Player, Object: null)
[2026-08-11 18:40:24] [EVENT] Event "onMouseClicked" triggered (Subject: Player, Object: null)
[2026-08-11 18:40:24] [EVENT] Event "relation-formed" triggered (Subject: object-12-generated-from-concept-1, Object: null)
[2026-08-11 18:40:24] [EVENT] Event "relation-formed" triggered (Subject: object-12-generated-from-concept-1, Object: null)
[2026-08-11 18:40:24] [EVENT] Event "concept-instantiated" triggered (Subject: concept-1, Object: null)
[2026-08-11 18:40:24] [EVENT] Event "concept-instantiated" triggered (Subject: concept-1, Object: null)
[2026-08-11 18:40:24] [EVENT] Event "object-created" triggered (Subject: object-12, Object: Player)
[2026-08-11 18:40:24] [EVENT] Event "object-created" triggered (Subject: object-12, Object: Player)
[2026-08-11 18:40:24] [LAW] Law "law-1" applied to "Player" - SUCCESS
[2026-08-11 18:40:25] [LAW] Law "law-1" applied to "zack" - SUCCESS
[2026-08-11 18:40:26] [LAW] Law "law-1" applied to "object-4" - SUCCESS
[2026-08-11 18:40:26] [LAW] Law "law-1" applied to "object-4" - SUCCESS
[2026-08-11 18:40:26] [LAW] Law "law-2" applied to "object-5" - SUCCESS
[2026-08-11 18:40:26] [LAW] Law "law-2" applied to "object-5" - SUCCESS
[2026-08-11 18:40:26] [LAW] Law "law-4" applied to "object-9" - SUCCESS
[2026-08-11 18:40:26] [EVENT] Event "relation-formed" triggered (Subject: law-5-authored-by-object-3, Object: null)
[2026-08-11 18:40:26] [EVENT] Event "law-registered" triggered (Subject: law-5, Object: null)
[2026-08-11 18:40:26] [EVENT] Event "raise-signal" triggered (Subject: object-4, Object: null)
[2026-08-11 18:40:26] [LAW] Law "law-5" applied to "object-4" - SUCCESS
[2026-08-11 18:40:26] [EVENT] Event "law-applied" triggered (Subject: object-4, Object: null)
[2026-08-11 18:40:26] [LAW] Law "law-5" applied to "object-5" - SUCCESS
[2026-08-11 18:40:26] [EVENT] Event "law-applied" triggered (Subject: object-5, Object: null)
[2026-08-11 18:40:26] [EVENT] Event "relation-formed" triggered (Subject: law-7-authored-by-object-3, Object: null)
[2026-08-11 18:40:26] [EVENT] Event "law-registered" triggered (Subject: law-7, Object: null)
[2026-08-11 18:40:26] [LAW] Law "law-7" applied to "object-5" - SUCCESS
[2026-08-11 18:40:26] [EVENT] Event "law-applied" triggered (Subject: object-5, Object: null)
[2026-08-11 18:40:26] [EVENT] Event "relation-formed" triggered (Subject: law-4-authored-by-object-3, Object: null)
[2026-08-11 18:40:26] [EVENT] Event "relation-formed" triggered (Subject: law-4-targets-object-15, Object: null)
[2026-08-11 18:40:26] [LAW] Law "law-4" applied to "object-15" - SUCCESS
[2026-08-11 18:40:26] [EVENT] Event "law-applied" triggered (Subject: object-15, Object: null)
[2026-08-11 18:40:26] [EVENT] Event "relation-formed" triggered (Subject: object-4-touching-object-5, Object: null)
[2026-08-11 18:40:26] [EVENT] Event "relation-formed" triggered (Subject: object-4-owns-object-9, Object: null)
[2026-08-11 18:40:26] [EVENT] Event "relation-formed" triggered (Subject: law-9-authored-by-object-3, Object: null)
[2026-08-11 18:40:26] [EVENT] Event "law-registered" triggered (Subject: law-9, Object: null)
[2026-08-11 18:40:26] [EVENT] Event "relation-formed" triggered (Subject: law-9-targets-object-4, Object: null)
[2026-08-11 18:40:26] [EVENT] Event "relation-formed" triggered (Subject: law-10-authored-by-object-3, Object: null)
[2026-08-11 18:40:26] [EVENT] Event "law-registered" triggered (Subject: law-10, Object: null)
[2026-08-11 18:40:26] [EVENT] Event "contact-perceived" triggered (Subject: object-4, Object: object-5)
[2026-08-11 18:40:26] [LAW] Law "law-9" applied to "object-4" - SUCCESS
[2026-08-11 18:40:26] [EVENT] Event "law-applied" triggered (Subject: object-4, Object: null)
[2026-08-11 18:40:26] [LAW] Law "law-10" applied to "object-4" - SUCCESS
[2026-08-11 18:40:26] [EVENT] Event "law-applied" triggered (Subject: object-4, Object: null)
[2026-08-11 18:40:26] [LAW] Law "law-9" applied to "object-4" - CONDITIONS FAILED
[2026-08-11 18:40:26] [LAW] Law "law-9" applied to "object-4" - CONDITIONS FAILED
[2026-08-11 18:40:26] [LAW] Law "law-9" applied to "object-4" - CONDITIONS FAILED
[2026-08-11 18:40:26] [LAW] Law "law-9" applied to "object-4" - CONDITIONS FAILED
[2026-08-11 18:40:26] [EVENT] Event "relation-formed" triggered (Subject: law-11-authored-by-object-3, Object: null)
[2026-08-11 18:40:26] [LAW] Law "law-11" applied to "object-4" - NO EFFECT (Publish: unproven subject: no-such-being)
[2026-08-11 18:40:26] [EVENT] Event "law-applied" triggered (Subject: object-4, Object: null)
[2026-08-11 18:40:31] [LAW] Law "law-1" applied to "object-4" - SUCCESS
[2026-08-11 18:40:31] [LAW] Law "law-1" applied to "World" - NO EFFECT (Destroy: only Objects can be unmade today)
[2026-08-11 18:40:31] [LAW] Law "law-2" applied to "object-6" - NO EFFECT (Set: No Such Property)
[2026-08-11 18:40:31] [LAW] Law "law-3" applied to "object-6" - SUCCESS
[2026-08-11 18:40:31] [LAW] Law "law-4" applied to "object-10" - NO EFFECT (Set: No Such Property)
[2026-08-11 18:40:31] [LAW] Law "law-11" applied to "object-22" - SUCCESS
[2026-08-11 18:40:31] [LAW] Law "law-12" applied to "object-26" - SUCCESS
[2026-08-11 18:40:31] [LAW] Law "law-12" applied to "object-26" - SUCCESS
[2026-08-11 18:40:31] [LAW] Law "law-12" applied to "object-26" - SUCCESS
[2026-08-11 18:40:31] [LAW] Law "law-12" applied to "object-26" - SUCCESS
[2026-08-11 18:40:31] [LAW] Law "law-13" applied to "object-26" - NO EFFECT (Flow: cannot read objectType)
[2026-08-11 18:40:32] [LAW] Law "law-1" applied to "object-5" - CONDITIONS FAILED
[2026-08-11 18:40:32] [LAW] Law "law-1" applied to "object-5" - SUCCESS
[2026-08-11 18:40:32] [LAW] Law "law-1" applied to "object-5" - SUCCESS
[2026-08-11 18:40:32] [LAW] Law "law-2" applied to "object-8" - NO ACTIONS
[2026-08-11 18:40:33] [EVENT] Event "relation-formed" triggered (Subject: law-1-authored-by-object-3, Object: null)
[2026-08-11 18:40:33] [EVENT] Event "law-registered" triggered (Subject: law-1, Object: null)
[2026-08-11 18:40:33] [EVENT] Event "enters-world" triggered (Subject: object-5, Object: null)
[2026-08-11 18:40:33] [LAW] Law "law-1" applied to "object-5" - SUCCESS
[2026-08-11 18:40:33] [EVENT] Event "law-applied" triggered (Subject: object-5, Object: null)
[2026-08-11 18:40:33] [EVENT] Event "relation-formed" triggered (Subject: law-2-authored-by-object-3, Object: null)
[2026-08-11 18:40:33] [EVENT] Event "law-registered" triggered (Subject: law-2, Object: null)
[2026-08-11 18:40:33] [EVENT] Event "enters-world" triggered (Subject: object-5, Object: null)
[2026-08-11 18:40:33] [LAW] Law "law-1" applied to "object-5" - SUCCESS
[2026-08-11 18:40:33] [EVENT] Event "law-applied" triggered (Subject: object-5, Object: null)
[2026-08-11 18:40:33] [LAW] Law "law-2" applied to "object-5" - SUCCESS
[2026-08-11 18:40:33] [EVENT] Event "law-applied" triggered (Subject: object-5, Object: null)
[2026-08-11 18:40:33] [LAW] Law "law-2" applied to "object-5" - SUCCESS
[2026-08-11 18:40:33] [EVENT] Event "law-applied" triggered (Subject: object-5, Object: null)
[2026-08-11 18:40:33] [LAW] Law "law-2" applied to "object-5" - SUCCESS
[2026-08-11 18:40:33] [EVENT] Event "law-applied" triggered (Subject: object-5, Object: null)
[2026-08-11 18:40:33] [LAW] Law "law-2" applied to "object-5" - SUCCESS
[2026-08-11 18:40:33] [EVENT] Event "law-applied" triggered (Subject: object-5, Object: null)
[2026-08-11 18:40:33] [LAW] Law "law-2" applied to "object-5" - SUCCESS
[2026-08-11 18:40:33] [EVENT] Event "law-applied" triggered (Subject: object-5, Object: null)
[2026-08-11 18:40:33] [LAW] Law "law-2" applied to "object-5" - SUCCESS
[2026-08-11 18:40:33] [EVENT] Event "law-applied" triggered (Subject: object-5, Object: null)
[2026-08-11 18:40:33] [LAW] Law "law-2" applied to "object-5" - SUCCESS
[2026-08-11 18:40:33] [EVENT] Event "law-applied" triggered (Subject: object-5, Object: null)
[2026-08-11 18:40:33] [EVENT] Event "enters-world" triggered (Subject: object-5, Object: null)
[2026-08-11 18:40:33] [LAW] Law "law-1" applied to "object-5" - SUCCESS
[2026-08-11 18:40:33] [EVENT] Event "law-applied" triggered (Subject: object-5, Object: null)
[2026-08-11 18:40:33] [LAW] Law "law-1" applied to "object-5" - SUCCESS
[2026-08-11 18:40:33] [LAW] Law "law-1" applied to "object-5" - CONDITIONS FAILED
[2026-08-11 18:40:33] [LAW] Law "law-1" applied to "object-7" - SUCCESS
[2026-08-11 18:40:33] [LAW] Law "law-3" applied to "object-9" - SUCCESS
[2026-08-11 18:40:33] [LAW] Law "law-3" applied to "object-10" - CONDITIONS FAILED
[2026-08-11 18:40:33] [LAW] Law "law-3" applied to "object-12" - SUCCESS
[2026-08-11 18:40:33] [LAW] Law "law-5" applied to "object-14" - SUCCESS
[2026-08-11 18:40:33] [LAW] Law "law-6" applied to "TestSubject" - CONDITIONS FAILED
[2026-08-11 18:40:33] [LAW] Law "law-6" applied to "TestSubject" - SUCCESS
[2026-08-11 18:40:33] [LAW] Law "law-7" applied to "TestSubject" - SUCCESS
[2026-08-11 18:40:33] [LAW] Law "law-8" applied to "TestSubject" - SUCCESS
[2026-08-11 18:40:33] [LAW] Law "law-8" applied to "TestSubject" - CONDITIONS FAILED
[2026-08-11 18:40:33] [LAW] Law "law-9" applied to "object-41" - CONDITIONS FAILED
[2026-08-11 18:40:33] [LAW] Law "law-9" applied to "object-41" - CONDITIONS FAILED
[2026-08-11 18:40:33] [LAW] Law "law-9" applied to "object-41" - SUCCESS
[2026-08-11 18:40:33] [LAW] Law "law-9" applied to "object-41" - SUCCESS
[2026-08-11 18:40:34] [EVENT] Event "boom" triggered (Subject: object-5, Object: null)
[2026-08-11 18:40:34] [LAW] Law "law-1" applied to "object-3" - SUCCESS
[2026-08-11 18:40:34] [LAW] Law "law-1" applied to "object-5" - SUCCESS
[2026-08-11 18:40:34] [LAW] Law "law-1" applied to "object-6" - SUCCESS
[2026-08-11 18:40:34] [EVENT] Event "relation-formed" triggered (Subject: concept-1-abstracted-from-object-5, Object: null)
[2026-08-11 18:40:34] [EVENT] Event "relation-formed" triggered (Subject: concept-1-authored-by-object-3, Object: null)
[2026-08-11 18:40:34] [EVENT] Event "concept-registered" triggered (Subject: concept-1, Object: null)
[2026-08-11 18:40:34] [EVENT] Event "concept-registered" triggered (Subject: concept-1, Object: null)
[2026-08-11 18:40:34] [EVENT] Event "relation-formed" triggered (Subject: law-5-authored-by-object-3, Object: null)
[2026-08-11 18:40:34] [EVENT] Event "law-registered" triggered (Subject: law-5, Object: null)
[2026-08-11 18:40:34] [EVENT] Event "relation-formed" triggered (Subject: law-6-authored-by-object-3, Object: null)
[2026-08-11 18:40:34] [EVENT] Event "law-registered" triggered (Subject: law-6, Object: null)
[2026-08-11 18:40:34] [EVENT] Event "relation-formed" triggered (Subject: law-7-authored-by-object-3, Object: null)
[2026-08-11 18:40:34] [EVENT] Event "law-registered" triggered (Subject: law-7, Object: null)
[2026-08-11 18:40:34] [EVENT] Event "relation-formed" triggered (Subject: law-5-authored-by-object-3, Object: null)
[2026-08-11 18:40:34] [EVENT] Event "law-registered" triggered (Subject: law-5, Object: null)
[2026-08-11 18:40:34] [EVENT] Event "relation-formed" triggered (Subject: law-6-authored-by-object-3, Object: null)
[2026-08-11 18:40:34] [EVENT] Event "law-registered" triggered (Subject: law-6, Object: null)
[2026-08-11 18:40:34] [EVENT] Event "relation-formed" triggered (Subject: law-7-authored-by-object-3, Object: null)
[2026-08-11 18:40:34] [EVENT] Event "law-registered" triggered (Subject: law-7, Object: null)
[2026-08-11 18:40:34] [LAW] Law "law-5" applied to "object-5" - SUCCESS
[2026-08-11 18:40:34] [LAW] Law "law-5" applied to "object-5" - SUCCESS
[2026-08-11 18:40:34] [LAW] Law "law-5" applied to "object-5" - SUCCESS
[2026-08-11 18:40:34] [LAW] Law "law-5" applied to "object-5" - SUCCESS
[2026-08-11 18:40:34] [LAW] Law "law-5" applied to "object-5" - SUCCESS
[2026-08-11 18:40:34] [LAW] Law "law-5" applied to "object-5" - SUCCESS
[2026-08-11 18:40:34] [LAW] Law "law-5" applied to "object-5" - SUCCESS
[2026-08-11 18:40:34] [LAW] Law "law-5" applied to "object-5" - SUCCESS
[2026-08-11 18:40:34] [LAW] Law "law-5" applied to "object-5" - SUCCESS
[2026-08-11 18:40:34] [LAW] Law "law-5" applied to "object-5" - SUCCESS
[2026-08-11 18:40:34] [LAW] Law "law-5" applied to "object-5" - SUCCESS
[2026-08-11 18:40:34] [LAW] Law "law-5" applied to "object-5" - SUCCESS
[2026-08-11 18:40:34] [LAW] Law "law-5" applied to "object-5" - SUCCESS
[2026-08-11 18:40:34] [LAW] Law "law-5" applied to "object-5" - SUCCESS
[2026-08-11 18:40:34] [LAW] Law "law-5" applied to "object-5" - SUCCESS
[2026-08-11 18:40:34] [LAW] Law "law-5" applied to "object-5" - SUCCESS
[2026-08-11 18:40:34] [LAW] Law "law-5" applied to "object-5" - SUCCESS
[2026-08-11 18:40:34] [LAW] Law "law-5" applied to "object-5" - SUCCESS
[2026-08-11 18:40:34] [LAW] Law "law-5" applied to "object-5" - SUCCESS
[2026-08-11 18:40:34] [LAW] Law "law-5" applied to "object-5" - SUCCESS
[2026-08-11 18:40:34] [LAW] Law "law-5" applied to "object-5" - SUCCESS
[2026-08-11 18:40:34] [LAW] Law "law-5" applied to "object-5" - SUCCESS
[2026-08-11 18:40:34] [LAW] Law "law-5" applied to "object-5" - SUCCESS
[2026-08-11 18:40:34] [LAW] Law "law-5" applied to "object-5" - SUCCESS
[2026-08-11 18:40:34] [LAW] Law "law-5" applied to "object-5" - SUCCESS
[2026-08-11 18:40:34] [LAW] Law "law-5" applied to "object-5" - SUCCESS
[2026-08-11 18:40:34] [LAW] Law "law-5" applied to "object-5" - SUCCESS
[2026-08-11 18:40:34] [LAW] Law "law-5" applied to "object-5" - SUCCESS
[2026-08-11 18:40:34] [LAW] Law "law-5" applied to "object-5" - SUCCESS
[2026-08-11 18:40:34] [LAW] Law "law-5" applied to "object-5" - SUCCESS
[2026-08-11 18:40:34] [LAW] Law "law-5" applied to "object-5" - SUCCESS
[2026-08-11 18:40:34] [LAW] Law "law-5" applied to "object-5" - SUCCESS
[2026-08-11 18:40:34] [LAW] Law "law-5" applied to "object-5" - SUCCESS
[2026-08-11 18:40:34] [LAW] Law "law-5" applied to "object-5" - SUCCESS
[2026-08-11 18:40:34] [LAW] Law "law-5" applied to "object-5" - SUCCESS
[2026-08-11 18:40:34] [LAW] Law "law-5" applied to "object-5" - SUCCESS
[2026-08-11 18:40:34] [LAW] Law "law-5" applied to "object-5" - SUCCESS
[2026-08-11 18:40:34] [LAW] Law "law-5" applied to "object-5" - SUCCESS
[2026-08-11 18:40:34] [LAW] Law "law-5" applied to "object-5" - SUCCESS
[2026-08-11 18:40:34] [LAW] Law "law-5" applied to "object-5" - SUCCESS
[2026-08-11 18:40:34] [LAW] Law "law-5" applied to "object-5" - SUCCESS
[2026-08-11 18:40:34] [LAW] Law "law-5" applied to "object-5" - SUCCESS
[2026-08-11 18:40:34] [LAW] Law "law-5" applied to "object-5" - SUCCESS
[2026-08-11 18:40:34] [LAW] Law "law-5" applied to "object-5" - SUCCESS
[2026-08-11 18:40:34] [LAW] Law "law-5" applied to "object-5" - SUCCESS
[2026-08-11 18:40:34] [LAW] Law "law-5" applied to "object-5" - SUCCESS
[2026-08-11 18:40:34] [LAW] Law "law-5" applied to "object-5" - SUCCESS
[2026-08-11 18:40:34] [LAW] Law "law-5" applied to "object-5" - SUCCESS
[2026-08-11 18:40:34] [LAW] Law "law-5" applied to "object-5" - SUCCESS
[2026-08-11 18:40:34] [LAW] Law "law-5" applied to "object-5" - SUCCESS
[2026-08-11 18:40:34] [LAW] Law "law-5" applied to "object-5" - SUCCESS
[2026-08-11 18:40:34] [LAW] Law "law-5" applied to "object-5" - SUCCESS
[2026-08-11 18:40:34] [LAW] Law "law-5" applied to "object-5" - SUCCESS
[2026-08-11 18:40:34] [LAW] Law "law-5" applied to "object-5" - SUCCESS
[2026-08-11 18:40:34] [LAW] Law "law-5" applied to "object-5" - SUCCESS
[2026-08-11 18:40:34] [LAW] Law "law-5" applied to "object-5" - SUCCESS
[2026-08-11 18:40:34] [LAW] Law "law-5" applied to "object-5" - SUCCESS
[2026-08-11 18:40:34] [LAW] Law "law-5" applied to "object-5" - SUCCESS
[2026-08-11 18:40:34] [LAW] Law "law-5" applied to "object-5" - SUCCESS
[2026-08-11 18:40:34] [LAW] Law "law-5" applied to "object-5" - SUCCESS
[2026-08-11 18:40:34] [LAW] Law "law-5" applied to "object-5" - SUCCESS
[2026-08-11 18:40:34] [LAW] Law "law-5" applied to "object-5" - SUCCESS
[2026-08-11 18:40:34] [LAW] Law "law-5" applied to "object-5" - SUCCESS
[2026-08-11 18:40:34] [LAW] Law "law-5" applied to "object-5" - SUCCESS
[2026-08-11 18:40:34] [LAW] Law "law-5" applied to "object-5" - SUCCESS
[2026-08-11 18:40:34] [LAW] Law "law-5" applied to "object-5" - SUCCESS
[2026-08-11 18:40:34] [LAW] Law "law-5" applied to "object-5" - SUCCESS
[2026-08-11 18:40:34] [LAW] Law "law-5" applied to "object-5" - SUCCESS
[2026-08-11 18:40:34] [LAW] Law "law-5" applied to "object-5" - SUCCESS
[2026-08-11 18:40:34] [LAW] Law "law-5" applied to "object-5" - SUCCESS
[2026-08-11 18:40:34] [LAW] Law "law-5" applied to "object-5" - SUCCESS
[2026-08-11 18:40:34] [LAW] Law "law-5" applied to "object-5" - SUCCESS
[2026-08-11 18:40:34] [LAW] Law "law-5" applied to "object-5" - SUCCESS
[2026-08-11 18:40:34] [LAW] Law "law-5" applied to "object-5" - SUCCESS
[2026-08-11 18:40:34] [LAW] Law "law-5" applied to "object-5" - SUCCESS
[2026-08-11 18:40:34] [LAW] Law "law-5" applied to "object-5" - SUCCESS
[2026-08-11 18:40:34] [LAW] Law "law-5" applied to "object-5" - SUCCESS
[2026-08-11 18:40:34] [LAW] Law "law-5" applied to "object-5" - SUCCESS
[2026-08-11 18:40:34] [LAW] Law "law-5" applied to "object-5" - SUCCESS
[2026-08-11 18:40:34] [LAW] Law "law-5" applied to "object-5" - SUCCESS
[2026-08-11 18:40:34] [LAW] Law "law-5" applied to "object-5" - SUCCESS
[2026-08-11 18:40:34] [LAW] Law "law-5" applied to "object-5" - SUCCESS
[2026-08-11 18:40:34] [LAW] Law "law-5" applied to "object-5" - SUCCESS
[2026-08-11 18:40:34] [LAW] Law "law-5" applied to "object-5" - SUCCESS
[2026-08-11 18:40:34] [LAW] Law "law-5" applied to "object-5" - SUCCESS
[2026-08-11 18:40:34] [LAW] Law "law-5" applied to "object-5" - SUCCESS
[2026-08-11 18:40:34] [LAW] Law "law-5" applied to "object-5" - SUCCESS
[2026-08-11 18:40:34] [LAW] Law "law-5" applied to "object-5" - SUCCESS
[2026-08-11 18:40:34] [LAW] Law "law-5" applied to "object-5" - SUCCESS
[2026-08-11 18:40:34] [LAW] Law "law-5" applied to "object-5" - SUCCESS
[2026-08-11 18:40:34] [LAW] Law "law-5" applied to "object-5" - SUCCESS
[2026-08-11 18:40:34] [LAW] Law "law-5" applied to "object-5" - SUCCESS
[2026-08-11 18:40:34] [LAW] Law "law-5" applied to "object-5" - SUCCESS
[2026-08-11 18:40:34] [LAW] Law "law-5" applied to "object-5" - SUCCESS
[2026-08-11 18:40:34] [LAW] Law "law-5" applied to "object-5" - SUCCESS
[2026-08-11 18:40:34] [LAW] Law "law-5" applied to "object-5" - SUCCESS
[2026-08-11 18:40:34] [LAW] Law "law-5" applied to "object-5" - SUCCESS
[2026-08-11 18:40:34] [LAW] Law "law-5" applied to "object-5" - SUCCESS
[2026-08-11 18:40:34] [LAW] Law "law-5" applied to "object-5" - SUCCESS
[2026-08-11 18:40:34] [LAW] Law "law-5" applied to "object-5" - SUCCESS
[2026-08-11 18:40:34] [LAW] Law "law-5" applied to "object-5" - SUCCESS
[2026-08-11 18:40:34] [LAW] Law "law-5" applied to "object-5" - SUCCESS
[2026-08-11 18:40:34] [LAW] Law "law-5" applied to "object-5" - SUCCESS
[2026-08-11 18:40:34] [LAW] Law "law-5" applied to "object-5" - SUCCESS
[2026-08-11 18:40:34] [LAW] Law "law-5" applied to "object-5" - SUCCESS
[2026-08-11 18:40:34] [LAW] Law "law-5" applied to "object-5" - SUCCESS
[2026-08-11 18:40:34] [LAW] Law "law-5" applied to "object-5" - SUCCESS
[2026-08-11 18:40:34] [LAW] Law "law-5" applied to "object-5" - SUCCESS
[2026-08-11 18:40:34] [LAW] Law "law-5" applied to "object-5" - SUCCESS
[2026-08-11 18:40:34] [LAW] Law "law-5" applied to "object-5" - SUCCESS
[2026-08-11 18:40:34] [LAW] Law "law-5" applied to "object-5" - SUCCESS
[2026-08-11 18:40:34] [LAW] Law "law-5" applied to "object-5" - SUCCESS
[2026-08-11 18:40:34] [LAW] Law "law-5" applied to "object-5" - SUCCESS
[2026-08-11 18:40:34] [LAW] Law "law-5" applied to "object-5" - SUCCESS
[2026-08-11 18:40:34] [LAW] Law "law-5" applied to "object-5" - SUCCESS
[2026-08-11 18:40:34] [LAW] Law "law-5" applied to "object-5" - SUCCESS
[2026-08-11 18:40:34] [LAW] Law "law-5" applied to "object-5" - SUCCESS
[2026-08-11 18:40:34] [LAW] Law "law-5" applied to "object-5" - SUCCESS
[2026-08-11 18:40:34] [LAW] Law "law-5" applied to "object-5" - SUCCESS
[2026-08-11 18:40:34] [LAW] Law "law-5" applied to "object-5" - SUCCESS
[2026-08-11 18:40:34] [LAW] Law "law-5" applied to "object-5" - SUCCESS
[2026-08-11 18:40:34] [LAW] Law "law-5" applied to "object-5" - SUCCESS
[2026-08-11 18:40:34] [LAW] Law "law-5" applied to "object-5" - SUCCESS
[2026-08-11 18:40:34] [LAW] Law "law-5" applied to "object-5" - SUCCESS
[2026-08-11 18:40:34] [LAW] Law "law-5" applied to "object-5" - SUCCESS
[2026-08-11 18:40:34] [LAW] Law "law-5" applied to "object-5" - SUCCESS
[2026-08-11 18:40:34] [LAW] Law "law-5" applied to "object-5" - SUCCESS
[2026-08-11 18:40:34] [LAW] Law "law-5" applied to "object-5" - SUCCESS
[2026-08-11 18:40:34] [LAW] Law "law-5" applied to "object-5" - SUCCESS
[2026-08-11 18:40:34] [LAW] Law "law-5" applied to "object-5" - SUCCESS
[2026-08-11 18:40:34] [LAW] Law "law-5" applied to "object-5" - SUCCESS
[2026-08-11 18:40:34] [LAW] Law "law-5" applied to "object-5" - SUCCESS
[2026-08-11 18:40:34] [LAW] Law "law-5" applied to "object-5" - SUCCESS
[2026-08-11 18:40:34] [LAW] Law "law-5" applied to "object-5" - SUCCESS
[2026-08-11 18:40:34] [LAW] Law "law-5" applied to "object-5" - SUCCESS
[2026-08-11 18:40:34] [LAW] Law "law-5" applied to "object-5" - SUCCESS
[2026-08-11 18:40:34] [LAW] Law "law-5" applied to "object-5" - SUCCESS
[2026-08-11 18:40:34] [LAW] Law "law-5" applied to "object-5" - SUCCESS
[2026-08-11 18:40:34] [LAW] Law "law-5" applied to "object-5" - SUCCESS
[2026-08-11 18:40:34] [LAW] Law "law-5" applied to "object-5" - SUCCESS
[2026-08-11 18:40:34] [LAW] Law "law-5" applied to "object-5" - SUCCESS
[2026-08-11 18:40:34] [LAW] Law "law-5" applied to "object-5" - SUCCESS
[2026-08-11 18:40:34] [LAW] Law "law-5" applied to "object-5" - SUCCESS
[2026-08-11 18:40:34] [LAW] Law "law-5" applied to "object-5" - SUCCESS
[2026-08-11 18:40:34] [LAW] Law "law-5" applied to "object-5" - SUCCESS
[2026-08-11 18:40:34] [LAW] Law "law-5" applied to "object-5" - SUCCESS
[2026-08-11 18:40:34] [LAW] Law "law-5" applied to "object-5" - SUCCESS
[2026-08-11 18:40:34] [LAW] Law "law-5" applied to "object-5" - SUCCESS
[2026-08-11 18:40:34] [LAW] Law "law-5" applied to "object-5" - SUCCESS
[2026-08-11 18:40:34] [LAW] Law "law-5" applied to "object-5" - SUCCESS
[2026-08-11 18:40:34] [LAW] Law "law-5" applied to "object-5" - SUCCESS
[2026-08-11 18:40:34] [LAW] Law "law-5" applied to "object-5" - SUCCESS
[2026-08-11 18:40:34] [LAW] Law "law-5" applied to "object-5" - SUCCESS
[2026-08-11 18:40:34] [LAW] Law "law-5" applied to "object-5" - SUCCESS
[2026-08-11 18:40:34] [LAW] Law "law-5" applied to "object-5" - SUCCESS
[2026-08-11 18:40:34] [LAW] Law "law-5" applied to "object-5" - SUCCESS
[2026-08-11 18:40:34] [LAW] Law "law-5" applied to "object-5" - SUCCESS
[2026-08-11 18:40:34] [LAW] Law "law-5" applied to "object-5" - SUCCESS
[2026-08-11 18:40:34] [LAW] Law "law-5" applied to "object-5" - SUCCESS
[2026-08-11 18:40:34] [LAW] Law "law-5" applied to "object-5" - SUCCESS
[2026-08-11 18:40:34] [LAW] Law "law-5" applied to "object-5" - SUCCESS
[2026-08-11 18:40:34] [LAW] Law "law-5" applied to "object-5" - SUCCESS
[2026-08-11 18:40:34] [LAW] Law "law-5" applied to "object-5" - SUCCESS
[2026-08-11 18:40:34] [LAW] Law "law-5" applied to "object-5" - SUCCESS
[2026-08-11 18:40:34] [LAW] Law "law-5" applied to "object-5" - SUCCESS
[2026-08-11 18:40:34] [LAW] Law "law-5" applied to "object-5" - SUCCESS
[2026-08-11 18:40:34] [LAW] Law "law-5" applied to "object-5" - SUCCESS
[2026-08-11 18:40:34] [LAW] Law "law-5" applied to "object-5" - SUCCESS
[2026-08-11 18:40:34] [LAW] Law "law-5" applied to "object-5" - SUCCESS
[2026-08-11 18:40:34] [LAW] Law "law-5" applied to "object-5" - SUCCESS
[2026-08-11 18:40:34] [LAW] Law "law-5" applied to "object-5" - SUCCESS
[2026-08-11 18:40:34] [LAW] Law "law-5" applied to "object-5" - SUCCESS
[2026-08-11 18:40:34] [LAW] Law "law-5" applied to "object-5" - SUCCESS
[2026-08-11 18:40:34] [LAW] Law "law-5" applied to "object-5" - SUCCESS
[2026-08-11 18:40:34] [LAW] Law "law-5" applied to "object-5" - SUCCESS
[2026-08-11 18:40:34] [LAW] Law "law-5" applied to "object-5" - SUCCESS
[2026-08-11 18:40:34] [LAW] Law "law-5" applied to "object-5" - SUCCESS
[2026-08-11 18:40:34] [LAW] Law "law-5" applied to "object-5" - SUCCESS
[2026-08-11 18:40:34] [LAW] Law "law-5" applied to "object-5" - SUCCESS
[2026-08-11 18:40:34] [LAW] Law "law-5" applied to "object-5" - SUCCESS
[2026-08-11 18:40:34] [LAW] Law "law-5" applied to "object-5" - SUCCESS
[2026-08-11 18:40:34] [LAW] Law "law-5" applied to "object-5" - SUCCESS
[2026-08-11 18:40:34] [LAW] Law "law-5" applied to "object-5" - SUCCESS
[2026-08-11 18:40:34] [LAW] Law "law-5" applied to "object-5" - SUCCESS
[2026-08-11 18:40:34] [LAW] Law "law-5" applied to "object-5" - SUCCESS
[2026-08-11 18:40:34] [LAW] Law "law-5" applied to "object-5" - SUCCESS
[2026-08-11 18:40:34] [LAW] Law "law-5" applied to "object-5" - SUCCESS
[2026-08-11 18:40:34] [LAW] Law "law-5" applied to "object-5" - SUCCESS
[2026-08-11 18:40:34] [LAW] Law "law-5" applied to "object-5" - SUCCESS
[2026-08-11 18:40:34] [LAW] Law "law-5" applied to "object-5" - SUCCESS
[2026-08-11 18:40:34] [LAW] Law "law-5" applied to "object-5" - SUCCESS
[2026-08-11 18:40:34] [LAW] Law "law-5" applied to "object-5" - SUCCESS
[2026-08-11 18:40:34] [LAW] Law "law-5" applied to "object-5" - SUCCESS
[2026-08-11 18:40:34] [LAW] Law "law-5" applied to "object-5" - SUCCESS
[2026-08-11 18:40:34] [LAW] Law "law-5" applied to "object-5" - SUCCESS
[2026-08-11 18:40:34] [LAW] Law "law-5" applied to "object-5" - SUCCESS
[2026-08-11 18:40:34] [LAW] Law "law-5" applied to "object-5" - SUCCESS
[2026-08-11 18:40:34] [LAW] Law "law-5" applied to "object-5" - SUCCESS
[2026-08-11 18:40:34] [LAW] Law "law-5" applied to "object-5" - SUCCESS
[2026-08-11 18:40:34] [LAW] Law "law-5" applied to "object-5" - SUCCESS
[2026-08-11 18:40:34] [LAW] Law "law-5" applied to "object-5" - SUCCESS
[2026-08-11 18:40:34] [LAW] Law "law-5" applied to "object-5" - SUCCESS
[2026-08-11 18:40:34] [LAW] Law "law-5" applied to "object-5" - SUCCESS
[2026-08-11 18:40:34] [LAW] Law "law-5" applied to "object-5" - SUCCESS
[2026-08-11 18:40:34] [LAW] Law "law-5" applied to "object-5" - SUCCESS
[2026-08-11 18:40:34] [LAW] Law "law-5" applied to "object-5" - SUCCESS
[2026-08-11 18:40:34] [LAW] Law "law-5" applied to "object-5" - SUCCESS
[2026-08-11 18:40:34] [LAW] Law "law-5" applied to "object-5" - SUCCESS
[2026-08-11 18:40:34] [LAW] Law "law-5" applied to "object-5" - SUCCESS
[2026-08-11 18:40:34] [LAW] Law "law-5" applied to "object-5" - SUCCESS
[2026-08-11 18:40:34] [LAW] Law "law-5" applied to "object-5" - SUCCESS
[2026-08-11 18:40:34] [LAW] Law "law-5" applied to "object-5" - SUCCESS
[2026-08-11 18:40:34] [LAW] Law "law-5" applied to "object-5" - SUCCESS
[2026-08-11 18:40:34] [LAW] Law "law-5" applied to "object-5" - SUCCESS
[2026-08-11 18:40:34] [LAW] Law "law-5" applied to "object-5" - SUCCESS
[2026-08-11 18:40:34] [LAW] Law "law-5" applied to "object-5" - SUCCESS
[2026-08-11 18:40:34] [LAW] Law "law-5" applied to "object-5" - SUCCESS
[2026-08-11 18:40:34] [LAW] Law "law-5" applied to "object-5" - SUCCESS
[2026-08-11 18:40:34] [LAW] Law "law-5" applied to "object-5" - SUCCESS
[2026-08-11 18:40:34] [LAW] Law "law-5" applied to "object-5" - SUCCESS
[2026-08-11 18:40:34] [LAW] Law "law-5" applied to "object-5" - SUCCESS
[2026-08-11 18:40:34] [LAW] Law "law-5" applied to "object-5" - SUCCESS
[2026-08-11 18:40:34] [LAW] Law "law-5" applied to "object-5" - SUCCESS
[2026-08-11 18:40:34] [LAW] Law "law-5" applied to "object-5" - SUCCESS
[2026-08-11 18:40:34] [LAW] Law "law-5" applied to "object-5" - SUCCESS
[2026-08-11 18:40:34] [LAW] Law "law-5" applied to "object-5" - SUCCESS
[2026-08-11 18:40:34] [LAW] Law "law-5" applied to "object-5" - SUCCESS
[2026-08-11 18:40:34] [LAW] Law "law-5" applied to "object-5" - SUCCESS
[2026-08-11 18:40:34] [LAW] Law "law-5" applied to "object-5" - SUCCESS
[2026-08-11 18:40:34] [LAW] Law "law-5" applied to "object-5" - SUCCESS
[2026-08-11 18:40:34] [LAW] Law "law-5" applied to "object-5" - SUCCESS
[2026-08-11 18:40:34] [LAW] Law "law-5" applied to "object-5" - SUCCESS
[2026-08-11 18:40:34] [LAW] Law "law-5" applied to "object-5" - SUCCESS
[2026-08-11 18:40:34] [LAW] Law "law-5" applied to "object-5" - SUCCESS
[2026-08-11 18:40:34] [LAW] Law "law-5" applied to "object-5" - SUCCESS
[2026-08-11 18:40:34] [LAW] Law "law-5" applied to "object-5" - SUCCESS
[2026-08-11 18:40:34] [LAW] Law "law-5" applied to "object-5" - SUCCESS
[2026-08-11 18:40:34] [LAW] Law "law-5" applied to "object-5" - SUCCESS
[2026-08-11 18:40:34] [LAW] Law "law-5" applied to "object-5" - SUCCESS
[2026-08-11 18:40:34] [LAW] Law "law-5" applied to "object-5" - SUCCESS
[2026-08-11 18:40:34] [LAW] Law "law-5" applied to "object-5" - SUCCESS
[2026-08-11 18:40:34] [LAW] Law "law-5" applied to "object-5" - SUCCESS
[2026-08-11 18:40:34] [LAW] Law "law-5" applied to "object-5" - SUCCESS
[2026-08-11 18:40:34] [LAW] Law "law-5" applied to "object-5" - SUCCESS
[2026-08-11 18:40:34] [LAW] Law "law-5" applied to "object-5" - SUCCESS
[2026-08-11 18:40:34] [LAW] Law "law-5" applied to "object-5" - SUCCESS
[2026-08-11 18:40:34] [LAW] Law "law-5" applied to "object-5" - SUCCESS
[2026-08-11 18:40:34] [LAW] Law "law-5" applied to "object-5" - SUCCESS
[2026-08-11 18:40:34] [LAW] Law "law-5" applied to "object-5" - SUCCESS
[2026-08-11 18:40:34] [LAW] Law "law-5" applied to "object-5" - SUCCESS
[2026-08-11 18:40:34] [LAW] Law "law-5" applied to "object-5" - SUCCESS
[2026-08-11 18:40:34] [LAW] Law "law-5" applied to "object-5" - SUCCESS
[2026-08-11 18:40:34] [LAW] Law "law-5" applied to "object-5" - SUCCESS
[2026-08-11 18:40:34] [LAW] Law "law-5" applied to "object-5" - SUCCESS
[2026-08-11 18:40:34] [LAW] Law "law-5" applied to "object-5" - SUCCESS
[2026-08-11 18:40:34] [LAW] Law "law-5" applied to "object-5" - SUCCESS
[2026-08-11 18:40:34] [LAW] Law "law-5" applied to "object-5" - SUCCESS
[2026-08-11 18:40:34] [LAW] Law "law-5" applied to "object-5" - SUCCESS
[2026-08-11 18:40:34] [LAW] Law "law-5" applied to "object-5" - SUCCESS
[2026-08-11 18:40:34] [LAW] Law "law-5" applied to "object-5" - SUCCESS
[2026-08-11 18:40:34] [LAW] Law "law-5" applied to "object-5" - SUCCESS
[2026-08-11 18:40:34] [LAW] Law "law-5" applied to "object-5" - SUCCESS
[2026-08-11 18:40:34] [LAW] Law "law-5" applied to "object-5" - SUCCESS
[2026-08-11 18:40:34] [LAW] Law "law-5" applied to "object-5" - SUCCESS
[2026-08-11 18:40:34] [LAW] Law "law-5" applied to "object-5" - SUCCESS
[2026-08-11 18:40:34] [LAW] Law "law-5" applied to "object-5" - SUCCESS
[2026-08-11 18:40:34] [LAW] Law "law-5" applied to "object-5" - SUCCESS
[2026-08-11 18:40:34] [LAW] Law "law-5" applied to "object-5" - SUCCESS
[2026-08-11 18:40:34] [LAW] Law "law-5" applied to "object-5" - SUCCESS
[2026-08-11 18:40:34] [LAW] Law "law-5" applied to "object-5" - SUCCESS
[2026-08-11 18:40:34] [LAW] Law "law-5" applied to "object-5" - SUCCESS
[2026-08-11 18:40:34] [LAW] Law "law-5" applied to "object-5" - SUCCESS
[2026-08-11 18:40:34] [LAW] Law "law-5" applied to "object-5" - SUCCESS
[2026-08-11 18:40:34] [LAW] Law "law-5" applied to "object-5" - SUCCESS
[2026-08-11 18:40:34] [LAW] Law "law-5" applied to "object-5" - SUCCESS
[2026-08-11 18:40:34] [LAW] Law "law-5" applied to "object-5" - SUCCESS
[2026-08-11 18:40:34] [LAW] Law "law-5" applied to "object-5" - SUCCESS
[2026-08-11 18:40:34] [LAW] Law "law-5" applied to "object-5" - SUCCESS
[2026-08-11 18:40:34] [LAW] Law "law-5" applied to "object-5" - SUCCESS
[2026-08-11 18:40:34] [LAW] Law "law-5" applied to "object-5" - SUCCESS
[2026-08-11 18:40:34] [LAW] Law "law-5" applied to "object-5" - SUCCESS
[2026-08-11 18:40:34] [LAW] Law "law-5" applied to "object-5" - SUCCESS
[2026-08-11 18:40:34] [LAW] Law "law-5" applied to "object-5" - SUCCESS
[2026-08-11 18:40:34] [LAW] Law "law-5" applied to "object-5" - SUCCESS
[2026-08-11 18:40:34] [LAW] Law "law-5" applied to "object-5" - SUCCESS
[2026-08-11 18:40:34] [LAW] Law "law-5" applied to "object-5" - SUCCESS
[2026-08-11 18:40:34] [LAW] Law "law-5" applied to "object-5" - SUCCESS
[2026-08-11 18:40:34] [LAW] Law "law-5" applied to "object-5" - SUCCESS
[2026-08-11 18:40:34] [LAW] Law "law-5" applied to "object-5" - SUCCESS
[2026-08-11 18:40:34] [LAW] Law "law-5" applied to "object-5" - SUCCESS
[2026-08-11 18:40:34] [LAW] Law "law-5" applied to "object-5" - SUCCESS
[2026-08-11 18:40:34] [LAW] Law "law-5" applied to "object-5" - SUCCESS
[2026-08-11 18:40:34] [LAW] Law "law-5" applied to "object-5" - SUCCESS
[2026-08-11 18:40:34] [LAW] Law "law-5" applied to "object-5" - SUCCESS
[2026-08-11 18:40:34] [LAW] Law "law-5" applied to "object-5" - SUCCESS
[2026-08-11 18:40:34] [LAW] Law "law-5" applied to "object-5" - SUCCESS
[2026-08-11 18:40:34] [LAW] Law "law-5" applied to "object-5" - SUCCESS
[2026-08-11 18:40:34] [LAW] Law "law-5" applied to "object-5" - SUCCESS
[2026-08-11 18:40:34] [LAW] Law "law-5" applied to "object-5" - SUCCESS
[2026-08-11 18:40:34] [LAW] Law "law-5" applied to "object-5" - SUCCESS
[2026-08-11 18:40:34] [LAW] Law "law-5" applied to "object-5" - SUCCESS
[2026-08-11 18:40:34] [LAW] Law "law-5" applied to "object-5" - SUCCESS
[2026-08-11 18:40:34] [LAW] Law "law-5" applied to "object-5" - SUCCESS
[2026-08-11 18:40:34] [LAW] Law "law-5" applied to "object-5" - SUCCESS
[2026-08-11 18:40:34] [LAW] Law "law-5" applied to "object-5" - SUCCESS
[2026-08-11 18:40:34] [LAW] Law "law-5" applied to "object-5" - SUCCESS
[2026-08-11 18:40:34] [LAW] Law "law-5" applied to "object-5" - SUCCESS
[2026-08-11 18:40:34] [LAW] Law "law-5" applied to "object-5" - SUCCESS
[2026-08-11 18:40:34] [LAW] Law "law-5" applied to "object-5" - SUCCESS
[2026-08-11 18:40:34] [LAW] Law "law-5" applied to "object-5" - SUCCESS
[2026-08-11 18:40:34] [LAW] Law "law-5" applied to "object-5" - SUCCESS
[2026-08-11 18:40:34] [LAW] Law "law-5" applied to "object-5" - SUCCESS
[2026-08-11 18:40:34] [LAW] Law "law-5" applied to "object-5" - SUCCESS
[2026-08-11 18:40:34] [LAW] Law "law-5" applied to "object-5" - SUCCESS
[2026-08-11 18:40:34] [LAW] Law "law-5" applied to "object-5" - SUCCESS
[2026-08-11 18:40:34] [LAW] Law "law-5" applied to "object-5" - SUCCESS
[2026-08-11 18:40:34] [LAW] Law "law-5" applied to "object-5" - SUCCESS
[2026-08-11 18:40:34] [LAW] Law "law-5" applied to "object-5" - SUCCESS
[2026-08-11 18:40:34] [LAW] Law "law-5" applied to "object-5" - SUCCESS
[2026-08-11 18:40:34] [LAW] Law "law-5" applied to "object-5" - SUCCESS
[2026-08-11 18:40:34] [LAW] Law "law-5" applied to "object-5" - SUCCESS
[2026-08-11 18:40:34] [LAW] Law "law-5" applied to "object-5" - SUCCESS
[2026-08-11 18:40:34] [LAW] Law "law-5" applied to "object-5" - SUCCESS
[2026-08-11 18:40:34] [LAW] Law "law-5" applied to "object-5" - SUCCESS
[2026-08-11 18:40:34] [LAW] Law "law-5" applied to "object-5" - SUCCESS
[2026-08-11 18:40:34] [LAW] Law "law-5" applied to "object-5" - SUCCESS
[2026-08-11 18:40:34] [LAW] Law "law-5" applied to "object-5" - SUCCESS
[2026-08-11 18:40:34] [LAW] Law "law-5" applied to "object-5" - SUCCESS
[2026-08-11 18:40:34] [LAW] Law "law-5" applied to "object-5" - SUCCESS
[2026-08-11 18:40:34] [LAW] Law "law-5" applied to "object-5" - SUCCESS
[2026-08-11 18:40:34] [LAW] Law "law-5" applied to "object-5" - SUCCESS
[2026-08-11 18:40:34] [LAW] Law "law-5" applied to "object-5" - SUCCESS
[2026-08-11 18:40:34] [LAW] Law "law-5" applied to "object-5" - SUCCESS
[2026-08-11 18:40:34] [LAW] Law "law-5" applied to "object-5" - SUCCESS
[2026-08-11 18:40:34] [LAW] Law "law-5" applied to "object-5" - SUCCESS
[2026-08-11 18:40:34] [LAW] Law "law-5" applied to "object-5" - SUCCESS
[2026-08-11 18:40:34] [LAW] Law "law-5" applied to "object-5" - SUCCESS
[2026-08-11 18:40:34] [LAW] Law "law-5" applied to "object-5" - SUCCESS
[2026-08-11 18:40:34] [LAW] Law "law-5" applied to "object-5" - SUCCESS
[2026-08-11 18:40:34] [LAW] Law "law-5" applied to "object-5" - SUCCESS
[2026-08-11 18:40:34] [LAW] Law "law-5" applied to "object-5" - SUCCESS
[2026-08-11 18:40:34] [LAW] Law "law-5" applied to "object-5" - SUCCESS
[2026-08-11 18:40:34] [LAW] Law "law-5" applied to "object-5" - SUCCESS
[2026-08-11 18:40:34] [LAW] Law "law-5" applied to "object-5" - SUCCESS
[2026-08-11 18:40:34] [LAW] Law "law-5" applied to "object-5" - SUCCESS
[2026-08-11 18:40:34] [LAW] Law "law-5" applied to "object-5" - SUCCESS
[2026-08-11 18:40:34] [LAW] Law "law-5" applied to "object-5" - SUCCESS
[2026-08-11 18:40:34] [LAW] Law "law-5" applied to "object-5" - SUCCESS
[2026-08-11 18:40:34] [LAW] Law "law-5" applied to "object-5" - SUCCESS
[2026-08-11 18:40:34] [LAW] Law "law-5" applied to "object-5" - SUCCESS
[2026-08-11 18:40:34] [LAW] Law "law-5" applied to "object-5" - SUCCESS
[2026-08-11 18:40:34] [LAW] Law "law-5" applied to "object-5" - SUCCESS
[2026-08-11 18:40:34] [LAW] Law "law-5" applied to "object-5" - SUCCESS
[2026-08-11 18:40:34] [LAW] Law "law-5" applied to "object-5" - SUCCESS
[2026-08-11 18:40:34] [LAW] Law "law-5" applied to "object-5" - SUCCESS
[2026-08-11 18:40:34] [LAW] Law "law-5" applied to "object-5" - SUCCESS
[2026-08-11 18:40:34] [LAW] Law "law-5" applied to "object-5" - SUCCESS
[2026-08-11 18:40:34] [LAW] Law "law-5" applied to "object-5" - SUCCESS
[2026-08-11 18:40:34] [LAW] Law "law-5" applied to "object-5" - SUCCESS
[2026-08-11 18:40:34] [LAW] Law "law-5" applied to "object-5" - SUCCESS
[2026-08-11 18:40:34] [LAW] Law "law-5" applied to "object-5" - SUCCESS
[2026-08-11 18:40:34] [LAW] Law "law-5" applied to "object-5" - SUCCESS
[2026-08-11 18:40:34] [LAW] Law "law-5" applied to "object-5" - SUCCESS
[2026-08-11 18:40:34] [LAW] Law "law-5" applied to "object-5" - SUCCESS
[2026-08-11 18:40:34] [LAW] Law "law-5" applied to "object-5" - SUCCESS
[2026-08-11 18:40:34] [LAW] Law "law-5" applied to "object-5" - SUCCESS
[2026-08-11 18:40:34] [LAW] Law "law-5" applied to "object-5" - SUCCESS
[2026-08-11 18:40:34] [LAW] Law "law-5" applied to "object-5" - SUCCESS
[2026-08-11 18:40:34] [LAW] Law "law-5" applied to "object-5" - SUCCESS
[2026-08-11 18:40:34] [LAW] Law "law-5" applied to "object-5" - SUCCESS
[2026-08-11 18:40:34] [LAW] Law "law-5" applied to "object-5" - SUCCESS
[2026-08-11 18:40:34] [LAW] Law "law-5" applied to "object-5" - SUCCESS
[2026-08-11 18:40:34] [LAW] Law "law-5" applied to "object-5" - SUCCESS
[2026-08-11 18:40:34] [LAW] Law "law-5" applied to "object-5" - SUCCESS
[2026-08-11 18:40:34] [LAW] Law "law-5" applied to "object-5" - SUCCESS
[2026-08-11 18:40:34] [LAW] Law "law-5" applied to "object-5" - SUCCESS
[2026-08-11 18:40:34] [LAW] Law "law-5" applied to "object-5" - SUCCESS
[2026-08-11 18:40:34] [LAW] Law "law-5" applied to "object-5" - SUCCESS
[2026-08-11 18:40:34] [LAW] Law "law-5" applied to "object-5" - SUCCESS
[2026-08-11 18:40:34] [LAW] Law "law-5" applied to "object-5" - SUCCESS
[2026-08-11 18:40:34] [LAW] Law "law-5" applied to "object-5" - SUCCESS
[2026-08-11 18:40:34] [LAW] Law "law-5" applied to "object-5" - SUCCESS
[2026-08-11 18:40:34] [LAW] Law "law-5" applied to "object-5" - SUCCESS
[2026-08-11 18:40:34] [LAW] Law "law-5" applied to "object-5" - SUCCESS
[2026-08-11 18:40:34] [LAW] Law "law-5" applied to "object-5" - SUCCESS
[2026-08-11 18:40:34] [LAW] Law "law-5" applied to "object-5" - SUCCESS
[2026-08-11 18:40:34] [LAW] Law "law-5" applied to "object-5" - SUCCESS
[2026-08-11 18:40:34] [LAW] Law "law-5" applied to "object-5" - SUCCESS
[2026-08-11 18:40:34] [LAW] Law "law-5" applied to "object-5" - SUCCESS
[2026-08-11 18:40:34] [LAW] Law "law-5" applied to "object-5" - SUCCESS
[2026-08-11 18:40:34] [LAW] Law "law-5" applied to "object-5" - SUCCESS
[2026-08-11 18:40:34] [LAW] Law "law-5" applied to "object-5" - SUCCESS
[2026-08-11 18:40:34] [LAW] Law "law-5" applied to "object-5" - SUCCESS
[2026-08-11 18:40:34] [LAW] Law "law-5" applied to "object-5" - SUCCESS
[2026-08-11 18:40:34] [LAW] Law "law-5" applied to "object-5" - SUCCESS
[2026-08-11 18:40:34] [LAW] Law "law-5" applied to "object-5" - SUCCESS
[2026-08-11 18:40:34] [LAW] Law "law-5" applied to "object-5" - SUCCESS
[2026-08-11 18:40:34] [LAW] Law "law-5" applied to "object-5" - SUCCESS
[2026-08-11 18:40:34] [LAW] Law "law-5" applied to "object-5" - SUCCESS
[2026-08-11 18:40:34] [LAW] Law "law-5" applied to "object-5" - SUCCESS
[2026-08-11 18:40:36] [LAW] Law "law-2" applied to "law-1" - SUCCESS
[2026-08-11 18:40:36] [LAW] Law "law-3" applied to "law-1" - SUCCESS
[2026-08-11 18:40:36] [LAW] Law "law-5" applied to "law-4" - SUCCESS
[2026-08-11 18:40:36] [LAW] Law "law-7" applied to "object-12" - SUCCESS
[2026-08-11 18:40:36] [LAW] Law "law-7" applied to "object-14" - SUCCESS
[2026-08-11 18:40:36] [LAW] Law "law-9" applied to "object-17" - SUCCESS
[2026-08-11 18:40:36] [LAW] Law "law-10" applied to "object-17" - SUCCESS
[2026-08-11 18:40:36] [LAW] Law "law-9" applied to "object-17" - SUCCESS
[2026-08-11 18:40:36] [LAW] Law "law-10" applied to "object-17" - SUCCESS
[2026-08-11 18:40:36] [LAW] Law "law-9" applied to "object-17" - SUCCESS
[2026-08-11 18:40:36] [LAW] Law "law-10" applied to "object-17" - SUCCESS
[2026-08-11 18:40:36] [LAW] Law "law-9" applied to "object-17" - SUCCESS
[2026-08-11 18:40:36] [LAW] Law "law-10" applied to "object-17" - SUCCESS
[2026-08-11 18:40:36] [LAW] Law "law-9" applied to "object-17" - SUCCESS
[2026-08-11 18:40:36] [LAW] Law "law-10" applied to "object-17" - SUCCESS
[2026-08-11 18:40:36] [LAW] Law "law-9" applied to "object-17" - SUCCESS
[2026-08-11 18:40:36] [LAW] Law "law-10" applied to "object-17" - SUCCESS
[2026-08-11 18:40:36] [LAW] Law "law-9" applied to "object-17" - SUCCESS
[2026-08-11 18:40:36] [LAW] Law "law-10" applied to "object-17" - SUCCESS
[2026-08-11 18:40:36] [LAW] Law "law-9" applied to "object-17" - SUCCESS
[2026-08-11 18:40:36] [LAW] Law "law-10" applied to "object-17" - SUCCESS
[2026-08-11 18:40:36] [LAW] Law "law-9" applied to "object-17" - SUCCESS
[2026-08-11 18:40:36] [LAW] Law "law-10" applied to "object-17" - SUCCESS
[2026-08-11 18:40:36] [LAW] Law "law-9" applied to "object-17" - SUCCESS
[2026-08-11 18:40:36] [LAW] Law "law-10" applied to "object-17" - SUCCESS
[2026-08-11 18:40:36] [LAW] Law "law-9" applied to "object-17" - SUCCESS
[2026-08-11 18:40:36] [LAW] Law "law-10" applied to "object-17" - SUCCESS
[2026-08-11 18:40:36] [LAW] Law "law-9" applied to "object-17" - SUCCESS
[2026-08-11 18:40:36] [LAW] Law "law-10" applied to "object-17" - SUCCESS
[2026-08-11 18:40:36] [LAW] Law "law-9" applied to "object-17" - SUCCESS
[2026-08-11 18:40:36] [LAW] Law "law-10" applied to "object-17" - SUCCESS
[2026-08-11 18:40:36] [LAW] Law "law-9" applied to "object-17" - SUCCESS
[2026-08-11 18:40:36] [LAW] Law "law-10" applied to "object-17" - SUCCESS
[2026-08-11 18:40:36] [LAW] Law "law-9" applied to "object-17" - SUCCESS
[2026-08-11 18:40:36] [LAW] Law "law-10" applied to "object-17" - SUCCESS
[2026-08-11 18:40:36] [LAW] Law "law-9" applied to "object-17" - SUCCESS
[2026-08-11 18:40:36] [LAW] Law "law-10" applied to "object-17" - SUCCESS
[2026-08-11 18:40:36] [LAW] Law "law-9" applied to "object-17" - SUCCESS
[2026-08-11 18:40:36] [LAW] Law "law-10" applied to "object-17" - SUCCESS
[2026-08-11 18:40:36] [LAW] Law "law-9" applied to "object-17" - SUCCESS
[2026-08-11 18:40:36] [LAW] Law "law-10" applied to "object-17" - SUCCESS
[2026-08-11 18:40:36] [LAW] Law "law-9" applied to "object-17" - SUCCESS
[2026-08-11 18:40:36] [LAW] Law "law-10" applied to "object-17" - SUCCESS
[2026-08-11 18:40:36] [LAW] Law "law-9" applied to "object-17" - SUCCESS
[2026-08-11 18:40:36] [LAW] Law "law-10" applied to "object-17" - SUCCESS
[2026-08-11 18:40:36] [LAW] Law "law-9" applied to "object-17" - SUCCESS
[2026-08-11 18:40:36] [LAW] Law "law-10" applied to "object-17" - SUCCESS
[2026-08-11 18:40:36] [LAW] Law "law-9" applied to "object-17" - SUCCESS
[2026-08-11 18:40:36] [LAW] Law "law-10" applied to "object-17" - SUCCESS
[2026-08-11 18:40:36] [LAW] Law "law-9" applied to "object-17" - SUCCESS
[2026-08-11 18:40:36] [LAW] Law "law-10" applied to "object-17" - SUCCESS
[2026-08-11 18:40:36] [LAW] Law "law-9" applied to "object-17" - SUCCESS
[2026-08-11 18:40:36] [LAW] Law "law-10" applied to "object-17" - SUCCESS
[2026-08-11 18:40:36] [LAW] Law "law-9" applied to "object-17" - SUCCESS
[2026-08-11 18:40:36] [LAW] Law "law-10" applied to "object-17" - SUCCESS
[2026-08-11 18:40:36] [LAW] Law "law-9" applied to "object-17" - SUCCESS
[2026-08-11 18:40:36] [LAW] Law "law-10" applied to "object-17" - SUCCESS
[2026-08-11 18:40:36] [LAW] Law "law-9" applied to "object-17" - SUCCESS
[2026-08-11 18:40:36] [LAW] Law "law-10" applied to "object-17" - SUCCESS
[2026-08-11 18:40:36] [LAW] Law "law-9" applied to "object-17" - SUCCESS
[2026-08-11 18:40:36] [LAW] Law "law-10" applied to "object-17" - SUCCESS
[2026-08-11 18:40:36] [LAW] Law "law-9" applied to "object-17" - SUCCESS
[2026-08-11 18:40:36] [LAW] Law "law-10" applied to "object-17" - SUCCESS
[2026-08-11 18:40:36] [LAW] Law "law-9" applied to "object-17" - SUCCESS
[2026-08-11 18:40:36] [LAW] Law "law-10" applied to "object-17" - SUCCESS
[2026-08-11 18:40:36] [LAW] Law "law-9" applied to "object-17" - SUCCESS
[2026-08-11 18:40:36] [LAW] Law "law-10" applied to "object-17" - SUCCESS
[2026-08-11 18:40:36] [LAW] Law "law-9" applied to "object-17" - SUCCESS
[2026-08-11 18:40:36] [LAW] Law "law-10" applied to "object-17" - SUCCESS
[2026-08-11 18:40:36] [LAW] Law "law-9" applied to "object-17" - SUCCESS
[2026-08-11 18:40:36] [LAW] Law "law-10" applied to "object-17" - SUCCESS
[2026-08-11 18:40:36] [LAW] Law "law-9" applied to "object-17" - SUCCESS
[2026-08-11 18:40:36] [LAW] Law "law-10" applied to "object-17" - SUCCESS
[2026-08-11 18:40:36] [LAW] Law "law-9" applied to "object-17" - SUCCESS
[2026-08-11 18:40:36] [LAW] Law "law-10" applied to "object-17" - SUCCESS
[2026-08-11 18:40:36] [LAW] Law "law-9" applied to "object-17" - SUCCESS
[2026-08-11 18:40:36] [LAW] Law "law-10" applied to "object-17" - SUCCESS
[2026-08-11 18:40:36] [LAW] Law "law-9" applied to "object-17" - SUCCESS
[2026-08-11 18:40:36] [LAW] Law "law-10" applied to "object-17" - SUCCESS
[2026-08-11 18:40:36] [LAW] Law "law-9" applied to "object-17" - SUCCESS
[2026-08-11 18:40:36] [LAW] Law "law-10" applied to "object-17" - SUCCESS
[2026-08-11 18:40:36] [LAW] Law "law-9" applied to "object-17" - SUCCESS
[2026-08-11 18:40:36] [LAW] Law "law-10" applied to "object-17" - SUCCESS
[2026-08-11 18:40:36] [LAW] Law "law-9" applied to "object-17" - SUCCESS
[2026-08-11 18:40:36] [LAW] Law "law-10" applied to "object-17" - SUCCESS
[2026-08-11 18:40:36] [LAW] Law "law-9" applied to "object-17" - SUCCESS
[2026-08-11 18:40:36] [LAW] Law "law-10" applied to "object-17" - SUCCESS
[2026-08-11 18:40:36] [LAW] Law "law-9" applied to "object-17" - SUCCESS
[2026-08-11 18:40:36] [LAW] Law "law-10" applied to "object-17" - SUCCESS
[2026-08-11 18:40:36] [LAW] Law "law-9" applied to "object-17" - SUCCESS
[2026-08-11 18:40:36] [LAW] Law "law-10" applied to "object-17" - SUCCESS
[2026-08-11 18:40:36] [LAW] Law "law-9" applied to "object-17" - SUCCESS
[2026-08-11 18:40:36] [LAW] Law "law-10" applied to "object-17" - SUCCESS
[2026-08-11 18:40:36] [LAW] Law "law-9" applied to "object-17" - SUCCESS
[2026-08-11 18:40:36] [LAW] Law "law-10" applied to "object-17" - SUCCESS
[2026-08-11 18:40:36] [LAW] Law "law-9" applied to "object-17" - SUCCESS
[2026-08-11 18:40:36] [LAW] Law "law-10" applied to "object-17" - SUCCESS
[2026-08-11 18:40:36] [LAW] Law "law-9" applied to "object-17" - SUCCESS
[2026-08-11 18:40:36] [LAW] Law "law-10" applied to "object-17" - SUCCESS
[2026-08-11 18:40:36] [LAW] Law "law-9" applied to "object-17" - SUCCESS
[2026-08-11 18:40:36] [LAW] Law "law-10" applied to "object-17" - SUCCESS
[2026-08-11 18:40:36] [LAW] Law "law-9" applied to "object-17" - SUCCESS
[2026-08-11 18:40:36] [LAW] Law "law-10" applied to "object-17" - SUCCESS
[2026-08-11 18:40:36] [LAW] Law "law-9" applied to "object-17" - SUCCESS
[2026-08-11 18:40:36] [LAW] Law "law-10" applied to "object-17" - SUCCESS
[2026-08-11 18:40:36] [LAW] Law "law-9" applied to "object-17" - SUCCESS
[2026-08-11 18:40:36] [LAW] Law "law-10" applied to "object-17" - SUCCESS
[2026-08-11 18:40:36] [LAW] Law "law-9" applied to "object-17" - SUCCESS
[2026-08-11 18:40:36] [LAW] Law "law-10" applied to "object-17" - SUCCESS
[2026-08-11 18:40:36] [LAW] Law "law-9" applied to "object-17" - SUCCESS
[2026-08-11 18:40:36] [LAW] Law "law-10" applied to "object-17" - SUCCESS
[2026-08-11 18:40:36] [LAW] Law "law-9" applied to "object-17" - SUCCESS
[2026-08-11 18:40:36] [LAW] Law "law-10" applied to "object-17" - SUCCESS
[2026-08-11 18:40:36] [LAW] Law "law-9" applied to "object-17" - SUCCESS
[2026-08-11 18:40:36] [LAW] Law "law-10" applied to "object-17" - SUCCESS
[2026-08-11 18:40:36] [LAW] Law "law-9" applied to "object-17" - SUCCESS
[2026-08-11 18:40:36] [LAW] Law "law-10" applied to "object-17" - SUCCESS
[2026-08-11 18:40:36] [LAW] Law "law-9" applied to "object-17" - SUCCESS
[2026-08-11 18:40:36] [LAW] Law "law-10" applied to "object-17" - SUCCESS
[2026-08-11 18:40:36] [LAW] Law "law-9" applied to "object-17" - SUCCESS
[2026-08-11 18:40:36] [LAW] Law "law-10" applied to "object-17" - SUCCESS
[2026-08-11 18:40:36] [LAW] Law "law-9" applied to "object-17" - SUCCESS
[2026-08-11 18:40:36] [LAW] Law "law-10" applied to "object-17" - SUCCESS
[2026-08-11 18:40:36] [LAW] Law "law-9" applied to "object-17" - SUCCESS
[2026-08-11 18:40:36] [LAW] Law "law-10" applied to "object-17" - SUCCESS
[2026-08-11 18:40:36] [LAW] Law "law-9" applied to "object-17" - SUCCESS
[2026-08-11 18:40:36] [LAW] Law "law-10" applied to "object-17" - SUCCESS
[2026-08-11 18:40:36] [LAW] Law "law-9" applied to "object-17" - SUCCESS
[2026-08-11 18:40:36] [LAW] Law "law-10" applied to "object-17" - SUCCESS
[2026-08-11 18:40:36] [LAW] Law "law-9" applied to "object-17" - SUCCESS
[2026-08-11 18:40:36] [LAW] Law "law-10" applied to "object-17" - SUCCESS
[2026-08-11 18:40:36] [LAW] Law "law-9" applied to "object-17" - SUCCESS
[2026-08-11 18:40:36] [LAW] Law "law-10" applied to "object-17" - SUCCESS
[2026-08-11 18:40:36] [LAW] Law "law-9" applied to "object-17" - SUCCESS
[2026-08-11 18:40:36] [LAW] Law "law-10" applied to "object-17" - SUCCESS
[2026-08-11 18:40:36] [LAW] Law "law-9" applied to "object-17" - SUCCESS
[2026-08-11 18:40:36] [LAW] Law "law-10" applied to "object-17" - SUCCESS
[2026-08-11 18:40:36] [LAW] Law "law-9" applied to "object-17" - SUCCESS
[2026-08-11 18:40:36] [LAW] Law "law-10" applied to "object-17" - SUCCESS
[2026-08-11 18:40:36] [LAW] Law "law-9" applied to "object-17" - SUCCESS
[2026-08-11 18:40:36] [LAW] Law "law-10" applied to "object-17" - SUCCESS
[2026-08-11 18:40:36] [LAW] Law "law-9" applied to "object-17" - SUCCESS
[2026-08-11 18:40:36] [LAW] Law "law-10" applied to "object-17" - SUCCESS
[2026-08-11 18:40:36] [LAW] Law "law-9" applied to "object-17" - SUCCESS
[2026-08-11 18:40:36] [LAW] Law "law-10" applied to "object-17" - SUCCESS
[2026-08-11 18:40:36] [LAW] Law "law-9" applied to "object-17" - SUCCESS
[2026-08-11 18:40:36] [LAW] Law "law-10" applied to "object-17" - SUCCESS
[2026-08-11 18:40:36] [LAW] Law "law-9" applied to "object-17" - SUCCESS
[2026-08-11 18:40:36] [LAW] Law "law-10" applied to "object-17" - SUCCESS
[2026-08-11 18:40:36] [LAW] Law "law-9" applied to "object-17" - SUCCESS
[2026-08-11 18:40:36] [LAW] Law "law-10" applied to "object-17" - SUCCESS
[2026-08-11 18:40:36] [LAW] Law "law-9" applied to "object-17" - SUCCESS
[2026-08-11 18:40:36] [LAW] Law "law-10" applied to "object-17" - SUCCESS
[2026-08-11 18:40:36] [LAW] Law "law-9" applied to "object-17" - SUCCESS
[2026-08-11 18:40:36] [LAW] Law "law-10" applied to "object-17" - SUCCESS
[2026-08-11 18:40:36] [LAW] Law "law-9" applied to "object-17" - SUCCESS
[2026-08-11 18:40:36] [LAW] Law "law-10" applied to "object-17" - SUCCESS
[2026-08-11 18:40:36] [LAW] Law "law-9" applied to "object-17" - SUCCESS
[2026-08-11 18:40:36] [LAW] Law "law-10" applied to "object-17" - SUCCESS
[2026-08-11 18:40:36] [LAW] Law "law-9" applied to "object-17" - SUCCESS
[2026-08-11 18:40:36] [LAW] Law "law-10" applied to "object-17" - SUCCESS
[2026-08-11 18:40:36] [LAW] Law "law-9" applied to "object-17" - SUCCESS
[2026-08-11 18:40:36] [LAW] Law "law-10" applied to "object-17" - SUCCESS
[2026-08-11 18:40:36] [LAW] Law "law-9" applied to "object-17" - SUCCESS
[2026-08-11 18:40:36] [LAW] Law "law-10" applied to "object-17" - SUCCESS
[2026-08-11 18:40:36] [LAW] Law "law-9" applied to "object-17" - SUCCESS
[2026-08-11 18:40:36] [LAW] Law "law-10" applied to "object-17" - SUCCESS
[2026-08-11 18:40:36] [LAW] Law "law-9" applied to "object-17" - SUCCESS
[2026-08-11 18:40:36] [LAW] Law "law-10" applied to "object-17" - SUCCESS
[2026-08-11 18:40:36] [LAW] Law "law-9" applied to "object-17" - SUCCESS
[2026-08-11 18:40:36] [LAW] Law "law-10" applied to "object-17" - SUCCESS
[2026-08-11 18:40:36] [LAW] Law "law-9" applied to "object-17" - SUCCESS
[2026-08-11 18:40:36] [LAW] Law "law-10" applied to "object-17" - SUCCESS
[2026-08-11 18:40:36] [LAW] Law "law-9" applied to "object-17" - SUCCESS
[2026-08-11 18:40:36] [LAW] Law "law-10" applied to "object-17" - SUCCESS
[2026-08-11 18:40:36] [LAW] Law "law-9" applied to "object-17" - SUCCESS
[2026-08-11 18:40:36] [LAW] Law "law-10" applied to "object-17" - SUCCESS
[2026-08-11 18:40:36] [LAW] Law "law-9" applied to "object-17" - SUCCESS
[2026-08-11 18:40:36] [LAW] Law "law-10" applied to "object-17" - SUCCESS
[2026-08-11 18:40:36] [LAW] Law "law-9" applied to "object-17" - SUCCESS
[2026-08-11 18:40:36] [LAW] Law "law-10" applied to "object-17" - SUCCESS
[2026-08-11 18:40:36] [LAW] Law "law-9" applied to "object-17" - SUCCESS
[2026-08-11 18:40:36] [LAW] Law "law-10" applied to "object-17" - SUCCESS
[2026-08-11 18:40:36] [LAW] Law "law-9" applied to "object-17" - SUCCESS
[2026-08-11 18:40:36] [LAW] Law "law-10" applied to "object-17" - SUCCESS
[2026-08-11 18:40:36] [LAW] Law "law-9" applied to "object-17" - SUCCESS
[2026-08-11 18:40:36] [LAW] Law "law-10" applied to "object-17" - SUCCESS
[2026-08-11 18:40:36] [LAW] Law "law-9" applied to "object-17" - SUCCESS
[2026-08-11 18:40:36] [LAW] Law "law-10" applied to "object-17" - SUCCESS
[2026-08-11 18:40:36] [LAW] Law "law-9" applied to "object-17" - SUCCESS
[2026-08-11 18:40:36] [LAW] Law "law-10" applied to "object-17" - SUCCESS
[2026-08-11 18:40:36] [LAW] Law "law-9" applied to "object-17" - SUCCESS
[2026-08-11 18:40:36] [LAW] Law "law-10" applied to "object-17" - SUCCESS
[2026-08-11 18:40:36] [LAW] Law "law-9" applied to "object-17" - SUCCESS
[2026-08-11 18:40:36] [LAW] Law "law-10" applied to "object-17" - SUCCESS
[2026-08-11 18:40:36] [LAW] Law "law-9" applied to "object-17" - SUCCESS
[2026-08-11 18:40:36] [LAW] Law "law-10" applied to "object-17" - SUCCESS
[2026-08-11 18:40:36] [LAW] Law "law-9" applied to "object-17" - SUCCESS
[2026-08-11 18:40:36] [LAW] Law "law-10" applied to "object-17" - SUCCESS
[2026-08-11 18:40:36] [LAW] Law "law-9" applied to "object-17" - SUCCESS
[2026-08-11 18:40:36] [LAW] Law "law-10" applied to "object-17" - SUCCESS
[2026-08-11 18:40:36] [LAW] Law "law-9" applied to "object-17" - SUCCESS
[2026-08-11 18:40:36] [LAW] Law "law-10" applied to "object-17" - SUCCESS
[2026-08-11 18:40:36] [LAW] Law "law-9" applied to "object-17" - SUCCESS
[2026-08-11 18:40:36] [LAW] Law "law-10" applied to "object-17" - SUCCESS
[2026-08-11 18:40:36] [LAW] Law "law-9" applied to "object-17" - SUCCESS
[2026-08-11 18:40:36] [LAW] Law "law-10" applied to "object-17" - SUCCESS
[2026-08-11 18:40:36] [LAW] Law "law-9" applied to "object-17" - SUCCESS
[2026-08-11 18:40:36] [LAW] Law "law-10" applied to "object-17" - SUCCESS
[2026-08-11 18:40:36] [LAW] Law "law-9" applied to "object-17" - SUCCESS
[2026-08-11 18:40:36] [LAW] Law "law-10" applied to "object-17" - SUCCESS
[2026-08-11 18:40:36] [LAW] Law "law-9" applied to "object-17" - SUCCESS
[2026-08-11 18:40:36] [LAW] Law "law-10" applied to "object-17" - SUCCESS
[2026-08-11 18:40:36] [LAW] Law "law-9" applied to "object-17" - SUCCESS
[2026-08-11 18:40:36] [LAW] Law "law-10" applied to "object-17" - SUCCESS
[2026-08-11 18:40:36] [LAW] Law "law-9" applied to "object-17" - SUCCESS
[2026-08-11 18:40:36] [LAW] Law "law-10" applied to "object-17" - SUCCESS
[2026-08-11 18:40:36] [LAW] Law "law-9" applied to "object-17" - SUCCESS
[2026-08-11 18:40:36] [LAW] Law "law-10" applied to "object-17" - SUCCESS
[2026-08-11 18:40:36] [LAW] Law "law-9" applied to "object-17" - SUCCESS
[2026-08-11 18:40:36] [LAW] Law "law-10" applied to "object-17" - SUCCESS
[2026-08-11 18:40:36] [LAW] Law "law-9" applied to "object-17" - SUCCESS
[2026-08-11 18:40:36] [LAW] Law "law-10" applied to "object-17" - SUCCESS
[2026-08-11 18:40:36] [LAW] Law "law-9" applied to "object-17" - SUCCESS
[2026-08-11 18:40:36] [LAW] Law "law-10" applied to "object-17" - SUCCESS
[2026-08-11 18:40:36] [LAW] Law "law-9" applied to "object-17" - SUCCESS
[2026-08-11 18:40:36] [LAW] Law "law-10" applied to "object-17" - SUCCESS
[2026-08-11 18:40:36] [LAW] Law "law-9" applied to "object-17" - SUCCESS
[2026-08-11 18:40:36] [LAW] Law "law-10" applied to "object-17" - SUCCESS
[2026-08-11 18:40:36] [LAW] Law "law-9" applied to "object-17" - SUCCESS
[2026-08-11 18:40:36] [LAW] Law "law-10" applied to "object-17" - SUCCESS
[2026-08-11 18:40:36] [LAW] Law "law-9" applied to "object-17" - SUCCESS
[2026-08-11 18:40:36] [LAW] Law "law-10" applied to "object-17" - SUCCESS
[2026-08-11 18:40:36] [LAW] Law "law-9" applied to "object-17" - SUCCESS
[2026-08-11 18:40:36] [LAW] Law "law-10" applied to "object-17" - SUCCESS
[2026-08-11 18:40:36] [LAW] Law "law-9" applied to "object-17" - SUCCESS
[2026-08-11 18:40:36] [LAW] Law "law-10" applied to "object-17" - SUCCESS
[2026-08-11 18:40:36] [LAW] Law "law-9" applied to "object-17" - SUCCESS
[2026-08-11 18:40:36] [LAW] Law "law-10" applied to "object-17" - SUCCESS
[2026-08-11 18:40:36] [LAW] Law "law-9" applied to "object-17" - SUCCESS
[2026-08-11 18:40:36] [LAW] Law "law-10" applied to "object-17" - SUCCESS
[2026-08-11 18:40:36] [LAW] Law "law-9" applied to "object-17" - SUCCESS
[2026-08-11 18:40:36] [LAW] Law "law-10" applied to "object-17" - SUCCESS
[2026-08-11 18:40:36] [LAW] Law "law-9" applied to "object-17" - SUCCESS
[2026-08-11 18:40:36] [LAW] Law "law-10" applied to "object-17" - SUCCESS
[2026-08-11 18:40:37] [EVENT] Event "law-registered" triggered (Subject: law-1, Object: null)
[2026-08-11 18:40:37] [EVENT] Event "birth-signal" triggered (Subject: World, Object: null)
[2026-08-11 18:40:37] [EVENT] Event "relation-formed" triggered (Subject: law-1-authored-by-object-3, Object: null)
[2026-08-11 18:40:37] [EVENT] Event "birth-signal" triggered (Subject: World, Object: null)
[2026-08-11 18:40:37] [EVENT] Event "relation-formed" triggered (Subject: object-14-generated-from-concept-1, Object: null)
[2026-08-11 18:40:37] [EVENT] Event "relation-formed" triggered (Subject: object-15-generated-from-concept-1, Object: null)
[2026-08-11 18:40:37] [EVENT] Event "concept-instantiated" triggered (Subject: concept-1, Object: null)
[2026-08-11 18:40:37] [EVENT] Event "object-created" triggered (Subject: object-14, Object: World)
[2026-08-11 18:40:37] [EVENT] Event "object-created" triggered (Subject: object-15, Object: World)
[2026-08-11 18:40:37] [LAW] Law "law-1" applied to "World" - SUCCESS
[2026-08-11 18:40:37] [EVENT] Event "law-applied" triggered (Subject: World, Object: null)
[2026-08-11 18:40:37] [EVENT] Event "relation-formed" triggered (Subject: concept-3-abstracted-from-object-16, Object: null)
[2026-08-11 18:40:37] [EVENT] Event "relation-formed" triggered (Subject: concept-3-authored-by-object-3, Object: null)
[2026-08-11 18:40:37] [EVENT] Event "relation-formed" triggered (Subject: object-18-generated-from-concept-3, Object: null)
[2026-08-11 18:40:37] [EVENT] Event "concept-instantiated" triggered (Subject: concept-3, Object: null)
[2026-08-11 18:40:37] [EVENT] Event "relation-formed" triggered (Subject: object-19-generated-from-concept-3, Object: null)
[2026-08-11 18:40:37] [EVENT] Event "concept-instantiated" triggered (Subject: concept-3, Object: null)
[2026-08-11 18:40:37] [EVENT] Event "relation-formed" triggered (Subject: law-2-authored-by-object-3, Object: null)
[2026-08-11 18:40:37] [EVENT] Event "law-registered" triggered (Subject: law-2, Object: null)
[2026-08-11 18:40:37] [LAW] Law "law-2" applied to "object-16" - SUCCESS
[2026-08-11 18:40:37] [EVENT] Event "law-applied" triggered (Subject: object-16, Object: null)
[2026-08-11 18:40:37] [EVENT] Event "relation-formed" triggered (Subject: concept-5-abstracted-from-object-16, Object: null)
[2026-08-11 18:40:37] [EVENT] Event "relation-formed" triggered (Subject: concept-5-authored-by-object-3, Object: null)
[2026-08-11 18:40:37] [EVENT] Event "relation-formed" triggered (Subject: object-23-generated-from-concept-5, Object: null)
[2026-08-11 18:40:37] [EVENT] Event "concept-instantiated" triggered (Subject: concept-5, Object: null)
[2026-08-11 18:40:37] [EVENT] Event "relation-formed" triggered (Subject: law-3-authored-by-object-3, Object: null)
[2026-08-11 18:40:37] [EVENT] Event "law-registered" triggered (Subject: law-3, Object: null)
[2026-08-11 18:40:37] [LAW] Law "law-3" applied to "object-16" - SUCCESS
[2026-08-11 18:40:37] [EVENT] Event "law-applied" triggered (Subject: object-16, Object: null)
[2026-08-11 18:40:37] [EVENT] Event "relation-formed" triggered (Subject: object-25-generated-from-concept-5, Object: null)
[2026-08-11 18:40:37] [EVENT] Event "concept-instantiated" triggered (Subject: concept-5, Object: null)
[2026-08-11 18:40:37] [EVENT] Event "relation-formed" triggered (Subject: law-4-authored-by-object-3, Object: null)
[2026-08-11 18:40:37] [EVENT] Event "law-registered" triggered (Subject: law-4, Object: null)
[2026-08-11 18:40:37] [LAW] Law "law-4" applied to "object-16" - NO EFFECT (Set: Read Only)
[2026-08-11 18:40:37] [EVENT] Event "law-applied" triggered (Subject: object-16, Object: null)
[2026-08-11 18:40:37] [EVENT] Event "relation-formed" triggered (Subject: object-27-attached-to-object-28, Object: null)
[2026-08-11 18:40:37] [EVENT] Event "relation-formed" triggered (Subject: concept-6-abstracted-from-object-27, Object: null)
[2026-08-11 18:40:37] [EVENT] Event "relation-formed" triggered (Subject: concept-6-abstracted-from-object-28, Object: null)
[2026-08-11 18:40:37] [EVENT] Event "relation-formed" triggered (Subject: concept-6-authored-by-object-3, Object: null)
[2026-08-11 18:40:37] [EVENT] Event "relation-formed" triggered (Subject: object-30-generated-from-concept-6, Object: null)
[2026-08-11 18:40:37] [EVENT] Event "relation-formed" triggered (Subject: object-31-generated-from-concept-6, Object: null)
[2026-08-11 18:40:37] [EVENT] Event "relation-formed" triggered (Subject: object-30-attached-to-object-31, Object: null)
[2026-08-11 18:40:37] [EVENT] Event "concept-instantiated" triggered (Subject: concept-6, Object: null)
[2026-08-11 18:40:37] [LAW] Law "law-1" applied to "object-5" - SUCCESS
[2026-08-11 18:40:37] [LAW] Law "law-1" applied to "object-6" - CONDITIONS FAILED
[2026-08-11 18:40:37] [LAW] Law "law-1" applied to "object-8" - SUCCESS
[2026-08-11 18:40:37] [LAW] Law "law-1" applied to "object-9" - CONDITIONS FAILED
[2026-08-11 18:40:37] [LAW] Law "law-3" applied to "object-11" - SUCCESS
[2026-08-11 18:40:37] [LAW] Law "law-4" applied to "object-13" - NO EFFECT (Map: outside the authored bounds)
[2026-08-11 18:40:37] [LAW] Law "law-5" applied to "object-15" - SUCCESS
[2026-08-11 18:40:37] [LAW] Law "law-6" applied to "object-17" - SUCCESS
[2026-08-11 18:40:37] [LAW] Law "law-7" applied to "object-20" - SUCCESS
[2026-08-11 18:40:37] [LAW] Law "law-8" applied to "object-22" - SUCCESS
[2026-08-11 18:40:37] [LAW] Law "law-9" applied to "object-27" - SUCCESS
[2026-08-11 18:40:39] [LAW] Law "law-2" applied to "object-3" - SUCCESS
[2026-08-11 18:40:39] [LAW] Law "law-3" applied to "object-3" - SUCCESS
[2026-08-11 18:40:40] [EVENT] Event "relation-formed" triggered (Subject: law-2-targets-object-6, Object: null)
[2026-08-11 18:40:40] [EVENT] Event "relation-formed" triggered (Subject: law-1-authored-by-object-3, Object: null)
[2026-08-11 18:40:40] [EVENT] Event "law-registered" triggered (Subject: law-1, Object: null)
[2026-08-11 18:40:40] [EVENT] Event "relation-formed" triggered (Subject: law-2-authored-by-object-3, Object: null)
[2026-08-11 18:40:40] [EVENT] Event "relation-formed" triggered (Subject: law-2-targets-object-6, Object: null)
[2026-08-11 18:40:40] [EVENT] Event "law-registered" triggered (Subject: law-2, Object: null)
[2026-08-11 18:40:40] [LAW] Law "law-1" applied to "object-3" - SUCCESS
[2026-08-11 18:40:40] [EVENT] Event "law-applied" triggered (Subject: object-3, Object: null)
[2026-08-11 18:40:40] [LAW] Law "law-1" applied to "object-4" - SUCCESS
[2026-08-11 18:40:40] [EVENT] Event "law-applied" triggered (Subject: object-4, Object: null)
[2026-08-11 18:40:40] [EVENT] Event "relation-formed" triggered (Subject: law-5-authored-by-object-3, Object: null)
[2026-08-11 18:40:40] [EVENT] Event "law-registered" triggered (Subject: law-5, Object: null)
[2026-08-11 18:40:40] [LAW] Law "law-5" applied to "object-7" - SUCCESS
[2026-08-11 18:40:40] [EVENT] Event "law-applied" triggered (Subject: object-7, Object: null)
[2026-08-11 18:40:40] [EVENT] Event "object-created" triggered (Subject: object-6, Object: null)
[2026-08-11 18:40:40] [LAW] Law "law-2" applied to "object-6" - SUCCESS
[2026-08-11 18:40:40] [EVENT] Event "law-applied" triggered (Subject: object-6, Object: null)
[2026-08-11 18:40:40] [LAW] Law "law-2" applied to "object-6" - SUCCESS
[2026-08-11 18:40:40] [EVENT] Event "law-applied" triggered (Subject: object-6, Object: null)
[2026-08-11 18:40:40] [EVENT] Event "relation-formed" triggered (Subject: law-6-authored-by-object-3, Object: null)
[2026-08-11 18:40:40] [EVENT] Event "law-registered" triggered (Subject: law-6, Object: null)
[2026-08-11 18:40:40] [LAW] Law "law-6" applied to "object-8" - SUCCESS
[2026-08-11 18:40:40] [EVENT] Event "law-applied" triggered (Subject: object-8, Object: null)
[2026-08-11 18:40:40] [EVENT] Event "relation-formed" triggered (Subject: law-7-authored-by-object-3, Object: null)
[2026-08-11 18:40:40] [EVENT] Event "law-registered" triggered (Subject: law-7, Object: null)
[2026-08-11 18:40:40] [EVENT] Event "relation-formed" triggered (Subject: law-7-targets-object-4, Object: null)
[2026-08-11 18:40:40] [LAW] Law "law-7" applied to "object-4" - SUCCESS
[2026-08-11 18:40:40] [EVENT] Event "law-applied" triggered (Subject: object-4, Object: null)
[2026-08-11 18:40:42] [LAW] Law "law-1" applied to "object-4" - SUCCESS
[2026-08-11 18:40:42] [LAW] Law "law-1" applied to "object-4" - SUCCESS
[2026-08-11 18:40:42] [LAW] Law "law-1" applied to "object-4" - SUCCESS
[2026-08-11 18:40:42] [LAW] Law "law-2" applied to "object-5" - SUCCESS
[2026-08-11 18:40:42] [LAW] Law "law-2" applied to "object-5" - SUCCESS
[2026-08-11 18:40:42] [LAW] Law "law-2" applied to "object-5" - SUCCESS
[2026-08-11 18:40:42] [LAW] Law "law-2" applied to "object-5" - SUCCESS
[2026-08-11 18:40:42] [LAW] Law "law-3" applied to "object-5" - SUCCESS
[2026-08-11 18:40:42] [LAW] Law "law-3" applied to "object-5" - SUCCESS
[2026-08-11 18:40:42] [LAW] Law "law-3" applied to "object-5" - SUCCESS
[2026-08-11 18:40:42] [LAW] Law "law-3" applied to "object-5" - SUCCESS
[2026-08-11 18:40:42] [LAW] Law "law-3" applied to "object-5" - SUCCESS
[2026-08-11 18:40:42] [LAW] Law "law-3" applied to "object-5" - SUCCESS
[2026-08-11 18:40:42] [LAW] Law "law-3" applied to "object-5" - SUCCESS
[2026-08-11 18:40:42] [LAW] Law "law-3" applied to "object-5" - SUCCESS
[2026-08-11 18:40:42] [LAW] Law "law-3" applied to "object-5" - SUCCESS
[2026-08-11 18:40:42] [LAW] Law "law-3" applied to "object-5" - SUCCESS
[2026-08-11 18:40:42] [LAW] Law "law-3" applied to "object-5" - SUCCESS
[2026-08-11 18:40:42] [EVENT] Event "relation-formed" triggered (Subject: law-4-authored-by-object-3, Object: null)
[2026-08-11 18:40:42] [EVENT] Event "law-registered" triggered (Subject: law-4, Object: null)
[2026-08-11 18:40:42] [EVENT] Event "kick" triggered (Subject: object-4, Object: null)
[2026-08-11 18:40:42] [LAW] Law "law-4" applied to "object-4" - SUCCESS
[2026-08-11 18:40:42] [EVENT] Event "law-applied" triggered (Subject: object-4, Object: null)
[2026-08-11 18:40:42] [LAW] Law "law-4" applied to "object-4" - SUCCESS
[2026-08-11 18:40:42] [EVENT] Event "law-applied" triggered (Subject: object-4, Object: null)
[2026-08-11 18:40:42] [LAW] Law "law-4" applied to "object-4" - SUCCESS
[2026-08-11 18:40:42] [EVENT] Event "law-applied" triggered (Subject: object-4, Object: null)
[2026-08-11 18:40:42] [EVENT] Event "law-drive-finished" triggered (Subject: object-4, Object: null)
[2026-08-11 18:40:42] [EVENT] Event "kick" triggered (Subject: object-4, Object: null)
[2026-08-11 18:40:42] [LAW] Law "law-4" applied to "object-4" - SUCCESS
[2026-08-11 18:40:42] [EVENT] Event "law-applied" triggered (Subject: object-4, Object: null)
[2026-08-11 18:40:42] [EVENT] Event "relation-formed" triggered (Subject: law-5-authored-by-object-3, Object: null)
[2026-08-11 18:40:42] [EVENT] Event "law-registered" triggered (Subject: law-5, Object: null)
[2026-08-11 18:40:42] [EVENT] Event "kick" triggered (Subject: object-5, Object: null)
[2026-08-11 18:40:42] [LAW] Law "law-5" applied to "object-5" - SUCCESS
[2026-08-11 18:40:42] [EVENT] Event "law-applied" triggered (Subject: object-5, Object: null)
[2026-08-11 18:40:42] [LAW] Law "law-5" applied to "object-5" - SUCCESS
[2026-08-11 18:40:42] [EVENT] Event "law-applied" triggered (Subject: object-5, Object: null)
[2026-08-11 18:40:42] [EVENT] Event "law-drive-finished" triggered (Subject: object-5, Object: null)
[2026-08-11 18:40:42] [EVENT] Event "relation-formed" triggered (Subject: law-6-authored-by-object-3, Object: null)
[2026-08-11 18:40:42] [EVENT] Event "law-registered" triggered (Subject: law-6, Object: null)
[2026-08-11 18:40:42] [EVENT] Event "kick" triggered (Subject: object-5, Object: null)
[2026-08-11 18:40:42] [LAW] Law "law-6" applied to "object-5" - SUCCESS
[2026-08-11 18:40:42] [EVENT] Event "law-applied" triggered (Subject: object-5, Object: null)
[2026-08-11 18:40:42] [EVENT] Event "kick" triggered (Subject: object-5, Object: null)
[2026-08-11 18:40:42] [LAW] Law "law-6" applied to "object-5" - SUCCESS
[2026-08-11 18:40:42] [EVENT] Event "law-applied" triggered (Subject: object-5, Object: null)
[2026-08-11 18:40:42] [EVENT] Event "kick" triggered (Subject: object-5, Object: null)
[2026-08-11 18:40:42] [LAW] Law "law-6" applied to "object-5" - SUCCESS
[2026-08-11 18:40:42] [EVENT] Event "law-applied" triggered (Subject: object-5, Object: null)
[2026-08-11 18:40:42] [EVENT] Event "kick" triggered (Subject: object-5, Object: null)
[2026-08-11 18:40:42] [LAW] Law "law-6" applied to "object-5" - SUCCESS
[2026-08-11 18:40:42] [EVENT] Event "law-applied" triggered (Subject: object-5, Object: null)
[2026-08-11 18:40:42] [EVENT] Event "relation-formed" triggered (Subject: law-7-authored-by-object-3, Object: null)
[2026-08-11 18:40:42] [EVENT] Event "law-registered" triggered (Subject: law-7, Object: null)
[2026-08-11 18:40:42] [EVENT] Event "kick" triggered (Subject: object-5, Object: null)
[2026-08-11 18:40:42] [LAW] Law "law-7" applied to "object-5" - SUCCESS
[2026-08-11 18:40:42] [EVENT] Event "law-applied" triggered (Subject: object-5, Object: null)
[2026-08-11 18:40:42] [LAW] Law "law-7" applied to "object-5" - SUCCESS
[2026-08-11 18:40:42] [EVENT] Event "law-applied" triggered (Subject: object-5, Object: null)
[2026-08-11 18:40:42] [EVENT] Event "kick" triggered (Subject: object-5, Object: null)
[2026-08-11 18:40:42] [LAW] Law "law-7" applied to "object-5" - SUCCESS
[2026-08-11 18:40:42] [EVENT] Event "law-applied" triggered (Subject: object-5, Object: null)
[2026-08-11 18:40:42] [EVENT] Event "relation-formed" triggered (Subject: law-10-authored-by-object-3, Object: null)
[2026-08-11 18:40:42] [EVENT] Event "law-registered" triggered (Subject: law-10, Object: null)
[2026-08-11 18:40:42] [EVENT] Event "touch" triggered (Subject: object-4, Object: object-5)
[2026-08-11 18:40:42] [LAW] Law "law-10" applied to "object-4" - SUCCESS
[2026-08-11 18:40:42] [EVENT] Event "law-applied" triggered (Subject: object-4, Object: null)
[2026-08-11 18:40:42] [EVENT] Event "relation-formed" triggered (Subject: law-11-authored-by-object-3, Object: null)
[2026-08-11 18:40:42] [EVENT] Event "law-registered" triggered (Subject: law-11, Object: null)
[2026-08-11 18:40:42] [EVENT] Event "touch" triggered (Subject: object-4, Object: object-5)
[2026-08-11 18:40:42] [LAW] Law "law-11" applied to "object-4" - SUCCESS
[2026-08-11 18:40:42] [EVENT] Event "law-applied" triggered (Subject: object-4, Object: null)
[2026-08-11 18:40:42] [LAW] Law "law-11" applied to "object-4" - SUCCESS
[2026-08-11 18:40:42] [EVENT] Event "law-applied" triggered (Subject: object-4, Object: null)
[2026-08-11 18:40:42] [LAW] Law "law-11" applied to "object-4" - SUCCESS
[2026-08-11 18:40:42] [EVENT] Event "law-applied" triggered (Subject: object-4, Object: null)
[2026-08-11 18:40:42] [EVENT] Event "law-drive-finished" triggered (Subject: object-4, Object: null)
[2026-08-11 18:40:56] [LAW] Law "law-1" applied to "object-5" - SUCCESS
[2026-08-11 18:40:56] [LAW] Law "law-1" applied to "object-6" - CONDITIONS FAILED
[2026-08-11 18:40:56] [LAW] Law "law-1" applied to "object-8" - SUCCESS
[2026-08-11 18:40:56] [LAW] Law "law-1" applied to "object-9" - CONDITIONS FAILED
[2026-08-11 18:40:56] [LAW] Law "law-3" applied to "object-11" - SUCCESS
[2026-08-11 18:40:56] [LAW] Law "law-4" applied to "object-13" - NO EFFECT (Map: outside the authored bounds)
[2026-08-11 18:40:56] [LAW] Law "law-5" applied to "object-15" - SUCCESS
[2026-08-11 18:40:56] [LAW] Law "law-6" applied to "object-17" - SUCCESS
[2026-08-11 18:40:56] [LAW] Law "law-7" applied to "object-20" - SUCCESS
[2026-08-11 18:40:56] [LAW] Law "law-8" applied to "object-22" - SUCCESS
[2026-08-11 18:40:56] [LAW] Law "law-9" applied to "object-27" - SUCCESS
[2026-08-11 18:40:56] [EVENT] Event "law-registered" triggered (Subject: law-1, Object: null)
[2026-08-11 18:40:56] [EVENT] Event "birth-signal" triggered (Subject: World, Object: null)
[2026-08-11 18:40:56] [EVENT] Event "relation-formed" triggered (Subject: law-1-authored-by-object-3, Object: null)
[2026-08-11 18:40:56] [EVENT] Event "birth-signal" triggered (Subject: World, Object: null)
[2026-08-11 18:40:56] [EVENT] Event "relation-formed" triggered (Subject: object-14-generated-from-concept-1, Object: null)
[2026-08-11 18:40:56] [EVENT] Event "relation-formed" triggered (Subject: object-15-generated-from-concept-1, Object: null)
[2026-08-11 18:40:56] [EVENT] Event "concept-instantiated" triggered (Subject: concept-1, Object: null)
[2026-08-11 18:40:56] [EVENT] Event "object-created" triggered (Subject: object-14, Object: World)
[2026-08-11 18:40:56] [EVENT] Event "object-created" triggered (Subject: object-15, Object: World)
[2026-08-11 18:40:56] [LAW] Law "law-1" applied to "World" - SUCCESS
[2026-08-11 18:40:56] [EVENT] Event "law-applied" triggered (Subject: World, Object: null)
[2026-08-11 18:40:56] [EVENT] Event "relation-formed" triggered (Subject: concept-3-abstracted-from-object-16, Object: null)
[2026-08-11 18:40:56] [EVENT] Event "relation-formed" triggered (Subject: concept-3-authored-by-object-3, Object: null)
[2026-08-11 18:40:56] [EVENT] Event "relation-formed" triggered (Subject: object-18-generated-from-concept-3, Object: null)
[2026-08-11 18:40:56] [EVENT] Event "concept-instantiated" triggered (Subject: concept-3, Object: null)
[2026-08-11 18:40:56] [EVENT] Event "relation-formed" triggered (Subject: object-19-generated-from-concept-3, Object: null)
[2026-08-11 18:40:56] [EVENT] Event "concept-instantiated" triggered (Subject: concept-3, Object: null)
[2026-08-11 18:40:56] [EVENT] Event "relation-formed" triggered (Subject: law-2-authored-by-object-3, Object: null)
[2026-08-11 18:40:56] [EVENT] Event "law-registered" triggered (Subject: law-2, Object: null)
[2026-08-11 18:40:56] [LAW] Law "law-2" applied to "object-16" - SUCCESS
[2026-08-11 18:40:56] [EVENT] Event "law-applied" triggered (Subject: object-16, Object: null)
[2026-08-11 18:40:56] [EVENT] Event "relation-formed" triggered (Subject: concept-5-abstracted-from-object-16, Object: null)
[2026-08-11 18:40:56] [EVENT] Event "relation-formed" triggered (Subject: concept-5-authored-by-object-3, Object: null)
[2026-08-11 18:40:56] [EVENT] Event "relation-formed" triggered (Subject: object-23-generated-from-concept-5, Object: null)
[2026-08-11 18:40:56] [EVENT] Event "concept-instantiated" triggered (Subject: concept-5, Object: null)
[2026-08-11 18:40:56] [EVENT] Event "relation-formed" triggered (Subject: law-3-authored-by-object-3, Object: null)
[2026-08-11 18:40:56] [EVENT] Event "law-registered" triggered (Subject: law-3, Object: null)
[2026-08-11 18:40:56] [LAW] Law "law-3" applied to "object-16" - SUCCESS
[2026-08-11 18:40:56] [EVENT] Event "law-applied" triggered (Subject: object-16, Object: null)
[2026-08-11 18:40:56] [EVENT] Event "relation-formed" triggered (Subject: object-25-generated-from-concept-5, Object: null)
[2026-08-11 18:40:56] [EVENT] Event "concept-instantiated" triggered (Subject: concept-5, Object: null)
[2026-08-11 18:40:56] [EVENT] Event "relation-formed" triggered (Subject: law-4-authored-by-object-3, Object: null)
[2026-08-11 18:40:56] [EVENT] Event "law-registered" triggered (Subject: law-4, Object: null)
[2026-08-11 18:40:56] [LAW] Law "law-4" applied to "object-16" - NO EFFECT (Set: Read Only)
[2026-08-11 18:40:56] [EVENT] Event "law-applied" triggered (Subject: object-16, Object: null)
[2026-08-11 18:40:56] [EVENT] Event "relation-formed" triggered (Subject: object-27-attached-to-object-28, Object: null)
[2026-08-11 18:40:56] [EVENT] Event "relation-formed" triggered (Subject: concept-6-abstracted-from-object-27, Object: null)
[2026-08-11 18:40:56] [EVENT] Event "relation-formed" triggered (Subject: concept-6-abstracted-from-object-28, Object: null)
[2026-08-11 18:40:56] [EVENT] Event "relation-formed" triggered (Subject: concept-6-authored-by-object-3, Object: null)
[2026-08-11 18:40:56] [EVENT] Event "relation-formed" triggered (Subject: object-30-generated-from-concept-6, Object: null)
[2026-08-11 18:40:56] [EVENT] Event "relation-formed" triggered (Subject: object-31-generated-from-concept-6, Object: null)
[2026-08-11 18:40:56] [EVENT] Event "relation-formed" triggered (Subject: object-30-attached-to-object-31, Object: null)
[2026-08-11 18:40:56] [EVENT] Event "concept-instantiated" triggered (Subject: concept-6, Object: null)
[2026-08-11 18:40:56] [EVENT] Event "relation-formed" triggered (Subject: law-1-authored-by-object-8, Object: null)
[2026-08-11 18:40:56] [EVENT] Event "law-registered" triggered (Subject: law-1, Object: null)
[2026-08-11 18:40:56] [EVENT] Event "person-joined-zone" triggered (Subject: object-7, Object: Commons)
[2026-08-11 18:40:56] [LAW] Law "law-1" applied to "object-7" - CONDITIONS FAILED
[2026-08-11 18:40:56] [EVENT] Event "person-joined-zone" triggered (Subject: object-7, Object: Home)
[2026-08-11 18:40:56] [LAW] Law "law-1" applied to "object-7" - SUCCESS
[2026-08-11 18:40:57] [LAW] Law "law-1" applied to "object-5" - CONDITIONS FAILED
[2026-08-11 18:40:57] [LAW] Law "law-1" applied to "object-5" - SUCCESS
[2026-08-11 18:40:57] [LAW] Law "law-1" applied to "object-5" - SUCCESS
[2026-08-11 18:40:57] [LAW] Law "law-2" applied to "object-8" - NO ACTIONS
[2026-08-11 18:40:57] [LAW] Law "law-1" applied to "object-4" - SUCCESS
[2026-08-11 18:40:57] [LAW] Law "law-1" applied to "World" - NO EFFECT (Destroy: only Objects can be unmade today)
[2026-08-11 18:40:57] [LAW] Law "law-2" applied to "object-6" - NO EFFECT (Set: No Such Property)
[2026-08-11 18:40:57] [LAW] Law "law-3" applied to "object-6" - SUCCESS
[2026-08-11 18:40:57] [LAW] Law "law-4" applied to "object-10" - NO EFFECT (Set: No Such Property)
[2026-08-11 18:40:57] [LAW] Law "law-11" applied to "object-22" - SUCCESS
[2026-08-11 18:40:57] [LAW] Law "law-12" applied to "object-26" - SUCCESS
[2026-08-11 18:40:57] [LAW] Law "law-12" applied to "object-26" - SUCCESS
[2026-08-11 18:40:57] [LAW] Law "law-12" applied to "object-26" - SUCCESS
[2026-08-11 18:40:57] [LAW] Law "law-12" applied to "object-26" - SUCCESS
[2026-08-11 18:40:57] [LAW] Law "law-13" applied to "object-26" - NO EFFECT (Flow: cannot read objectType)
[2026-08-11 18:40:57] [LAW] Law "law-2" applied to "law-1" - SUCCESS
[2026-08-11 18:40:57] [LAW] Law "law-3" applied to "law-1" - SUCCESS
[2026-08-11 18:40:57] [LAW] Law "law-5" applied to "law-4" - SUCCESS
[2026-08-11 18:40:57] [LAW] Law "law-7" applied to "object-12" - SUCCESS
[2026-08-11 18:40:57] [LAW] Law "law-7" applied to "object-14" - SUCCESS
[2026-08-11 18:40:57] [LAW] Law "law-9" applied to "object-17" - SUCCESS
[2026-08-11 18:40:57] [LAW] Law "law-10" applied to "object-17" - SUCCESS
[2026-08-11 18:40:57] [LAW] Law "law-9" applied to "object-17" - SUCCESS
[2026-08-11 18:40:57] [LAW] Law "law-10" applied to "object-17" - SUCCESS
[2026-08-11 18:40:57] [LAW] Law "law-9" applied to "object-17" - SUCCESS
[2026-08-11 18:40:57] [LAW] Law "law-10" applied to "object-17" - SUCCESS
[2026-08-11 18:40:57] [LAW] Law "law-9" applied to "object-17" - SUCCESS
[2026-08-11 18:40:57] [LAW] Law "law-10" applied to "object-17" - SUCCESS
[2026-08-11 18:40:57] [LAW] Law "law-9" applied to "object-17" - SUCCESS
[2026-08-11 18:40:57] [LAW] Law "law-10" applied to "object-17" - SUCCESS
[2026-08-11 18:40:57] [LAW] Law "law-9" applied to "object-17" - SUCCESS
[2026-08-11 18:40:57] [LAW] Law "law-10" applied to "object-17" - SUCCESS
[2026-08-11 18:40:57] [LAW] Law "law-9" applied to "object-17" - SUCCESS
[2026-08-11 18:40:57] [LAW] Law "law-10" applied to "object-17" - SUCCESS
[2026-08-11 18:40:57] [LAW] Law "law-9" applied to "object-17" - SUCCESS
[2026-08-11 18:40:57] [LAW] Law "law-10" applied to "object-17" - SUCCESS
[2026-08-11 18:40:57] [LAW] Law "law-9" applied to "object-17" - SUCCESS
[2026-08-11 18:40:57] [LAW] Law "law-10" applied to "object-17" - SUCCESS
[2026-08-11 18:40:57] [LAW] Law "law-9" applied to "object-17" - SUCCESS
[2026-08-11 18:40:57] [LAW] Law "law-10" applied to "object-17" - SUCCESS
[2026-08-11 18:40:57] [LAW] Law "law-9" applied to "object-17" - SUCCESS
[2026-08-11 18:40:57] [LAW] Law "law-10" applied to "object-17" - SUCCESS
[2026-08-11 18:40:57] [LAW] Law "law-9" applied to "object-17" - SUCCESS
[2026-08-11 18:40:57] [LAW] Law "law-10" applied to "object-17" - SUCCESS
[2026-08-11 18:40:57] [LAW] Law "law-9" applied to "object-17" - SUCCESS
[2026-08-11 18:40:57] [LAW] Law "law-10" applied to "object-17" - SUCCESS
[2026-08-11 18:40:57] [LAW] Law "law-9" applied to "object-17" - SUCCESS
[2026-08-11 18:40:57] [LAW] Law "law-10" applied to "object-17" - SUCCESS
[2026-08-11 18:40:57] [LAW] Law "law-9" applied to "object-17" - SUCCESS
[2026-08-11 18:40:57] [LAW] Law "law-10" applied to "object-17" - SUCCESS
[2026-08-11 18:40:57] [LAW] Law "law-9" applied to "object-17" - SUCCESS
[2026-08-11 18:40:57] [LAW] Law "law-10" applied to "object-17" - SUCCESS
[2026-08-11 18:40:57] [LAW] Law "law-9" applied to "object-17" - SUCCESS
[2026-08-11 18:40:57] [LAW] Law "law-10" applied to "object-17" - SUCCESS
[2026-08-11 18:40:57] [LAW] Law "law-9" applied to "object-17" - SUCCESS
[2026-08-11 18:40:57] [LAW] Law "law-10" applied to "object-17" - SUCCESS
[2026-08-11 18:40:57] [LAW] Law "law-9" applied to "object-17" - SUCCESS
[2026-08-11 18:40:57] [LAW] Law "law-10" applied to "object-17" - SUCCESS
[2026-08-11 18:40:57] [LAW] Law "law-9" applied to "object-17" - SUCCESS
[2026-08-11 18:40:57] [LAW] Law "law-10" applied to "object-17" - SUCCESS
[2026-08-11 18:40:57] [LAW] Law "law-9" applied to "object-17" - SUCCESS
[2026-08-11 18:40:57] [LAW] Law "law-10" applied to "object-17" - SUCCESS
[2026-08-11 18:40:57] [LAW] Law "law-9" applied to "object-17" - SUCCESS
[2026-08-11 18:40:57] [LAW] Law "law-10" applied to "object-17" - SUCCESS
[2026-08-11 18:40:57] [LAW] Law "law-9" applied to "object-17" - SUCCESS
[2026-08-11 18:40:57] [LAW] Law "law-10" applied to "object-17" - SUCCESS
[2026-08-11 18:40:57] [LAW] Law "law-9" applied to "object-17" - SUCCESS
[2026-08-11 18:40:57] [LAW] Law "law-10" applied to "object-17" - SUCCESS
[2026-08-11 18:40:57] [LAW] Law "law-9" applied to "object-17" - SUCCESS
[2026-08-11 18:40:57] [LAW] Law "law-10" applied to "object-17" - SUCCESS
[2026-08-11 18:40:57] [LAW] Law "law-9" applied to "object-17" - SUCCESS
[2026-08-11 18:40:57] [LAW] Law "law-10" applied to "object-17" - SUCCESS
[2026-08-11 18:40:57] [LAW] Law "law-9" applied to "object-17" - SUCCESS
[2026-08-11 18:40:57] [LAW] Law "law-10" applied to "object-17" - SUCCESS
[2026-08-11 18:40:57] [LAW] Law "law-9" applied to "object-17" - SUCCESS
[2026-08-11 18:40:57] [LAW] Law "law-10" applied to "object-17" - SUCCESS
[2026-08-11 18:40:57] [LAW] Law "law-9" applied to "object-17" - SUCCESS
[2026-08-11 18:40:57] [LAW] Law "law-10" applied to "object-17" - SUCCESS
[2026-08-11 18:40:57] [LAW] Law "law-9" applied to "object-17" - SUCCESS
[2026-08-11 18:40:57] [LAW] Law "law-10" applied to "object-17" - SUCCESS
[2026-08-11 18:40:57] [LAW] Law "law-9" applied to "object-17" - SUCCESS
[2026-08-11 18:40:57] [LAW] Law "law-10" applied to "object-17" - SUCCESS
[2026-08-11 18:40:57] [LAW] Law "law-9" applied to "object-17" - SUCCESS
[2026-08-11 18:40:57] [LAW] Law "law-10" applied to "object-17" - SUCCESS
[2026-08-11 18:40:57] [LAW] Law "law-9" applied to "object-17" - SUCCESS
[2026-08-11 18:40:57] [LAW] Law "law-10" applied to "object-17" - SUCCESS
[2026-08-11 18:40:57] [LAW] Law "law-9" applied to "object-17" - SUCCESS
[2026-08-11 18:40:57] [LAW] Law "law-10" applied to "object-17" - SUCCESS
[2026-08-11 18:40:57] [LAW] Law "law-9" applied to "object-17" - SUCCESS
[2026-08-11 18:40:57] [LAW] Law "law-10" applied to "object-17" - SUCCESS
[2026-08-11 18:40:57] [LAW] Law "law-9" applied to "object-17" - SUCCESS
[2026-08-11 18:40:57] [LAW] Law "law-10" applied to "object-17" - SUCCESS
[2026-08-11 18:40:57] [LAW] Law "law-9" applied to "object-17" - SUCCESS
[2026-08-11 18:40:57] [LAW] Law "law-10" applied to "object-17" - SUCCESS
[2026-08-11 18:40:57] [LAW] Law "law-9" applied to "object-17" - SUCCESS
[2026-08-11 18:40:57] [LAW] Law "law-10" applied to "object-17" - SUCCESS
[2026-08-11 18:40:57] [LAW] Law "law-9" applied to "object-17" - SUCCESS
[2026-08-11 18:40:57] [LAW] Law "law-10" applied to "object-17" - SUCCESS
[2026-08-11 18:40:57] [LAW] Law "law-9" applied to "object-17" - SUCCESS
[2026-08-11 18:40:57] [LAW] Law "law-10" applied to "object-17" - SUCCESS
[2026-08-11 18:40:57] [LAW] Law "law-9" applied to "object-17" - SUCCESS
[2026-08-11 18:40:57] [LAW] Law "law-10" applied to "object-17" - SUCCESS
[2026-08-11 18:40:57] [LAW] Law "law-9" applied to "object-17" - SUCCESS
[2026-08-11 18:40:57] [LAW] Law "law-10" applied to "object-17" - SUCCESS
[2026-08-11 18:40:57] [LAW] Law "law-9" applied to "object-17" - SUCCESS
[2026-08-11 18:40:57] [LAW] Law "law-10" applied to "object-17" - SUCCESS
[2026-08-11 18:40:57] [LAW] Law "law-9" applied to "object-17" - SUCCESS
[2026-08-11 18:40:57] [LAW] Law "law-10" applied to "object-17" - SUCCESS
[2026-08-11 18:40:57] [LAW] Law "law-9" applied to "object-17" - SUCCESS
[2026-08-11 18:40:57] [LAW] Law "law-10" applied to "object-17" - SUCCESS
[2026-08-11 18:40:57] [LAW] Law "law-9" applied to "object-17" - SUCCESS
[2026-08-11 18:40:57] [LAW] Law "law-10" applied to "object-17" - SUCCESS
[2026-08-11 18:40:57] [LAW] Law "law-9" applied to "object-17" - SUCCESS
[2026-08-11 18:40:57] [LAW] Law "law-10" applied to "object-17" - SUCCESS
[2026-08-11 18:40:57] [LAW] Law "law-9" applied to "object-17" - SUCCESS
[2026-08-11 18:40:57] [LAW] Law "law-10" applied to "object-17" - SUCCESS
[2026-08-11 18:40:57] [LAW] Law "law-9" applied to "object-17" - SUCCESS
[2026-08-11 18:40:57] [LAW] Law "law-10" applied to "object-17" - SUCCESS
[2026-08-11 18:40:57] [LAW] Law "law-9" applied to "object-17" - SUCCESS
[2026-08-11 18:40:57] [LAW] Law "law-10" applied to "object-17" - SUCCESS
[2026-08-11 18:40:57] [LAW] Law "law-9" applied to "object-17" - SUCCESS
[2026-08-11 18:40:57] [LAW] Law "law-10" applied to "object-17" - SUCCESS
[2026-08-11 18:40:57] [LAW] Law "law-9" applied to "object-17" - SUCCESS
[2026-08-11 18:40:57] [LAW] Law "law-10" applied to "object-17" - SUCCESS
[2026-08-11 18:40:57] [LAW] Law "law-9" applied to "object-17" - SUCCESS
[2026-08-11 18:40:57] [LAW] Law "law-10" applied to "object-17" - SUCCESS
[2026-08-11 18:40:57] [LAW] Law "law-9" applied to "object-17" - SUCCESS
[2026-08-11 18:40:57] [LAW] Law "law-10" applied to "object-17" - SUCCESS
[2026-08-11 18:40:57] [LAW] Law "law-9" applied to "object-17" - SUCCESS
[2026-08-11 18:40:57] [LAW] Law "law-10" applied to "object-17" - SUCCESS
[2026-08-11 18:40:57] [LAW] Law "law-9" applied to "object-17" - SUCCESS
[2026-08-11 18:40:57] [LAW] Law "law-10" applied to "object-17" - SUCCESS
[2026-08-11 18:40:57] [LAW] Law "law-9" applied to "object-17" - SUCCESS
[2026-08-11 18:40:57] [LAW] Law "law-10" applied to "object-17" - SUCCESS
[2026-08-11 18:40:57] [LAW] Law "law-9" applied to "object-17" - SUCCESS
[2026-08-11 18:40:57] [LAW] Law "law-10" applied to "object-17" - SUCCESS
[2026-08-11 18:40:57] [LAW] Law "law-9" applied to "object-17" - SUCCESS
[2026-08-11 18:40:57] [LAW] Law "law-10" applied to "object-17" - SUCCESS
[2026-08-11 18:40:57] [LAW] Law "law-9" applied to "object-17" - SUCCESS
[2026-08-11 18:40:57] [LAW] Law "law-10" applied to "object-17" - SUCCESS
[2026-08-11 18:40:57] [LAW] Law "law-9" applied to "object-17" - SUCCESS
[2026-08-11 18:40:57] [LAW] Law "law-10" applied to "object-17" - SUCCESS
[2026-08-11 18:40:57] [LAW] Law "law-9" applied to "object-17" - SUCCESS
[2026-08-11 18:40:57] [LAW] Law "law-10" applied to "object-17" - SUCCESS
[2026-08-11 18:40:57] [LAW] Law "law-9" applied to "object-17" - SUCCESS
[2026-08-11 18:40:57] [LAW] Law "law-10" applied to "object-17" - SUCCESS
[2026-08-11 18:40:57] [LAW] Law "law-9" applied to "object-17" - SUCCESS
[2026-08-11 18:40:57] [LAW] Law "law-10" applied to "object-17" - SUCCESS
[2026-08-11 18:40:57] [LAW] Law "law-9" applied to "object-17" - SUCCESS
[2026-08-11 18:40:57] [LAW] Law "law-10" applied to "object-17" - SUCCESS
[2026-08-11 18:40:57] [LAW] Law "law-9" applied to "object-17" - SUCCESS
[2026-08-11 18:40:57] [LAW] Law "law-10" applied to "object-17" - SUCCESS
[2026-08-11 18:40:57] [LAW] Law "law-9" applied to "object-17" - SUCCESS
[2026-08-11 18:40:57] [LAW] Law "law-10" applied to "object-17" - SUCCESS
[2026-08-11 18:40:57] [LAW] Law "law-9" applied to "object-17" - SUCCESS
[2026-08-11 18:40:57] [LAW] Law "law-10" applied to "object-17" - SUCCESS
[2026-08-11 18:40:57] [LAW] Law "law-9" applied to "object-17" - SUCCESS
[2026-08-11 18:40:57] [LAW] Law "law-10" applied to "object-17" - SUCCESS
[2026-08-11 18:40:57] [LAW] Law "law-9" applied to "object-17" - SUCCESS
[2026-08-11 18:40:57] [LAW] Law "law-10" applied to "object-17" - SUCCESS
[2026-08-11 18:40:57] [LAW] Law "law-9" applied to "object-17" - SUCCESS
[2026-08-11 18:40:57] [LAW] Law "law-10" applied to "object-17" - SUCCESS
[2026-08-11 18:40:57] [LAW] Law "law-9" applied to "object-17" - SUCCESS
[2026-08-11 18:40:57] [LAW] Law "law-10" applied to "object-17" - SUCCESS
[2026-08-11 18:40:57] [LAW] Law "law-9" applied to "object-17" - SUCCESS
[2026-08-11 18:40:57] [LAW] Law "law-10" applied to "object-17" - SUCCESS
[2026-08-11 18:40:57] [LAW] Law "law-9" applied to "object-17" - SUCCESS
[2026-08-11 18:40:57] [LAW] Law "law-10" applied to "object-17" - SUCCESS
[2026-08-11 18:40:57] [LAW] Law "law-9" applied to "object-17" - SUCCESS
[2026-08-11 18:40:57] [LAW] Law "law-10" applied to "object-17" - SUCCESS
[2026-08-11 18:40:57] [LAW] Law "law-9" applied to "object-17" - SUCCESS
[2026-08-11 18:40:57] [LAW] Law "law-10" applied to "object-17" - SUCCESS
[2026-08-11 18:40:57] [LAW] Law "law-9" applied to "object-17" - SUCCESS
[2026-08-11 18:40:57] [LAW] Law "law-10" applied to "object-17" - SUCCESS
[2026-08-11 18:40:57] [LAW] Law "law-9" applied to "object-17" - SUCCESS
[2026-08-11 18:40:57] [LAW] Law "law-10" applied to "object-17" - SUCCESS
[2026-08-11 18:40:57] [LAW] Law "law-9" applied to "object-17" - SUCCESS
[2026-08-11 18:40:57] [LAW] Law "law-10" applied to "object-17" - SUCCESS
[2026-08-11 18:40:57] [LAW] Law "law-9" applied to "object-17" - SUCCESS
[2026-08-11 18:40:57] [LAW] Law "law-10" applied to "object-17" - SUCCESS
[2026-08-11 18:40:57] [LAW] Law "law-9" applied to "object-17" - SUCCESS
[2026-08-11 18:40:57] [LAW] Law "law-10" applied to "object-17" - SUCCESS
[2026-08-11 18:40:57] [LAW] Law "law-9" applied to "object-17" - SUCCESS
[2026-08-11 18:40:57] [LAW] Law "law-10" applied to "object-17" - SUCCESS
[2026-08-11 18:40:57] [LAW] Law "law-9" applied to "object-17" - SUCCESS
[2026-08-11 18:40:57] [LAW] Law "law-10" applied to "object-17" - SUCCESS
[2026-08-11 18:40:57] [LAW] Law "law-9" applied to "object-17" - SUCCESS
[2026-08-11 18:40:57] [LAW] Law "law-10" applied to "object-17" - SUCCESS
[2026-08-11 18:40:57] [LAW] Law "law-9" applied to "object-17" - SUCCESS
[2026-08-11 18:40:57] [LAW] Law "law-10" applied to "object-17" - SUCCESS
[2026-08-11 18:40:57] [LAW] Law "law-9" applied to "object-17" - SUCCESS
[2026-08-11 18:40:57] [LAW] Law "law-10" applied to "object-17" - SUCCESS
[2026-08-11 18:40:57] [LAW] Law "law-9" applied to "object-17" - SUCCESS
[2026-08-11 18:40:57] [LAW] Law "law-10" applied to "object-17" - SUCCESS
[2026-08-11 18:40:57] [LAW] Law "law-9" applied to "object-17" - SUCCESS
[2026-08-11 18:40:57] [LAW] Law "law-10" applied to "object-17" - SUCCESS
[2026-08-11 18:40:57] [LAW] Law "law-9" applied to "object-17" - SUCCESS
[2026-08-11 18:40:57] [LAW] Law "law-10" applied to "object-17" - SUCCESS
[2026-08-11 18:40:57] [LAW] Law "law-9" applied to "object-17" - SUCCESS
[2026-08-11 18:40:57] [LAW] Law "law-10" applied to "object-17" - SUCCESS
[2026-08-11 18:40:57] [LAW] Law "law-9" applied to "object-17" - SUCCESS
[2026-08-11 18:40:57] [LAW] Law "law-10" applied to "object-17" - SUCCESS
[2026-08-11 18:40:57] [LAW] Law "law-9" applied to "object-17" - SUCCESS
[2026-08-11 18:40:57] [LAW] Law "law-10" applied to "object-17" - SUCCESS
[2026-08-11 18:40:57] [LAW] Law "law-9" applied to "object-17" - SUCCESS
[2026-08-11 18:40:57] [LAW] Law "law-10" applied to "object-17" - SUCCESS
[2026-08-11 18:40:57] [LAW] Law "law-9" applied to "object-17" - SUCCESS
[2026-08-11 18:40:57] [LAW] Law "law-10" applied to "object-17" - SUCCESS
[2026-08-11 18:40:57] [LAW] Law "law-9" applied to "object-17" - SUCCESS
[2026-08-11 18:40:57] [LAW] Law "law-10" applied to "object-17" - SUCCESS
[2026-08-11 18:40:57] [LAW] Law "law-9" applied to "object-17" - SUCCESS
[2026-08-11 18:40:57] [LAW] Law "law-10" applied to "object-17" - SUCCESS
[2026-08-11 18:40:57] [LAW] Law "law-9" applied to "object-17" - SUCCESS
[2026-08-11 18:40:57] [LAW] Law "law-10" applied to "object-17" - SUCCESS
[2026-08-11 18:40:57] [LAW] Law "law-9" applied to "object-17" - SUCCESS
[2026-08-11 18:40:57] [LAW] Law "law-10" applied to "object-17" - SUCCESS
[2026-08-11 18:40:57] [LAW] Law "law-9" applied to "object-17" - SUCCESS
[2026-08-11 18:40:57] [LAW] Law "law-10" applied to "object-17" - SUCCESS
[2026-08-11 18:40:57] [LAW] Law "law-9" applied to "object-17" - SUCCESS
[2026-08-11 18:40:57] [LAW] Law "law-10" applied to "object-17" - SUCCESS
[2026-08-11 18:40:57] [LAW] Law "law-9" applied to "object-17" - SUCCESS
[2026-08-11 18:40:57] [LAW] Law "law-10" applied to "object-17" - SUCCESS
[2026-08-11 18:40:57] [LAW] Law "law-9" applied to "object-17" - SUCCESS
[2026-08-11 18:40:57] [LAW] Law "law-10" applied to "object-17" - SUCCESS
[2026-08-11 18:40:57] [LAW] Law "law-9" applied to "object-17" - SUCCESS
[2026-08-11 18:40:57] [LAW] Law "law-10" applied to "object-17" - SUCCESS
[2026-08-11 18:40:57] [LAW] Law "law-9" applied to "object-17" - SUCCESS
[2026-08-11 18:40:57] [LAW] Law "law-10" applied to "object-17" - SUCCESS
[2026-08-11 18:40:57] [LAW] Law "law-9" applied to "object-17" - SUCCESS
[2026-08-11 18:40:57] [LAW] Law "law-10" applied to "object-17" - SUCCESS
[2026-08-11 18:40:57] [LAW] Law "law-9" applied to "object-17" - SUCCESS
[2026-08-11 18:40:57] [LAW] Law "law-10" applied to "object-17" - SUCCESS
[2026-08-11 18:40:57] [LAW] Law "law-9" applied to "object-17" - SUCCESS
[2026-08-11 18:40:57] [LAW] Law "law-10" applied to "object-17" - SUCCESS
[2026-08-11 18:40:57] [LAW] Law "law-9" applied to "object-17" - SUCCESS
[2026-08-11 18:40:57] [LAW] Law "law-10" applied to "object-17" - SUCCESS
[2026-08-11 18:40:57] [LAW] Law "law-9" applied to "object-17" - SUCCESS
[2026-08-11 18:40:57] [LAW] Law "law-10" applied to "object-17" - SUCCESS
[2026-08-11 18:40:57] [LAW] Law "law-9" applied to "object-17" - SUCCESS
[2026-08-11 18:40:57] [LAW] Law "law-10" applied to "object-17" - SUCCESS
[2026-08-11 18:40:57] [LAW] Law "law-9" applied to "object-17" - SUCCESS
[2026-08-11 18:40:57] [LAW] Law "law-10" applied to "object-17" - SUCCESS
[2026-08-11 18:40:57] [LAW] Law "law-9" applied to "object-17" - SUCCESS
[2026-08-11 18:40:57] [LAW] Law "law-10" applied to "object-17" - SUCCESS
[2026-08-11 18:40:57] [LAW] Law "law-9" applied to "object-17" - SUCCESS
[2026-08-11 18:40:57] [LAW] Law "law-10" applied to "object-17" - SUCCESS
[2026-08-11 18:40:57] [LAW] Law "law-9" applied to "object-17" - SUCCESS
[2026-08-11 18:40:57] [LAW] Law "law-10" applied to "object-17" - SUCCESS
[2026-08-11 18:40:57] [LAW] Law "law-9" applied to "object-17" - SUCCESS
[2026-08-11 18:40:57] [LAW] Law "law-10" applied to "object-17" - SUCCESS
[2026-08-11 18:40:57] [LAW] Law "law-9" applied to "object-17" - SUCCESS
[2026-08-11 18:40:57] [LAW] Law "law-10" applied to "object-17" - SUCCESS
[2026-08-11 18:40:57] [LAW] Law "law-9" applied to "object-17" - SUCCESS
[2026-08-11 18:40:57] [LAW] Law "law-10" applied to "object-17" - SUCCESS
[2026-08-11 18:40:57] [LAW] Law "law-9" applied to "object-17" - SUCCESS
[2026-08-11 18:40:57] [LAW] Law "law-10" applied to "object-17" - SUCCESS
[2026-08-11 18:40:57] [LAW] Law "law-9" applied to "object-17" - SUCCESS
[2026-08-11 18:40:57] [LAW] Law "law-10" applied to "object-17" - SUCCESS
[2026-08-11 18:40:57] [LAW] Law "law-9" applied to "object-17" - SUCCESS
[2026-08-11 18:40:57] [LAW] Law "law-10" applied to "object-17" - SUCCESS
[2026-08-11 18:40:57] [LAW] Law "law-1" applied to "object-5" - SUCCESS
[2026-08-11 18:40:57] [LAW] Law "law-1" applied to "object-5" - CONDITIONS FAILED
[2026-08-11 18:40:57] [LAW] Law "law-1" applied to "object-7" - SUCCESS
[2026-08-11 18:40:57] [LAW] Law "law-3" applied to "object-9" - SUCCESS
[2026-08-11 18:40:57] [LAW] Law "law-3" applied to "object-10" - CONDITIONS FAILED
[2026-08-11 18:40:57] [LAW] Law "law-3" applied to "object-12" - SUCCESS
[2026-08-11 18:40:57] [LAW] Law "law-5" applied to "object-14" - SUCCESS
[2026-08-11 18:40:57] [LAW] Law "law-2" applied to "object-3" - SUCCESS
[2026-08-11 18:40:57] [LAW] Law "law-3" applied to "object-3" - SUCCESS
[2026-08-11 18:40:57] [LAW] Law "law-1" applied to "zack" - SUCCESS
[2026-08-11 18:40:57] [LAW] Law "law-6" applied to "TestSubject" - CONDITIONS FAILED
[2026-08-11 18:40:57] [LAW] Law "law-6" applied to "TestSubject" - SUCCESS
[2026-08-11 18:40:57] [LAW] Law "law-7" applied to "TestSubject" - SUCCESS
[2026-08-11 18:40:57] [LAW] Law "law-8" applied to "TestSubject" - SUCCESS
[2026-08-11 18:40:57] [LAW] Law "law-8" applied to "TestSubject" - CONDITIONS FAILED
[2026-08-11 18:40:57] [LAW] Law "law-9" applied to "object-41" - CONDITIONS FAILED
[2026-08-11 18:40:57] [LAW] Law "law-9" applied to "object-41" - CONDITIONS FAILED
[2026-08-11 18:40:57] [LAW] Law "law-9" applied to "object-41" - SUCCESS
[2026-08-11 18:40:57] [LAW] Law "law-9" applied to "object-41" - SUCCESS
[2026-08-11 18:40:57] [LAW] Law "law-1" applied to "object-4" - SUCCESS
[2026-08-11 18:40:57] [LAW] Law "law-1" applied to "object-4" - SUCCESS
[2026-08-11 18:40:57] [LAW] Law "law-1" applied to "object-4" - SUCCESS
[2026-08-11 18:40:57] [LAW] Law "law-2" applied to "object-5" - SUCCESS
[2026-08-11 18:40:57] [LAW] Law "law-2" applied to "object-5" - SUCCESS
[2026-08-11 18:40:57] [LAW] Law "law-2" applied to "object-5" - SUCCESS
[2026-08-11 18:40:57] [LAW] Law "law-2" applied to "object-5" - SUCCESS
[2026-08-11 18:40:57] [LAW] Law "law-3" applied to "object-5" - SUCCESS
[2026-08-11 18:40:57] [LAW] Law "law-3" applied to "object-5" - SUCCESS
[2026-08-11 18:40:57] [LAW] Law "law-3" applied to "object-5" - SUCCESS
[2026-08-11 18:40:57] [LAW] Law "law-3" applied to "object-5" - SUCCESS
[2026-08-11 18:40:57] [LAW] Law "law-3" applied to "object-5" - SUCCESS
[2026-08-11 18:40:57] [LAW] Law "law-3" applied to "object-5" - SUCCESS
[2026-08-11 18:40:57] [LAW] Law "law-3" applied to "object-5" - SUCCESS
[2026-08-11 18:40:57] [LAW] Law "law-3" applied to "object-5" - SUCCESS
[2026-08-11 18:40:57] [LAW] Law "law-3" applied to "object-5" - SUCCESS
[2026-08-11 18:40:57] [LAW] Law "law-3" applied to "object-5" - SUCCESS
[2026-08-11 18:40:57] [LAW] Law "law-3" applied to "object-5" - SUCCESS
[2026-08-11 18:40:57] [EVENT] Event "relation-formed" triggered (Subject: law-4-authored-by-object-3, Object: null)
[2026-08-11 18:40:57] [EVENT] Event "law-registered" triggered (Subject: law-4, Object: null)
[2026-08-11 18:40:57] [EVENT] Event "kick" triggered (Subject: object-4, Object: null)
[2026-08-11 18:40:57] [LAW] Law "law-4" applied to "object-4" - SUCCESS
[2026-08-11 18:40:57] [EVENT] Event "law-applied" triggered (Subject: object-4, Object: null)
[2026-08-11 18:40:57] [LAW] Law "law-4" applied to "object-4" - SUCCESS
[2026-08-11 18:40:57] [EVENT] Event "law-applied" triggered (Subject: object-4, Object: null)
[2026-08-11 18:40:57] [LAW] Law "law-4" applied to "object-4" - SUCCESS
[2026-08-11 18:40:57] [EVENT] Event "law-applied" triggered (Subject: object-4, Object: null)
[2026-08-11 18:40:57] [EVENT] Event "law-drive-finished" triggered (Subject: object-4, Object: null)
[2026-08-11 18:40:57] [EVENT] Event "kick" triggered (Subject: object-4, Object: null)
[2026-08-11 18:40:57] [LAW] Law "law-4" applied to "object-4" - SUCCESS
[2026-08-11 18:40:57] [EVENT] Event "law-applied" triggered (Subject: object-4, Object: null)
[2026-08-11 18:40:57] [EVENT] Event "relation-formed" triggered (Subject: law-5-authored-by-object-3, Object: null)
[2026-08-11 18:40:57] [EVENT] Event "law-registered" triggered (Subject: law-5, Object: null)
[2026-08-11 18:40:57] [EVENT] Event "kick" triggered (Subject: object-5, Object: null)
[2026-08-11 18:40:57] [LAW] Law "law-5" applied to "object-5" - SUCCESS
[2026-08-11 18:40:57] [EVENT] Event "law-applied" triggered (Subject: object-5, Object: null)
[2026-08-11 18:40:57] [LAW] Law "law-5" applied to "object-5" - SUCCESS
[2026-08-11 18:40:57] [EVENT] Event "law-applied" triggered (Subject: object-5, Object: null)
[2026-08-11 18:40:57] [EVENT] Event "law-drive-finished" triggered (Subject: object-5, Object: null)
[2026-08-11 18:40:57] [EVENT] Event "relation-formed" triggered (Subject: law-6-authored-by-object-3, Object: null)
[2026-08-11 18:40:57] [EVENT] Event "law-registered" triggered (Subject: law-6, Object: null)
[2026-08-11 18:40:57] [EVENT] Event "kick" triggered (Subject: object-5, Object: null)
[2026-08-11 18:40:57] [LAW] Law "law-6" applied to "object-5" - SUCCESS
[2026-08-11 18:40:57] [EVENT] Event "law-applied" triggered (Subject: object-5, Object: null)
[2026-08-11 18:40:57] [EVENT] Event "kick" triggered (Subject: object-5, Object: null)
[2026-08-11 18:40:57] [LAW] Law "law-6" applied to "object-5" - SUCCESS
[2026-08-11 18:40:57] [EVENT] Event "law-applied" triggered (Subject: object-5, Object: null)
[2026-08-11 18:40:57] [EVENT] Event "kick" triggered (Subject: object-5, Object: null)
[2026-08-11 18:40:57] [LAW] Law "law-6" applied to "object-5" - SUCCESS
[2026-08-11 18:40:57] [EVENT] Event "law-applied" triggered (Subject: object-5, Object: null)
[2026-08-11 18:40:57] [EVENT] Event "kick" triggered (Subject: object-5, Object: null)
[2026-08-11 18:40:57] [LAW] Law "law-6" applied to "object-5" - SUCCESS
[2026-08-11 18:40:57] [EVENT] Event "law-applied" triggered (Subject: object-5, Object: null)
[2026-08-11 18:40:57] [EVENT] Event "relation-formed" triggered (Subject: law-7-authored-by-object-3, Object: null)
[2026-08-11 18:40:57] [EVENT] Event "law-registered" triggered (Subject: law-7, Object: null)
[2026-08-11 18:40:57] [EVENT] Event "kick" triggered (Subject: object-5, Object: null)
[2026-08-11 18:40:57] [LAW] Law "law-7" applied to "object-5" - SUCCESS
[2026-08-11 18:40:57] [EVENT] Event "law-applied" triggered (Subject: object-5, Object: null)
[2026-08-11 18:40:57] [LAW] Law "law-7" applied to "object-5" - SUCCESS
[2026-08-11 18:40:57] [EVENT] Event "law-applied" triggered (Subject: object-5, Object: null)
[2026-08-11 18:40:57] [EVENT] Event "kick" triggered (Subject: object-5, Object: null)
[2026-08-11 18:40:57] [LAW] Law "law-7" applied to "object-5" - SUCCESS
[2026-08-11 18:40:57] [EVENT] Event "law-applied" triggered (Subject: object-5, Object: null)
[2026-08-11 18:40:57] [EVENT] Event "relation-formed" triggered (Subject: law-10-authored-by-object-3, Object: null)
[2026-08-11 18:40:57] [EVENT] Event "law-registered" triggered (Subject: law-10, Object: null)
[2026-08-11 18:40:57] [EVENT] Event "touch" triggered (Subject: object-4, Object: object-5)
[2026-08-11 18:40:57] [LAW] Law "law-10" applied to "object-4" - SUCCESS
[2026-08-11 18:40:57] [EVENT] Event "law-applied" triggered (Subject: object-4, Object: null)
[2026-08-11 18:40:57] [EVENT] Event "relation-formed" triggered (Subject: law-11-authored-by-object-3, Object: null)
[2026-08-11 18:40:57] [EVENT] Event "law-registered" triggered (Subject: law-11, Object: null)
[2026-08-11 18:40:57] [EVENT] Event "touch" triggered (Subject: object-4, Object: object-5)
[2026-08-11 18:40:57] [LAW] Law "law-11" applied to "object-4" - SUCCESS
[2026-08-11 18:40:57] [EVENT] Event "law-applied" triggered (Subject: object-4, Object: null)
[2026-08-11 18:40:57] [LAW] Law "law-11" applied to "object-4" - SUCCESS
[2026-08-11 18:40:57] [EVENT] Event "law-applied" triggered (Subject: object-4, Object: null)
[2026-08-11 18:40:57] [LAW] Law "law-11" applied to "object-4" - SUCCESS
[2026-08-11 18:40:57] [EVENT] Event "law-applied" triggered (Subject: object-4, Object: null)
[2026-08-11 18:40:57] [EVENT] Event "law-drive-finished" triggered (Subject: object-4, Object: null)
[2026-08-11 18:40:58] [EVENT] Event "relation-formed" triggered (Subject: law-2-targets-object-6, Object: null)
[2026-08-11 18:40:58] [EVENT] Event "relation-formed" triggered (Subject: law-1-authored-by-object-3, Object: null)
[2026-08-11 18:40:58] [EVENT] Event "law-registered" triggered (Subject: law-1, Object: null)
[2026-08-11 18:40:58] [EVENT] Event "relation-formed" triggered (Subject: law-2-authored-by-object-3, Object: null)
[2026-08-11 18:40:58] [EVENT] Event "relation-formed" triggered (Subject: law-2-targets-object-6, Object: null)
[2026-08-11 18:40:58] [EVENT] Event "law-registered" triggered (Subject: law-2, Object: null)
[2026-08-11 18:40:58] [LAW] Law "law-1" applied to "object-3" - SUCCESS
[2026-08-11 18:40:58] [EVENT] Event "law-applied" triggered (Subject: object-3, Object: null)
[2026-08-11 18:40:58] [LAW] Law "law-1" applied to "object-4" - SUCCESS
[2026-08-11 18:40:58] [EVENT] Event "law-applied" triggered (Subject: object-4, Object: null)
[2026-08-11 18:40:58] [EVENT] Event "relation-formed" triggered (Subject: law-5-authored-by-object-3, Object: null)
[2026-08-11 18:40:58] [EVENT] Event "law-registered" triggered (Subject: law-5, Object: null)
[2026-08-11 18:40:58] [LAW] Law "law-5" applied to "object-7" - SUCCESS
[2026-08-11 18:40:58] [EVENT] Event "law-applied" triggered (Subject: object-7, Object: null)
[2026-08-11 18:40:58] [EVENT] Event "object-created" triggered (Subject: object-6, Object: null)
[2026-08-11 18:40:58] [LAW] Law "law-2" applied to "object-6" - SUCCESS
[2026-08-11 18:40:58] [EVENT] Event "law-applied" triggered (Subject: object-6, Object: null)
[2026-08-11 18:40:58] [LAW] Law "law-2" applied to "object-6" - SUCCESS
[2026-08-11 18:40:58] [EVENT] Event "law-applied" triggered (Subject: object-6, Object: null)
[2026-08-11 18:40:58] [EVENT] Event "relation-formed" triggered (Subject: law-6-authored-by-object-3, Object: null)
[2026-08-11 18:40:58] [EVENT] Event "law-registered" triggered (Subject: law-6, Object: null)
[2026-08-11 18:40:58] [LAW] Law "law-6" applied to "object-8" - SUCCESS
[2026-08-11 18:40:58] [EVENT] Event "law-applied" triggered (Subject: object-8, Object: null)
[2026-08-11 18:40:58] [EVENT] Event "relation-formed" triggered (Subject: law-7-authored-by-object-3, Object: null)
[2026-08-11 18:40:58] [EVENT] Event "law-registered" triggered (Subject: law-7, Object: null)
[2026-08-11 18:40:58] [EVENT] Event "relation-formed" triggered (Subject: law-7-targets-object-4, Object: null)
[2026-08-11 18:40:58] [LAW] Law "law-7" applied to "object-4" - SUCCESS
[2026-08-11 18:40:58] [EVENT] Event "law-applied" triggered (Subject: object-4, Object: null)
[2026-08-11 18:40:58] [EVENT] Event "boom" triggered (Subject: object-5, Object: null)
[2026-08-11 18:40:58] [LAW] Law "law-1" applied to "object-3" - SUCCESS
[2026-08-11 18:40:58] [LAW] Law "law-1" applied to "object-5" - SUCCESS
[2026-08-11 18:40:58] [LAW] Law "law-1" applied to "object-6" - SUCCESS
[2026-08-11 18:40:58] [EVENT] Event "relation-formed" triggered (Subject: concept-1-abstracted-from-object-5, Object: null)
[2026-08-11 18:40:58] [EVENT] Event "relation-formed" triggered (Subject: concept-1-authored-by-object-3, Object: null)
[2026-08-11 18:40:58] [EVENT] Event "concept-registered" triggered (Subject: concept-1, Object: null)
[2026-08-11 18:40:58] [EVENT] Event "concept-registered" triggered (Subject: concept-1, Object: null)
[2026-08-11 18:40:58] [EVENT] Event "relation-formed" triggered (Subject: law-5-authored-by-object-3, Object: null)
[2026-08-11 18:40:58] [EVENT] Event "law-registered" triggered (Subject: law-5, Object: null)
[2026-08-11 18:40:58] [EVENT] Event "relation-formed" triggered (Subject: law-6-authored-by-object-3, Object: null)
[2026-08-11 18:40:58] [EVENT] Event "law-registered" triggered (Subject: law-6, Object: null)
[2026-08-11 18:40:58] [EVENT] Event "relation-formed" triggered (Subject: law-7-authored-by-object-3, Object: null)
[2026-08-11 18:40:58] [EVENT] Event "law-registered" triggered (Subject: law-7, Object: null)
[2026-08-11 18:40:58] [EVENT] Event "relation-formed" triggered (Subject: law-5-authored-by-object-3, Object: null)
[2026-08-11 18:40:58] [EVENT] Event "law-registered" triggered (Subject: law-5, Object: null)
[2026-08-11 18:40:58] [EVENT] Event "relation-formed" triggered (Subject: law-6-authored-by-object-3, Object: null)
[2026-08-11 18:40:58] [EVENT] Event "law-registered" triggered (Subject: law-6, Object: null)
[2026-08-11 18:40:58] [EVENT] Event "relation-formed" triggered (Subject: law-7-authored-by-object-3, Object: null)
[2026-08-11 18:40:58] [EVENT] Event "law-registered" triggered (Subject: law-7, Object: null)
[2026-08-11 18:40:58] [LAW] Law "law-5" applied to "object-5" - SUCCESS
[2026-08-11 18:40:58] [LAW] Law "law-5" applied to "object-5" - SUCCESS
[2026-08-11 18:40:58] [LAW] Law "law-5" applied to "object-5" - SUCCESS
[2026-08-11 18:40:58] [LAW] Law "law-5" applied to "object-5" - SUCCESS
[2026-08-11 18:40:58] [LAW] Law "law-5" applied to "object-5" - SUCCESS
[2026-08-11 18:40:58] [LAW] Law "law-5" applied to "object-5" - SUCCESS
[2026-08-11 18:40:58] [LAW] Law "law-5" applied to "object-5" - SUCCESS
[2026-08-11 18:40:58] [LAW] Law "law-5" applied to "object-5" - SUCCESS
[2026-08-11 18:40:58] [LAW] Law "law-5" applied to "object-5" - SUCCESS
[2026-08-11 18:40:58] [LAW] Law "law-5" applied to "object-5" - SUCCESS
[2026-08-11 18:40:58] [LAW] Law "law-5" applied to "object-5" - SUCCESS
[2026-08-11 18:40:58] [LAW] Law "law-5" applied to "object-5" - SUCCESS
[2026-08-11 18:40:58] [LAW] Law "law-5" applied to "object-5" - SUCCESS
[2026-08-11 18:40:58] [LAW] Law "law-5" applied to "object-5" - SUCCESS
[2026-08-11 18:40:58] [LAW] Law "law-5" applied to "object-5" - SUCCESS
[2026-08-11 18:40:58] [LAW] Law "law-5" applied to "object-5" - SUCCESS
[2026-08-11 18:40:58] [LAW] Law "law-5" applied to "object-5" - SUCCESS
[2026-08-11 18:40:58] [LAW] Law "law-5" applied to "object-5" - SUCCESS
[2026-08-11 18:40:58] [LAW] Law "law-5" applied to "object-5" - SUCCESS
[2026-08-11 18:40:58] [LAW] Law "law-5" applied to "object-5" - SUCCESS
[2026-08-11 18:40:58] [LAW] Law "law-5" applied to "object-5" - SUCCESS
[2026-08-11 18:40:58] [LAW] Law "law-5" applied to "object-5" - SUCCESS
[2026-08-11 18:40:58] [LAW] Law "law-5" applied to "object-5" - SUCCESS
[2026-08-11 18:40:58] [LAW] Law "law-5" applied to "object-5" - SUCCESS
[2026-08-11 18:40:58] [LAW] Law "law-5" applied to "object-5" - SUCCESS
[2026-08-11 18:40:58] [LAW] Law "law-5" applied to "object-5" - SUCCESS
[2026-08-11 18:40:58] [LAW] Law "law-5" applied to "object-5" - SUCCESS
[2026-08-11 18:40:58] [LAW] Law "law-5" applied to "object-5" - SUCCESS
[2026-08-11 18:40:58] [LAW] Law "law-5" applied to "object-5" - SUCCESS
[2026-08-11 18:40:58] [LAW] Law "law-5" applied to "object-5" - SUCCESS
[2026-08-11 18:40:58] [LAW] Law "law-5" applied to "object-5" - SUCCESS
[2026-08-11 18:40:58] [LAW] Law "law-5" applied to "object-5" - SUCCESS
[2026-08-11 18:40:58] [LAW] Law "law-5" applied to "object-5" - SUCCESS
[2026-08-11 18:40:58] [LAW] Law "law-5" applied to "object-5" - SUCCESS
[2026-08-11 18:40:58] [LAW] Law "law-5" applied to "object-5" - SUCCESS
[2026-08-11 18:40:58] [LAW] Law "law-5" applied to "object-5" - SUCCESS
[2026-08-11 18:40:58] [LAW] Law "law-5" applied to "object-5" - SUCCESS
[2026-08-11 18:40:58] [LAW] Law "law-5" applied to "object-5" - SUCCESS
[2026-08-11 18:40:58] [LAW] Law "law-5" applied to "object-5" - SUCCESS
[2026-08-11 18:40:58] [LAW] Law "law-5" applied to "object-5" - SUCCESS
[2026-08-11 18:40:58] [LAW] Law "law-5" applied to "object-5" - SUCCESS
[2026-08-11 18:40:58] [LAW] Law "law-5" applied to "object-5" - SUCCESS
[2026-08-11 18:40:58] [LAW] Law "law-5" applied to "object-5" - SUCCESS
[2026-08-11 18:40:58] [LAW] Law "law-5" applied to "object-5" - SUCCESS
[2026-08-11 18:40:58] [LAW] Law "law-5" applied to "object-5" - SUCCESS
[2026-08-11 18:40:58] [LAW] Law "law-5" applied to "object-5" - SUCCESS
[2026-08-11 18:40:58] [LAW] Law "law-5" applied to "object-5" - SUCCESS
[2026-08-11 18:40:58] [LAW] Law "law-5" applied to "object-5" - SUCCESS
[2026-08-11 18:40:58] [LAW] Law "law-5" applied to "object-5" - SUCCESS
[2026-08-11 18:40:58] [LAW] Law "law-5" applied to "object-5" - SUCCESS
[2026-08-11 18:40:58] [LAW] Law "law-5" applied to "object-5" - SUCCESS
[2026-08-11 18:40:58] [LAW] Law "law-5" applied to "object-5" - SUCCESS
[2026-08-11 18:40:58] [LAW] Law "law-5" applied to "object-5" - SUCCESS
[2026-08-11 18:40:58] [LAW] Law "law-5" applied to "object-5" - SUCCESS
[2026-08-11 18:40:58] [LAW] Law "law-5" applied to "object-5" - SUCCESS
[2026-08-11 18:40:58] [LAW] Law "law-5" applied to "object-5" - SUCCESS
[2026-08-11 18:40:58] [LAW] Law "law-5" applied to "object-5" - SUCCESS
[2026-08-11 18:40:58] [LAW] Law "law-5" applied to "object-5" - SUCCESS
[2026-08-11 18:40:58] [LAW] Law "law-5" applied to "object-5" - SUCCESS
[2026-08-11 18:40:58] [LAW] Law "law-5" applied to "object-5" - SUCCESS
[2026-08-11 18:40:58] [LAW] Law "law-5" applied to "object-5" - SUCCESS
[2026-08-11 18:40:58] [LAW] Law "law-5" applied to "object-5" - SUCCESS
[2026-08-11 18:40:58] [LAW] Law "law-5" applied to "object-5" - SUCCESS
[2026-08-11 18:40:58] [LAW] Law "law-5" applied to "object-5" - SUCCESS
[2026-08-11 18:40:58] [LAW] Law "law-5" applied to "object-5" - SUCCESS
[2026-08-11 18:40:58] [LAW] Law "law-5" applied to "object-5" - SUCCESS
[2026-08-11 18:40:58] [LAW] Law "law-5" applied to "object-5" - SUCCESS
[2026-08-11 18:40:58] [LAW] Law "law-5" applied to "object-5" - SUCCESS
[2026-08-11 18:40:58] [LAW] Law "law-5" applied to "object-5" - SUCCESS
[2026-08-11 18:40:58] [LAW] Law "law-5" applied to "object-5" - SUCCESS
[2026-08-11 18:40:58] [LAW] Law "law-5" applied to "object-5" - SUCCESS
[2026-08-11 18:40:58] [LAW] Law "law-5" applied to "object-5" - SUCCESS
[2026-08-11 18:40:58] [LAW] Law "law-5" applied to "object-5" - SUCCESS
[2026-08-11 18:40:58] [LAW] Law "law-5" applied to "object-5" - SUCCESS
[2026-08-11 18:40:58] [LAW] Law "law-5" applied to "object-5" - SUCCESS
[2026-08-11 18:40:58] [LAW] Law "law-5" applied to "object-5" - SUCCESS
[2026-08-11 18:40:58] [LAW] Law "law-5" applied to "object-5" - SUCCESS
[2026-08-11 18:40:58] [LAW] Law "law-5" applied to "object-5" - SUCCESS
[2026-08-11 18:40:58] [LAW] Law "law-5" applied to "object-5" - SUCCESS
[2026-08-11 18:40:58] [LAW] Law "law-5" applied to "object-5" - SUCCESS
[2026-08-11 18:40:58] [LAW] Law "law-5" applied to "object-5" - SUCCESS
[2026-08-11 18:40:58] [LAW] Law "law-5" applied to "object-5" - SUCCESS
[2026-08-11 18:40:58] [LAW] Law "law-5" applied to "object-5" - SUCCESS
[2026-08-11 18:40:58] [LAW] Law "law-5" applied to "object-5" - SUCCESS
[2026-08-11 18:40:58] [LAW] Law "law-5" applied to "object-5" - SUCCESS
[2026-08-11 18:40:58] [LAW] Law "law-5" applied to "object-5" - SUCCESS
[2026-08-11 18:40:58] [LAW] Law "law-5" applied to "object-5" - SUCCESS
[2026-08-11 18:40:58] [LAW] Law "law-5" applied to "object-5" - SUCCESS
[2026-08-11 18:40:58] [LAW] Law "law-5" applied to "object-5" - SUCCESS
[2026-08-11 18:40:58] [LAW] Law "law-5" applied to "object-5" - SUCCESS
[2026-08-11 18:40:58] [LAW] Law "law-5" applied to "object-5" - SUCCESS
[2026-08-11 18:40:58] [LAW] Law "law-5" applied to "object-5" - SUCCESS
[2026-08-11 18:40:58] [LAW] Law "law-5" applied to "object-5" - SUCCESS
[2026-08-11 18:40:58] [LAW] Law "law-5" applied to "object-5" - SUCCESS
[2026-08-11 18:40:58] [LAW] Law "law-5" applied to "object-5" - SUCCESS
[2026-08-11 18:40:58] [LAW] Law "law-5" applied to "object-5" - SUCCESS
[2026-08-11 18:40:58] [LAW] Law "law-5" applied to "object-5" - SUCCESS
[2026-08-11 18:40:58] [LAW] Law "law-5" applied to "object-5" - SUCCESS
[2026-08-11 18:40:58] [LAW] Law "law-5" applied to "object-5" - SUCCESS
[2026-08-11 18:40:58] [LAW] Law "law-5" applied to "object-5" - SUCCESS
[2026-08-11 18:40:58] [LAW] Law "law-5" applied to "object-5" - SUCCESS
[2026-08-11 18:40:58] [LAW] Law "law-5" applied to "object-5" - SUCCESS
[2026-08-11 18:40:58] [LAW] Law "law-5" applied to "object-5" - SUCCESS
[2026-08-11 18:40:58] [LAW] Law "law-5" applied to "object-5" - SUCCESS
[2026-08-11 18:40:58] [LAW] Law "law-5" applied to "object-5" - SUCCESS
[2026-08-11 18:40:58] [LAW] Law "law-5" applied to "object-5" - SUCCESS
[2026-08-11 18:40:58] [LAW] Law "law-5" applied to "object-5" - SUCCESS
[2026-08-11 18:40:58] [LAW] Law "law-5" applied to "object-5" - SUCCESS
[2026-08-11 18:40:58] [LAW] Law "law-5" applied to "object-5" - SUCCESS
[2026-08-11 18:40:58] [LAW] Law "law-5" applied to "object-5" - SUCCESS
[2026-08-11 18:40:58] [LAW] Law "law-5" applied to "object-5" - SUCCESS
[2026-08-11 18:40:58] [LAW] Law "law-5" applied to "object-5" - SUCCESS
[2026-08-11 18:40:58] [LAW] Law "law-5" applied to "object-5" - SUCCESS
[2026-08-11 18:40:58] [LAW] Law "law-5" applied to "object-5" - SUCCESS
[2026-08-11 18:40:58] [LAW] Law "law-5" applied to "object-5" - SUCCESS
[2026-08-11 18:40:58] [LAW] Law "law-5" applied to "object-5" - SUCCESS
[2026-08-11 18:40:58] [LAW] Law "law-5" applied to "object-5" - SUCCESS
[2026-08-11 18:40:58] [LAW] Law "law-5" applied to "object-5" - SUCCESS
[2026-08-11 18:40:58] [LAW] Law "law-5" applied to "object-5" - SUCCESS
[2026-08-11 18:40:58] [LAW] Law "law-5" applied to "object-5" - SUCCESS
[2026-08-11 18:40:58] [LAW] Law "law-5" applied to "object-5" - SUCCESS
[2026-08-11 18:40:58] [LAW] Law "law-5" applied to "object-5" - SUCCESS
[2026-08-11 18:40:58] [LAW] Law "law-5" applied to "object-5" - SUCCESS
[2026-08-11 18:40:58] [LAW] Law "law-5" applied to "object-5" - SUCCESS
[2026-08-11 18:40:58] [LAW] Law "law-5" applied to "object-5" - SUCCESS
[2026-08-11 18:40:58] [LAW] Law "law-5" applied to "object-5" - SUCCESS
[2026-08-11 18:40:58] [LAW] Law "law-5" applied to "object-5" - SUCCESS
[2026-08-11 18:40:58] [LAW] Law "law-5" applied to "object-5" - SUCCESS
[2026-08-11 18:40:58] [LAW] Law "law-5" applied to "object-5" - SUCCESS
[2026-08-11 18:40:58] [LAW] Law "law-5" applied to "object-5" - SUCCESS
[2026-08-11 18:40:58] [LAW] Law "law-5" applied to "object-5" - SUCCESS
[2026-08-11 18:40:58] [LAW] Law "law-5" applied to "object-5" - SUCCESS
[2026-08-11 18:40:58] [LAW] Law "law-5" applied to "object-5" - SUCCESS
[2026-08-11 18:40:58] [LAW] Law "law-5" applied to "object-5" - SUCCESS
[2026-08-11 18:40:58] [LAW] Law "law-5" applied to "object-5" - SUCCESS
[2026-08-11 18:40:58] [LAW] Law "law-5" applied to "object-5" - SUCCESS
[2026-08-11 18:40:58] [LAW] Law "law-5" applied to "object-5" - SUCCESS
[2026-08-11 18:40:58] [LAW] Law "law-5" applied to "object-5" - SUCCESS
[2026-08-11 18:40:58] [LAW] Law "law-5" applied to "object-5" - SUCCESS
[2026-08-11 18:40:58] [LAW] Law "law-5" applied to "object-5" - SUCCESS
[2026-08-11 18:40:58] [LAW] Law "law-5" applied to "object-5" - SUCCESS
[2026-08-11 18:40:58] [LAW] Law "law-5" applied to "object-5" - SUCCESS
[2026-08-11 18:40:58] [LAW] Law "law-5" applied to "object-5" - SUCCESS
[2026-08-11 18:40:58] [LAW] Law "law-5" applied to "object-5" - SUCCESS
[2026-08-11 18:40:58] [LAW] Law "law-5" applied to "object-5" - SUCCESS
[2026-08-11 18:40:58] [LAW] Law "law-5" applied to "object-5" - SUCCESS
[2026-08-11 18:40:58] [LAW] Law "law-5" applied to "object-5" - SUCCESS
[2026-08-11 18:40:58] [LAW] Law "law-5" applied to "object-5" - SUCCESS
[2026-08-11 18:40:58] [LAW] Law "law-5" applied to "object-5" - SUCCESS
[2026-08-11 18:40:58] [LAW] Law "law-5" applied to "object-5" - SUCCESS
[2026-08-11 18:40:58] [LAW] Law "law-5" applied to "object-5" - SUCCESS
[2026-08-11 18:40:58] [LAW] Law "law-5" applied to "object-5" - SUCCESS
[2026-08-11 18:40:58] [LAW] Law "law-5" applied to "object-5" - SUCCESS
[2026-08-11 18:40:58] [LAW] Law "law-5" applied to "object-5" - SUCCESS
[2026-08-11 18:40:58] [LAW] Law "law-5" applied to "object-5" - SUCCESS
[2026-08-11 18:40:58] [LAW] Law "law-5" applied to "object-5" - SUCCESS
[2026-08-11 18:40:58] [LAW] Law "law-5" applied to "object-5" - SUCCESS
[2026-08-11 18:40:58] [LAW] Law "law-5" applied to "object-5" - SUCCESS
[2026-08-11 18:40:58] [LAW] Law "law-5" applied to "object-5" - SUCCESS
[2026-08-11 18:40:58] [LAW] Law "law-5" applied to "object-5" - SUCCESS
[2026-08-11 18:40:58] [LAW] Law "law-5" applied to "object-5" - SUCCESS
[2026-08-11 18:40:58] [LAW] Law "law-5" applied to "object-5" - SUCCESS
[2026-08-11 18:40:58] [LAW] Law "law-5" applied to "object-5" - SUCCESS
[2026-08-11 18:40:58] [LAW] Law "law-5" applied to "object-5" - SUCCESS
[2026-08-11 18:40:58] [LAW] Law "law-5" applied to "object-5" - SUCCESS
[2026-08-11 18:40:58] [LAW] Law "law-5" applied to "object-5" - SUCCESS
[2026-08-11 18:40:58] [LAW] Law "law-5" applied to "object-5" - SUCCESS
[2026-08-11 18:40:58] [LAW] Law "law-5" applied to "object-5" - SUCCESS
[2026-08-11 18:40:58] [LAW] Law "law-5" applied to "object-5" - SUCCESS
[2026-08-11 18:40:58] [LAW] Law "law-5" applied to "object-5" - SUCCESS
[2026-08-11 18:40:58] [LAW] Law "law-5" applied to "object-5" - SUCCESS
[2026-08-11 18:40:58] [LAW] Law "law-5" applied to "object-5" - SUCCESS
[2026-08-11 18:40:58] [LAW] Law "law-5" applied to "object-5" - SUCCESS
[2026-08-11 18:40:58] [LAW] Law "law-5" applied to "object-5" - SUCCESS
[2026-08-11 18:40:58] [LAW] Law "law-5" applied to "object-5" - SUCCESS
[2026-08-11 18:40:58] [LAW] Law "law-5" applied to "object-5" - SUCCESS
[2026-08-11 18:40:58] [LAW] Law "law-5" applied to "object-5" - SUCCESS
[2026-08-11 18:40:58] [LAW] Law "law-5" applied to "object-5" - SUCCESS
[2026-08-11 18:40:58] [LAW] Law "law-5" applied to "object-5" - SUCCESS
[2026-08-11 18:40:58] [LAW] Law "law-5" applied to "object-5" - SUCCESS
[2026-08-11 18:40:58] [LAW] Law "law-5" applied to "object-5" - SUCCESS
[2026-08-11 18:40:58] [LAW] Law "law-5" applied to "object-5" - SUCCESS
[2026-08-11 18:40:58] [LAW] Law "law-5" applied to "object-5" - SUCCESS
[2026-08-11 18:40:58] [LAW] Law "law-5" applied to "object-5" - SUCCESS
[2026-08-11 18:40:58] [LAW] Law "law-5" applied to "object-5" - SUCCESS
[2026-08-11 18:40:58] [LAW] Law "law-5" applied to "object-5" - SUCCESS
[2026-08-11 18:40:58] [LAW] Law "law-5" applied to "object-5" - SUCCESS
[2026-08-11 18:40:58] [LAW] Law "law-5" applied to "object-5" - SUCCESS
[2026-08-11 18:40:58] [LAW] Law "law-5" applied to "object-5" - SUCCESS
[2026-08-11 18:40:58] [LAW] Law "law-5" applied to "object-5" - SUCCESS
[2026-08-11 18:40:58] [LAW] Law "law-5" applied to "object-5" - SUCCESS
[2026-08-11 18:40:58] [LAW] Law "law-5" applied to "object-5" - SUCCESS
[2026-08-11 18:40:58] [LAW] Law "law-5" applied to "object-5" - SUCCESS
[2026-08-11 18:40:58] [LAW] Law "law-5" applied to "object-5" - SUCCESS
[2026-08-11 18:40:58] [LAW] Law "law-5" applied to "object-5" - SUCCESS
[2026-08-11 18:40:58] [LAW] Law "law-5" applied to "object-5" - SUCCESS
[2026-08-11 18:40:58] [LAW] Law "law-5" applied to "object-5" - SUCCESS
[2026-08-11 18:40:58] [LAW] Law "law-5" applied to "object-5" - SUCCESS
[2026-08-11 18:40:58] [LAW] Law "law-5" applied to "object-5" - SUCCESS
[2026-08-11 18:40:58] [LAW] Law "law-5" applied to "object-5" - SUCCESS
[2026-08-11 18:40:58] [LAW] Law "law-5" applied to "object-5" - SUCCESS
[2026-08-11 18:40:58] [LAW] Law "law-5" applied to "object-5" - SUCCESS
[2026-08-11 18:40:58] [LAW] Law "law-5" applied to "object-5" - SUCCESS
[2026-08-11 18:40:58] [LAW] Law "law-5" applied to "object-5" - SUCCESS
[2026-08-11 18:40:58] [LAW] Law "law-5" applied to "object-5" - SUCCESS
[2026-08-11 18:40:58] [LAW] Law "law-5" applied to "object-5" - SUCCESS
[2026-08-11 18:40:58] [LAW] Law "law-5" applied to "object-5" - SUCCESS
[2026-08-11 18:40:58] [LAW] Law "law-5" applied to "object-5" - SUCCESS
[2026-08-11 18:40:58] [LAW] Law "law-5" applied to "object-5" - SUCCESS
[2026-08-11 18:40:58] [LAW] Law "law-5" applied to "object-5" - SUCCESS
[2026-08-11 18:40:58] [LAW] Law "law-5" applied to "object-5" - SUCCESS
[2026-08-11 18:40:58] [LAW] Law "law-5" applied to "object-5" - SUCCESS
[2026-08-11 18:40:58] [LAW] Law "law-5" applied to "object-5" - SUCCESS
[2026-08-11 18:40:58] [LAW] Law "law-5" applied to "object-5" - SUCCESS
[2026-08-11 18:40:58] [LAW] Law "law-5" applied to "object-5" - SUCCESS
[2026-08-11 18:40:58] [LAW] Law "law-5" applied to "object-5" - SUCCESS
[2026-08-11 18:40:58] [LAW] Law "law-5" applied to "object-5" - SUCCESS
[2026-08-11 18:40:58] [LAW] Law "law-5" applied to "object-5" - SUCCESS
[2026-08-11 18:40:58] [LAW] Law "law-5" applied to "object-5" - SUCCESS
[2026-08-11 18:40:58] [LAW] Law "law-5" applied to "object-5" - SUCCESS
[2026-08-11 18:40:58] [LAW] Law "law-5" applied to "object-5" - SUCCESS
[2026-08-11 18:40:58] [LAW] Law "law-5" applied to "object-5" - SUCCESS
[2026-08-11 18:40:58] [LAW] Law "law-5" applied to "object-5" - SUCCESS
[2026-08-11 18:40:58] [LAW] Law "law-5" applied to "object-5" - SUCCESS
[2026-08-11 18:40:58] [LAW] Law "law-5" applied to "object-5" - SUCCESS
[2026-08-11 18:40:58] [LAW] Law "law-5" applied to "object-5" - SUCCESS
[2026-08-11 18:40:58] [LAW] Law "law-5" applied to "object-5" - SUCCESS
[2026-08-11 18:40:58] [LAW] Law "law-5" applied to "object-5" - SUCCESS
[2026-08-11 18:40:58] [LAW] Law "law-5" applied to "object-5" - SUCCESS
[2026-08-11 18:40:58] [LAW] Law "law-5" applied to "object-5" - SUCCESS
[2026-08-11 18:40:58] [LAW] Law "law-5" applied to "object-5" - SUCCESS
[2026-08-11 18:40:58] [LAW] Law "law-5" applied to "object-5" - SUCCESS
[2026-08-11 18:40:58] [LAW] Law "law-5" applied to "object-5" - SUCCESS
[2026-08-11 18:40:58] [LAW] Law "law-5" applied to "object-5" - SUCCESS
[2026-08-11 18:40:58] [LAW] Law "law-5" applied to "object-5" - SUCCESS
[2026-08-11 18:40:58] [LAW] Law "law-5" applied to "object-5" - SUCCESS
[2026-08-11 18:40:58] [LAW] Law "law-5" applied to "object-5" - SUCCESS
[2026-08-11 18:40:58] [LAW] Law "law-5" applied to "object-5" - SUCCESS
[2026-08-11 18:40:58] [LAW] Law "law-5" applied to "object-5" - SUCCESS
[2026-08-11 18:40:58] [LAW] Law "law-5" applied to "object-5" - SUCCESS
[2026-08-11 18:40:58] [LAW] Law "law-5" applied to "object-5" - SUCCESS
[2026-08-11 18:40:58] [LAW] Law "law-5" applied to "object-5" - SUCCESS
[2026-08-11 18:40:58] [LAW] Law "law-5" applied to "object-5" - SUCCESS
[2026-08-11 18:40:58] [LAW] Law "law-5" applied to "object-5" - SUCCESS
[2026-08-11 18:40:58] [LAW] Law "law-5" applied to "object-5" - SUCCESS
[2026-08-11 18:40:58] [LAW] Law "law-5" applied to "object-5" - SUCCESS
[2026-08-11 18:40:58] [LAW] Law "law-5" applied to "object-5" - SUCCESS
[2026-08-11 18:40:58] [LAW] Law "law-5" applied to "object-5" - SUCCESS
[2026-08-11 18:40:58] [LAW] Law "law-5" applied to "object-5" - SUCCESS
[2026-08-11 18:40:58] [LAW] Law "law-5" applied to "object-5" - SUCCESS
[2026-08-11 18:40:58] [LAW] Law "law-5" applied to "object-5" - SUCCESS
[2026-08-11 18:40:58] [LAW] Law "law-5" applied to "object-5" - SUCCESS
[2026-08-11 18:40:58] [LAW] Law "law-5" applied to "object-5" - SUCCESS
[2026-08-11 18:40:58] [LAW] Law "law-5" applied to "object-5" - SUCCESS
[2026-08-11 18:40:58] [LAW] Law "law-5" applied to "object-5" - SUCCESS
[2026-08-11 18:40:58] [LAW] Law "law-5" applied to "object-5" - SUCCESS
[2026-08-11 18:40:58] [LAW] Law "law-5" applied to "object-5" - SUCCESS
[2026-08-11 18:40:58] [LAW] Law "law-5" applied to "object-5" - SUCCESS
[2026-08-11 18:40:58] [LAW] Law "law-5" applied to "object-5" - SUCCESS
[2026-08-11 18:40:58] [LAW] Law "law-5" applied to "object-5" - SUCCESS
[2026-08-11 18:40:58] [LAW] Law "law-5" applied to "object-5" - SUCCESS
[2026-08-11 18:40:58] [LAW] Law "law-5" applied to "object-5" - SUCCESS
[2026-08-11 18:40:58] [LAW] Law "law-5" applied to "object-5" - SUCCESS
[2026-08-11 18:40:58] [LAW] Law "law-5" applied to "object-5" - SUCCESS
[2026-08-11 18:40:58] [LAW] Law "law-5" applied to "object-5" - SUCCESS
[2026-08-11 18:40:58] [LAW] Law "law-5" applied to "object-5" - SUCCESS
[2026-08-11 18:40:58] [LAW] Law "law-5" applied to "object-5" - SUCCESS
[2026-08-11 18:40:58] [LAW] Law "law-5" applied to "object-5" - SUCCESS
[2026-08-11 18:40:58] [LAW] Law "law-5" applied to "object-5" - SUCCESS
[2026-08-11 18:40:58] [LAW] Law "law-5" applied to "object-5" - SUCCESS
[2026-08-11 18:40:58] [LAW] Law "law-5" applied to "object-5" - SUCCESS
[2026-08-11 18:40:58] [LAW] Law "law-5" applied to "object-5" - SUCCESS
[2026-08-11 18:40:58] [LAW] Law "law-5" applied to "object-5" - SUCCESS
[2026-08-11 18:40:58] [LAW] Law "law-5" applied to "object-5" - SUCCESS
[2026-08-11 18:40:58] [LAW] Law "law-5" applied to "object-5" - SUCCESS
[2026-08-11 18:40:58] [LAW] Law "law-5" applied to "object-5" - SUCCESS
[2026-08-11 18:40:58] [LAW] Law "law-5" applied to "object-5" - SUCCESS
[2026-08-11 18:40:58] [LAW] Law "law-5" applied to "object-5" - SUCCESS
[2026-08-11 18:40:58] [LAW] Law "law-5" applied to "object-5" - SUCCESS
[2026-08-11 18:40:58] [LAW] Law "law-5" applied to "object-5" - SUCCESS
[2026-08-11 18:40:58] [LAW] Law "law-5" applied to "object-5" - SUCCESS
[2026-08-11 18:40:58] [LAW] Law "law-5" applied to "object-5" - SUCCESS
[2026-08-11 18:40:58] [LAW] Law "law-5" applied to "object-5" - SUCCESS
[2026-08-11 18:40:58] [LAW] Law "law-5" applied to "object-5" - SUCCESS
[2026-08-11 18:40:58] [LAW] Law "law-5" applied to "object-5" - SUCCESS
[2026-08-11 18:40:58] [LAW] Law "law-5" applied to "object-5" - SUCCESS
[2026-08-11 18:40:58] [LAW] Law "law-5" applied to "object-5" - SUCCESS
[2026-08-11 18:40:58] [LAW] Law "law-5" applied to "object-5" - SUCCESS
[2026-08-11 18:40:58] [LAW] Law "law-5" applied to "object-5" - SUCCESS
[2026-08-11 18:40:58] [LAW] Law "law-5" applied to "object-5" - SUCCESS
[2026-08-11 18:40:58] [LAW] Law "law-5" applied to "object-5" - SUCCESS
[2026-08-11 18:40:58] [LAW] Law "law-5" applied to "object-5" - SUCCESS
[2026-08-11 18:40:58] [LAW] Law "law-5" applied to "object-5" - SUCCESS
[2026-08-11 18:40:58] [LAW] Law "law-5" applied to "object-5" - SUCCESS
[2026-08-11 18:40:58] [LAW] Law "law-5" applied to "object-5" - SUCCESS
[2026-08-11 18:40:58] [LAW] Law "law-5" applied to "object-5" - SUCCESS
[2026-08-11 18:40:58] [LAW] Law "law-5" applied to "object-5" - SUCCESS
[2026-08-11 18:40:58] [LAW] Law "law-5" applied to "object-5" - SUCCESS
[2026-08-11 18:40:58] [LAW] Law "law-5" applied to "object-5" - SUCCESS
[2026-08-11 18:40:58] [LAW] Law "law-5" applied to "object-5" - SUCCESS
[2026-08-11 18:40:58] [LAW] Law "law-5" applied to "object-5" - SUCCESS
[2026-08-11 18:40:58] [LAW] Law "law-5" applied to "object-5" - SUCCESS
[2026-08-11 18:40:58] [LAW] Law "law-5" applied to "object-5" - SUCCESS
[2026-08-11 18:40:58] [LAW] Law "law-5" applied to "object-5" - SUCCESS
[2026-08-11 18:40:58] [LAW] Law "law-5" applied to "object-5" - SUCCESS
[2026-08-11 18:40:58] [LAW] Law "law-5" applied to "object-5" - SUCCESS
[2026-08-11 18:40:58] [LAW] Law "law-5" applied to "object-5" - SUCCESS
[2026-08-11 18:40:58] [LAW] Law "law-5" applied to "object-5" - SUCCESS
[2026-08-11 18:40:58] [LAW] Law "law-5" applied to "object-5" - SUCCESS
[2026-08-11 18:40:58] [LAW] Law "law-5" applied to "object-5" - SUCCESS
[2026-08-11 18:40:58] [LAW] Law "law-5" applied to "object-5" - SUCCESS
[2026-08-11 18:40:58] [LAW] Law "law-5" applied to "object-5" - SUCCESS
[2026-08-11 18:40:58] [LAW] Law "law-5" applied to "object-5" - SUCCESS
[2026-08-11 18:40:58] [LAW] Law "law-5" applied to "object-5" - SUCCESS
[2026-08-11 18:40:58] [LAW] Law "law-5" applied to "object-5" - SUCCESS
[2026-08-11 18:40:58] [LAW] Law "law-5" applied to "object-5" - SUCCESS
[2026-08-11 18:40:58] [LAW] Law "law-5" applied to "object-5" - SUCCESS
[2026-08-11 18:40:58] [LAW] Law "law-5" applied to "object-5" - SUCCESS
[2026-08-11 18:40:58] [LAW] Law "law-5" applied to "object-5" - SUCCESS
[2026-08-11 18:40:58] [LAW] Law "law-5" applied to "object-5" - SUCCESS
[2026-08-11 18:40:58] [LAW] Law "law-5" applied to "object-5" - SUCCESS
[2026-08-11 18:40:58] [LAW] Law "law-5" applied to "object-5" - SUCCESS
[2026-08-11 18:40:58] [LAW] Law "law-5" applied to "object-5" - SUCCESS
[2026-08-11 18:40:58] [LAW] Law "law-5" applied to "object-5" - SUCCESS
[2026-08-11 18:40:58] [LAW] Law "law-5" applied to "object-5" - SUCCESS
[2026-08-11 18:40:58] [LAW] Law "law-5" applied to "object-5" - SUCCESS
[2026-08-11 18:40:58] [LAW] Law "law-5" applied to "object-5" - SUCCESS
[2026-08-11 18:40:58] [LAW] Law "law-5" applied to "object-5" - SUCCESS
[2026-08-11 18:40:58] [LAW] Law "law-5" applied to "object-5" - SUCCESS
[2026-08-11 18:40:58] [LAW] Law "law-5" applied to "object-5" - SUCCESS
[2026-08-11 18:40:58] [LAW] Law "law-5" applied to "object-5" - SUCCESS
[2026-08-11 18:40:58] [LAW] Law "law-5" applied to "object-5" - SUCCESS
[2026-08-11 18:40:58] [LAW] Law "law-5" applied to "object-5" - SUCCESS
[2026-08-11 18:40:58] [LAW] Law "law-5" applied to "object-5" - SUCCESS
[2026-08-11 18:40:58] [LAW] Law "law-5" applied to "object-5" - SUCCESS
[2026-08-11 18:40:58] [LAW] Law "law-5" applied to "object-5" - SUCCESS
[2026-08-11 18:40:58] [LAW] Law "law-5" applied to "object-5" - SUCCESS
[2026-08-11 18:40:58] [LAW] Law "law-5" applied to "object-5" - SUCCESS
[2026-08-11 18:40:58] [LAW] Law "law-5" applied to "object-5" - SUCCESS
[2026-08-11 18:40:58] [LAW] Law "law-5" applied to "object-5" - SUCCESS
[2026-08-11 18:40:58] [LAW] Law "law-5" applied to "object-5" - SUCCESS
[2026-08-11 18:40:58] [LAW] Law "law-5" applied to "object-5" - SUCCESS
[2026-08-11 18:40:58] [LAW] Law "law-5" applied to "object-5" - SUCCESS
[2026-08-11 18:40:58] [LAW] Law "law-5" applied to "object-5" - SUCCESS
[2026-08-11 18:40:58] [LAW] Law "law-5" applied to "object-5" - SUCCESS
[2026-08-11 18:40:58] [LAW] Law "law-5" applied to "object-5" - SUCCESS
[2026-08-11 18:40:58] [LAW] Law "law-5" applied to "object-5" - SUCCESS
[2026-08-11 18:40:58] [LAW] Law "law-5" applied to "object-5" - SUCCESS
[2026-08-11 18:40:58] [LAW] Law "law-5" applied to "object-5" - SUCCESS
[2026-08-11 18:40:58] [LAW] Law "law-5" applied to "object-5" - SUCCESS
[2026-08-11 18:40:58] [LAW] Law "law-5" applied to "object-5" - SUCCESS
[2026-08-11 18:40:58] [LAW] Law "law-5" applied to "object-5" - SUCCESS
[2026-08-11 18:40:58] [LAW] Law "law-5" applied to "object-5" - SUCCESS
[2026-08-11 18:40:58] [LAW] Law "law-5" applied to "object-5" - SUCCESS
[2026-08-11 18:40:58] [LAW] Law "law-5" applied to "object-5" - SUCCESS
[2026-08-11 18:40:58] [LAW] Law "law-5" applied to "object-5" - SUCCESS
[2026-08-11 18:40:58] [LAW] Law "law-5" applied to "object-5" - SUCCESS
[2026-08-11 18:40:58] [LAW] Law "law-5" applied to "object-5" - SUCCESS
[2026-08-11 18:40:58] [LAW] Law "law-5" applied to "object-5" - SUCCESS
[2026-08-11 18:40:58] [LAW] Law "law-5" applied to "object-5" - SUCCESS
[2026-08-11 18:40:58] [LAW] Law "law-5" applied to "object-5" - SUCCESS
[2026-08-11 18:40:58] [LAW] Law "law-5" applied to "object-5" - SUCCESS
[2026-08-11 18:40:58] [LAW] Law "law-5" applied to "object-5" - SUCCESS
[2026-08-11 18:40:58] [LAW] Law "law-5" applied to "object-5" - SUCCESS
[2026-08-11 18:40:58] [LAW] Law "law-5" applied to "object-5" - SUCCESS
[2026-08-11 18:40:58] [LAW] Law "law-5" applied to "object-5" - SUCCESS
[2026-08-11 18:40:58] [LAW] Law "law-5" applied to "object-5" - SUCCESS
[2026-08-11 18:40:58] [LAW] Law "law-5" applied to "object-5" - SUCCESS
[2026-08-11 18:40:58] [LAW] Law "law-5" applied to "object-5" - SUCCESS
[2026-08-11 18:40:58] [LAW] Law "law-5" applied to "object-5" - SUCCESS
[2026-08-11 18:40:58] [LAW] Law "law-5" applied to "object-5" - SUCCESS
[2026-08-11 18:40:58] [LAW] Law "law-5" applied to "object-5" - SUCCESS
[2026-08-11 18:40:58] [LAW] Law "law-5" applied to "object-5" - SUCCESS
[2026-08-11 18:40:58] [LAW] Law "law-5" applied to "object-5" - SUCCESS
[2026-08-11 18:40:58] [LAW] Law "law-5" applied to "object-5" - SUCCESS
[2026-08-11 18:40:58] [LAW] Law "law-5" applied to "object-5" - SUCCESS
[2026-08-11 18:40:58] [LAW] Law "law-5" applied to "object-5" - SUCCESS
[2026-08-11 18:40:58] [LAW] Law "law-5" applied to "object-5" - SUCCESS
[2026-08-11 18:40:58] [LAW] Law "law-5" applied to "object-5" - SUCCESS
[2026-08-11 18:40:58] [LAW] Law "law-5" applied to "object-5" - SUCCESS
[2026-08-11 18:40:58] [LAW] Law "law-5" applied to "object-5" - SUCCESS
[2026-08-11 18:40:58] [LAW] Law "law-5" applied to "object-5" - SUCCESS
[2026-08-11 18:40:58] [LAW] Law "law-5" applied to "object-5" - SUCCESS
[2026-08-11 18:40:58] [LAW] Law "law-5" applied to "object-5" - SUCCESS
[2026-08-11 18:40:58] [LAW] Law "law-5" applied to "object-5" - SUCCESS
[2026-08-11 18:40:58] [LAW] Law "law-5" applied to "object-5" - SUCCESS
[2026-08-11 18:40:58] [LAW] Law "law-5" applied to "object-5" - SUCCESS
[2026-08-11 18:40:58] [LAW] Law "law-5" applied to "object-5" - SUCCESS
[2026-08-11 18:40:58] [LAW] Law "law-5" applied to "object-5" - SUCCESS
[2026-08-11 18:40:58] [LAW] Law "law-5" applied to "object-5" - SUCCESS
[2026-08-11 18:40:58] [LAW] Law "law-5" applied to "object-5" - SUCCESS
[2026-08-11 18:40:58] [LAW] Law "law-5" applied to "object-5" - SUCCESS
[2026-08-11 18:40:58] [LAW] Law "law-5" applied to "object-5" - SUCCESS
[2026-08-11 18:40:58] [LAW] Law "law-5" applied to "object-5" - SUCCESS
[2026-08-11 18:40:58] [LAW] Law "law-5" applied to "object-5" - SUCCESS
[2026-08-11 18:40:58] [LAW] Law "law-5" applied to "object-5" - SUCCESS
[2026-08-11 18:40:58] [LAW] Law "law-5" applied to "object-5" - SUCCESS
[2026-08-11 18:40:58] [LAW] Law "law-5" applied to "object-5" - SUCCESS
[2026-08-11 18:40:58] [LAW] Law "law-5" applied to "object-5" - SUCCESS
[2026-08-11 18:40:58] [LAW] Law "law-5" applied to "object-5" - SUCCESS
[2026-08-11 18:40:58] [EVENT] Event "concept-registered" triggered (Subject: concept-1, Object: null)
[2026-08-11 18:40:58] [EVENT] Event "relation-formed" triggered (Subject: law-1-authored-by-Player, Object: null)
[2026-08-11 18:40:58] [EVENT] Event "law-registered" triggered (Subject: law-1, Object: null)
[2026-08-11 18:40:58] [EVENT] Event "onMouseClicked" triggered (Subject: Player, Object: null)
[2026-08-11 18:40:58] [LAW] Law "law-1" applied to "Player" - CONDITIONS FAILED
[2026-08-11 18:40:58] [EVENT] Event "onMouseClicked" triggered (Subject: Player, Object: null)
[2026-08-11 18:40:58] [LAW] Law "law-1" applied to "Player" - CONDITIONS FAILED
[2026-08-11 18:40:58] [EVENT] Event "onMouseClicked" triggered (Subject: Player, Object: null)
[2026-08-11 18:40:58] [EVENT] Event "relation-formed" triggered (Subject: object-6-generated-from-concept-1, Object: null)
[2026-08-11 18:40:58] [EVENT] Event "concept-instantiated" triggered (Subject: concept-1, Object: null)
[2026-08-11 18:40:58] [EVENT] Event "object-created" triggered (Subject: object-6, Object: Player)
[2026-08-11 18:40:58] [LAW] Law "law-1" applied to "Player" - SUCCESS
[2026-08-11 18:40:58] [EVENT] Event "onMouseClicked" triggered (Subject: Player, Object: null)
[2026-08-11 18:40:58] [EVENT] Event "relation-formed" triggered (Subject: object-7-generated-from-concept-1, Object: null)
[2026-08-11 18:40:58] [EVENT] Event "concept-instantiated" triggered (Subject: concept-1, Object: null)
[2026-08-11 18:40:58] [EVENT] Event "object-created" triggered (Subject: object-7, Object: Player)
[2026-08-11 18:40:58] [LAW] Law "law-1" applied to "Player" - SUCCESS
[2026-08-11 18:40:58] [EVENT] Event "onMouseClicked" triggered (Subject: Player, Object: null)
[2026-08-11 18:40:58] [EVENT] Event "relation-formed" triggered (Subject: object-8-generated-from-concept-1, Object: null)
[2026-08-11 18:40:58] [EVENT] Event "concept-instantiated" triggered (Subject: concept-1, Object: null)
[2026-08-11 18:40:58] [EVENT] Event "object-created" triggered (Subject: object-8, Object: Player)
[2026-08-11 18:40:58] [LAW] Law "law-1" applied to "Player" - SUCCESS
[2026-08-11 18:40:58] [EVENT] Event "onMouseClicked" triggered (Subject: Player, Object: null)
[2026-08-11 18:40:58] [EVENT] Event "relation-formed" triggered (Subject: object-9-generated-from-concept-1, Object: null)
[2026-08-11 18:40:58] [EVENT] Event "concept-instantiated" triggered (Subject: concept-1, Object: null)
[2026-08-11 18:40:58] [EVENT] Event "object-created" triggered (Subject: object-9, Object: Player)
[2026-08-11 18:40:58] [LAW] Law "law-1" applied to "Player" - SUCCESS
[2026-08-11 18:40:58] [EVENT] Event "onMouseClicked" triggered (Subject: Player, Object: null)
[2026-08-11 18:40:58] [EVENT] Event "relation-formed" triggered (Subject: object-10-generated-from-concept-1, Object: null)
[2026-08-11 18:40:58] [EVENT] Event "concept-instantiated" triggered (Subject: concept-1, Object: null)
[2026-08-11 18:40:58] [EVENT] Event "object-created" triggered (Subject: object-10, Object: Player)
[2026-08-11 18:40:58] [LAW] Law "law-1" applied to "Player" - SUCCESS
[2026-08-11 18:40:58] [EVENT] Event "relation-formed" triggered (Subject: law-1-authored-by-Player, Object: null)
[2026-08-11 18:40:58] [EVENT] Event "relation-formed" triggered (Subject: law-1-authored-by-Player, Object: null)
[2026-08-11 18:40:58] [EVENT] Event "law-registered" triggered (Subject: law-1, Object: null)
[2026-08-11 18:40:58] [EVENT] Event "law-registered" triggered (Subject: law-1, Object: null)
[2026-08-11 18:40:58] [EVENT] Event "onMouseClicked" triggered (Subject: Player, Object: null)
[2026-08-11 18:40:58] [EVENT] Event "onMouseClicked" triggered (Subject: Player, Object: null)
[2026-08-11 18:40:58] [EVENT] Event "relation-formed" triggered (Subject: object-12-generated-from-concept-1, Object: null)
[2026-08-11 18:40:58] [EVENT] Event "relation-formed" triggered (Subject: object-12-generated-from-concept-1, Object: null)
[2026-08-11 18:40:58] [EVENT] Event "concept-instantiated" triggered (Subject: concept-1, Object: null)
[2026-08-11 18:40:58] [EVENT] Event "concept-instantiated" triggered (Subject: concept-1, Object: null)
[2026-08-11 18:40:58] [EVENT] Event "object-created" triggered (Subject: object-12, Object: Player)
[2026-08-11 18:40:58] [EVENT] Event "object-created" triggered (Subject: object-12, Object: Player)
[2026-08-11 18:40:58] [LAW] Law "law-1" applied to "Player" - SUCCESS
[2026-08-11 18:40:58] [EVENT] Event "relation-formed" triggered (Subject: law-1-authored-by-object-3, Object: null)
[2026-08-11 18:40:58] [EVENT] Event "law-registered" triggered (Subject: law-1, Object: null)
[2026-08-11 18:40:58] [EVENT] Event "enters-world" triggered (Subject: object-5, Object: null)
[2026-08-11 18:40:58] [LAW] Law "law-1" applied to "object-5" - SUCCESS
[2026-08-11 18:40:58] [EVENT] Event "law-applied" triggered (Subject: object-5, Object: null)
[2026-08-11 18:40:58] [EVENT] Event "relation-formed" triggered (Subject: law-2-authored-by-object-3, Object: null)
[2026-08-11 18:40:58] [EVENT] Event "law-registered" triggered (Subject: law-2, Object: null)
[2026-08-11 18:40:58] [EVENT] Event "enters-world" triggered (Subject: object-5, Object: null)
[2026-08-11 18:40:58] [LAW] Law "law-1" applied to "object-5" - SUCCESS
[2026-08-11 18:40:58] [EVENT] Event "law-applied" triggered (Subject: object-5, Object: null)
[2026-08-11 18:40:58] [LAW] Law "law-2" applied to "object-5" - SUCCESS
[2026-08-11 18:40:58] [EVENT] Event "law-applied" triggered (Subject: object-5, Object: null)
[2026-08-11 18:40:58] [LAW] Law "law-2" applied to "object-5" - SUCCESS
[2026-08-11 18:40:58] [EVENT] Event "law-applied" triggered (Subject: object-5, Object: null)
[2026-08-11 18:40:58] [LAW] Law "law-2" applied to "object-5" - SUCCESS
[2026-08-11 18:40:58] [EVENT] Event "law-applied" triggered (Subject: object-5, Object: null)
[2026-08-11 18:40:58] [LAW] Law "law-2" applied to "object-5" - SUCCESS
[2026-08-11 18:40:58] [EVENT] Event "law-applied" triggered (Subject: object-5, Object: null)
[2026-08-11 18:40:58] [LAW] Law "law-2" applied to "object-5" - SUCCESS
[2026-08-11 18:40:58] [EVENT] Event "law-applied" triggered (Subject: object-5, Object: null)
[2026-08-11 18:40:58] [LAW] Law "law-2" applied to "object-5" - SUCCESS
[2026-08-11 18:40:58] [EVENT] Event "law-applied" triggered (Subject: object-5, Object: null)
[2026-08-11 18:40:58] [LAW] Law "law-2" applied to "object-5" - SUCCESS
[2026-08-11 18:40:58] [EVENT] Event "law-applied" triggered (Subject: object-5, Object: null)
[2026-08-11 18:40:58] [EVENT] Event "enters-world" triggered (Subject: object-5, Object: null)
[2026-08-11 18:40:58] [LAW] Law "law-1" applied to "object-5" - SUCCESS
[2026-08-11 18:40:58] [EVENT] Event "law-applied" triggered (Subject: object-5, Object: null)
[2026-08-11 18:40:58] [LAW] Law "law-1" applied to "object-4" - SUCCESS
[2026-08-11 18:40:58] [LAW] Law "law-1" applied to "object-4" - SUCCESS
[2026-08-11 18:40:58] [LAW] Law "law-2" applied to "object-5" - SUCCESS
[2026-08-11 18:40:58] [LAW] Law "law-2" applied to "object-5" - SUCCESS
[2026-08-11 18:40:58] [LAW] Law "law-4" applied to "object-9" - SUCCESS
[2026-08-11 18:40:58] [EVENT] Event "relation-formed" triggered (Subject: law-5-authored-by-object-3, Object: null)
[2026-08-11 18:40:58] [EVENT] Event "law-registered" triggered (Subject: law-5, Object: null)
[2026-08-11 18:40:58] [EVENT] Event "raise-signal" triggered (Subject: object-4, Object: null)
[2026-08-11 18:40:58] [LAW] Law "law-5" applied to "object-4" - SUCCESS
[2026-08-11 18:40:58] [EVENT] Event "law-applied" triggered (Subject: object-4, Object: null)
[2026-08-11 18:40:58] [LAW] Law "law-5" applied to "object-5" - SUCCESS
[2026-08-11 18:40:58] [EVENT] Event "law-applied" triggered (Subject: object-5, Object: null)
[2026-08-11 18:40:58] [EVENT] Event "relation-formed" triggered (Subject: law-7-authored-by-object-3, Object: null)
[2026-08-11 18:40:58] [EVENT] Event "law-registered" triggered (Subject: law-7, Object: null)
[2026-08-11 18:40:58] [LAW] Law "law-7" applied to "object-5" - SUCCESS
[2026-08-11 18:40:58] [EVENT] Event "law-applied" triggered (Subject: object-5, Object: null)
[2026-08-11 18:40:58] [EVENT] Event "relation-formed" triggered (Subject: law-4-authored-by-object-3, Object: null)
[2026-08-11 18:40:58] [EVENT] Event "relation-formed" triggered (Subject: law-4-targets-object-15, Object: null)
[2026-08-11 18:40:58] [LAW] Law "law-4" applied to "object-15" - SUCCESS
[2026-08-11 18:40:58] [EVENT] Event "law-applied" triggered (Subject: object-15, Object: null)
[2026-08-11 18:40:58] [EVENT] Event "relation-formed" triggered (Subject: object-4-touching-object-5, Object: null)
[2026-08-11 18:40:58] [EVENT] Event "relation-formed" triggered (Subject: object-4-owns-object-9, Object: null)
[2026-08-11 18:40:58] [EVENT] Event "relation-formed" triggered (Subject: law-9-authored-by-object-3, Object: null)
[2026-08-11 18:40:58] [EVENT] Event "law-registered" triggered (Subject: law-9, Object: null)
[2026-08-11 18:40:58] [EVENT] Event "relation-formed" triggered (Subject: law-9-targets-object-4, Object: null)
[2026-08-11 18:40:58] [EVENT] Event "relation-formed" triggered (Subject: law-10-authored-by-object-3, Object: null)
[2026-08-11 18:40:58] [EVENT] Event "law-registered" triggered (Subject: law-10, Object: null)
[2026-08-11 18:40:58] [EVENT] Event "contact-perceived" triggered (Subject: object-4, Object: object-5)
[2026-08-11 18:40:58] [LAW] Law "law-9" applied to "object-4" - SUCCESS
[2026-08-11 18:40:58] [EVENT] Event "law-applied" triggered (Subject: object-4, Object: null)
[2026-08-11 18:40:58] [LAW] Law "law-10" applied to "object-4" - SUCCESS
[2026-08-11 18:40:58] [EVENT] Event "law-applied" triggered (Subject: object-4, Object: null)
[2026-08-11 18:40:58] [LAW] Law "law-9" applied to "object-4" - CONDITIONS FAILED
[2026-08-11 18:40:58] [LAW] Law "law-9" applied to "object-4" - CONDITIONS FAILED
[2026-08-11 18:40:58] [LAW] Law "law-9" applied to "object-4" - CONDITIONS FAILED
[2026-08-11 18:40:58] [LAW] Law "law-9" applied to "object-4" - CONDITIONS FAILED
[2026-08-11 18:40:58] [EVENT] Event "relation-formed" triggered (Subject: law-11-authored-by-object-3, Object: null)
[2026-08-11 18:40:58] [LAW] Law "law-11" applied to "object-4" - NO EFFECT (Publish: unproven subject: no-such-being)
[2026-08-11 18:40:58] [EVENT] Event "law-applied" triggered (Subject: object-4, Object: null)
[2026-08-11 18:46:37] [LAW] Law "law-1" applied to "object-5" - SUCCESS
[2026-08-11 18:46:37] [LAW] Law "law-1" applied to "object-6" - CONDITIONS FAILED
[2026-08-11 18:46:37] [LAW] Law "law-1" applied to "object-8" - SUCCESS
[2026-08-11 18:46:37] [LAW] Law "law-1" applied to "object-9" - CONDITIONS FAILED
[2026-08-11 18:46:37] [LAW] Law "law-3" applied to "object-11" - SUCCESS
[2026-08-11 18:46:37] [LAW] Law "law-4" applied to "object-13" - NO EFFECT (Map: outside the authored bounds)
[2026-08-11 18:46:37] [LAW] Law "law-5" applied to "object-15" - SUCCESS
[2026-08-11 18:46:37] [LAW] Law "law-6" applied to "object-17" - SUCCESS
[2026-08-11 18:46:37] [LAW] Law "law-7" applied to "object-20" - SUCCESS
[2026-08-11 18:46:37] [LAW] Law "law-8" applied to "object-22" - SUCCESS
[2026-08-11 18:46:37] [LAW] Law "law-9" applied to "object-27" - SUCCESS
[2026-08-11 18:46:38] [EVENT] Event "law-registered" triggered (Subject: law-1, Object: null)
[2026-08-11 18:46:38] [EVENT] Event "birth-signal" triggered (Subject: World, Object: null)
[2026-08-11 18:46:38] [EVENT] Event "relation-formed" triggered (Subject: law-1-authored-by-object-3, Object: null)
[2026-08-11 18:46:38] [EVENT] Event "birth-signal" triggered (Subject: World, Object: null)
[2026-08-11 18:46:38] [EVENT] Event "relation-formed" triggered (Subject: object-14-generated-from-concept-1, Object: null)
[2026-08-11 18:46:38] [EVENT] Event "relation-formed" triggered (Subject: object-15-generated-from-concept-1, Object: null)
[2026-08-11 18:46:38] [EVENT] Event "concept-instantiated" triggered (Subject: concept-1, Object: null)
[2026-08-11 18:46:38] [EVENT] Event "object-created" triggered (Subject: object-14, Object: World)
[2026-08-11 18:46:38] [EVENT] Event "object-created" triggered (Subject: object-15, Object: World)
[2026-08-11 18:46:38] [LAW] Law "law-1" applied to "World" - SUCCESS
[2026-08-11 18:46:38] [EVENT] Event "law-applied" triggered (Subject: World, Object: null)
[2026-08-11 18:46:38] [EVENT] Event "relation-formed" triggered (Subject: concept-3-abstracted-from-object-16, Object: null)
[2026-08-11 18:46:38] [EVENT] Event "relation-formed" triggered (Subject: concept-3-authored-by-object-3, Object: null)
[2026-08-11 18:46:38] [EVENT] Event "relation-formed" triggered (Subject: object-18-generated-from-concept-3, Object: null)
[2026-08-11 18:46:38] [EVENT] Event "concept-instantiated" triggered (Subject: concept-3, Object: null)
[2026-08-11 18:46:38] [EVENT] Event "relation-formed" triggered (Subject: object-19-generated-from-concept-3, Object: null)
[2026-08-11 18:46:38] [EVENT] Event "concept-instantiated" triggered (Subject: concept-3, Object: null)
[2026-08-11 18:46:38] [EVENT] Event "relation-formed" triggered (Subject: law-2-authored-by-object-3, Object: null)
[2026-08-11 18:46:38] [EVENT] Event "law-registered" triggered (Subject: law-2, Object: null)
[2026-08-11 18:46:38] [LAW] Law "law-2" applied to "object-16" - SUCCESS
[2026-08-11 18:46:38] [EVENT] Event "law-applied" triggered (Subject: object-16, Object: null)
[2026-08-11 18:46:38] [EVENT] Event "relation-formed" triggered (Subject: concept-5-abstracted-from-object-16, Object: null)
[2026-08-11 18:46:38] [EVENT] Event "relation-formed" triggered (Subject: concept-5-authored-by-object-3, Object: null)
[2026-08-11 18:46:38] [EVENT] Event "relation-formed" triggered (Subject: object-23-generated-from-concept-5, Object: null)
[2026-08-11 18:46:38] [EVENT] Event "concept-instantiated" triggered (Subject: concept-5, Object: null)
[2026-08-11 18:46:38] [EVENT] Event "relation-formed" triggered (Subject: law-3-authored-by-object-3, Object: null)
[2026-08-11 18:46:38] [EVENT] Event "law-registered" triggered (Subject: law-3, Object: null)
[2026-08-11 18:46:38] [LAW] Law "law-3" applied to "object-16" - SUCCESS
[2026-08-11 18:46:38] [EVENT] Event "law-applied" triggered (Subject: object-16, Object: null)
[2026-08-11 18:46:38] [EVENT] Event "relation-formed" triggered (Subject: object-25-generated-from-concept-5, Object: null)
[2026-08-11 18:46:38] [EVENT] Event "concept-instantiated" triggered (Subject: concept-5, Object: null)
[2026-08-11 18:46:38] [EVENT] Event "relation-formed" triggered (Subject: law-4-authored-by-object-3, Object: null)
[2026-08-11 18:46:38] [EVENT] Event "law-registered" triggered (Subject: law-4, Object: null)
[2026-08-11 18:46:38] [LAW] Law "law-4" applied to "object-16" - NO EFFECT (Set: Read Only)
[2026-08-11 18:46:38] [EVENT] Event "law-applied" triggered (Subject: object-16, Object: null)
[2026-08-11 18:46:38] [EVENT] Event "relation-formed" triggered (Subject: object-27-attached-to-object-28, Object: null)
[2026-08-11 18:46:38] [EVENT] Event "relation-formed" triggered (Subject: concept-6-abstracted-from-object-27, Object: null)
[2026-08-11 18:46:38] [EVENT] Event "relation-formed" triggered (Subject: concept-6-abstracted-from-object-28, Object: null)
[2026-08-11 18:46:38] [EVENT] Event "relation-formed" triggered (Subject: concept-6-authored-by-object-3, Object: null)
[2026-08-11 18:46:38] [EVENT] Event "relation-formed" triggered (Subject: object-30-generated-from-concept-6, Object: null)
[2026-08-11 18:46:38] [EVENT] Event "relation-formed" triggered (Subject: object-31-generated-from-concept-6, Object: null)
[2026-08-11 18:46:38] [EVENT] Event "relation-formed" triggered (Subject: object-30-attached-to-object-31, Object: null)
[2026-08-11 18:46:38] [EVENT] Event "concept-instantiated" triggered (Subject: concept-6, Object: null)
[2026-08-11 18:46:38] [LAW] Law "law-1" applied to "object-5" - CONDITIONS FAILED
[2026-08-11 18:46:38] [LAW] Law "law-1" applied to "object-5" - SUCCESS
[2026-08-11 18:46:38] [LAW] Law "law-1" applied to "object-5" - SUCCESS
[2026-08-11 18:46:38] [LAW] Law "law-2" applied to "object-8" - NO ACTIONS
[2026-08-11 18:46:38] [LAW] Law "law-1" applied to "object-4" - SUCCESS
[2026-08-11 18:46:38] [LAW] Law "law-1" applied to "World" - NO EFFECT (Destroy: only Objects can be unmade today)
[2026-08-11 18:46:38] [LAW] Law "law-2" applied to "object-6" - NO EFFECT (Set: No Such Property)
[2026-08-11 18:46:38] [LAW] Law "law-3" applied to "object-6" - SUCCESS
[2026-08-11 18:46:38] [LAW] Law "law-4" applied to "object-10" - NO EFFECT (Set: No Such Property)
[2026-08-11 18:46:38] [LAW] Law "law-11" applied to "object-22" - SUCCESS
[2026-08-11 18:46:38] [LAW] Law "law-12" applied to "object-26" - SUCCESS
[2026-08-11 18:46:38] [LAW] Law "law-12" applied to "object-26" - SUCCESS
[2026-08-11 18:46:38] [LAW] Law "law-12" applied to "object-26" - SUCCESS
[2026-08-11 18:46:38] [LAW] Law "law-12" applied to "object-26" - SUCCESS
[2026-08-11 18:46:38] [LAW] Law "law-13" applied to "object-26" - NO EFFECT (Flow: cannot read objectType)
[2026-08-11 18:46:38] [LAW] Law "law-2" applied to "law-1" - SUCCESS
[2026-08-11 18:46:38] [LAW] Law "law-3" applied to "law-1" - SUCCESS
[2026-08-11 18:46:38] [LAW] Law "law-5" applied to "law-4" - SUCCESS
[2026-08-11 18:46:38] [LAW] Law "law-7" applied to "object-12" - SUCCESS
[2026-08-11 18:46:38] [LAW] Law "law-7" applied to "object-14" - SUCCESS
[2026-08-11 18:46:38] [LAW] Law "law-9" applied to "object-17" - SUCCESS
[2026-08-11 18:46:38] [LAW] Law "law-10" applied to "object-17" - SUCCESS
[2026-08-11 18:46:38] [LAW] Law "law-9" applied to "object-17" - SUCCESS
[2026-08-11 18:46:38] [LAW] Law "law-10" applied to "object-17" - SUCCESS
[2026-08-11 18:46:38] [LAW] Law "law-9" applied to "object-17" - SUCCESS
[2026-08-11 18:46:38] [LAW] Law "law-10" applied to "object-17" - SUCCESS
[2026-08-11 18:46:38] [LAW] Law "law-9" applied to "object-17" - SUCCESS
[2026-08-11 18:46:38] [LAW] Law "law-10" applied to "object-17" - SUCCESS
[2026-08-11 18:46:38] [LAW] Law "law-9" applied to "object-17" - SUCCESS
[2026-08-11 18:46:38] [LAW] Law "law-10" applied to "object-17" - SUCCESS
[2026-08-11 18:46:38] [LAW] Law "law-9" applied to "object-17" - SUCCESS
[2026-08-11 18:46:38] [LAW] Law "law-10" applied to "object-17" - SUCCESS
[2026-08-11 18:46:38] [LAW] Law "law-9" applied to "object-17" - SUCCESS
[2026-08-11 18:46:38] [LAW] Law "law-10" applied to "object-17" - SUCCESS
[2026-08-11 18:46:38] [LAW] Law "law-9" applied to "object-17" - SUCCESS
[2026-08-11 18:46:38] [LAW] Law "law-10" applied to "object-17" - SUCCESS
[2026-08-11 18:46:38] [LAW] Law "law-9" applied to "object-17" - SUCCESS
[2026-08-11 18:46:38] [LAW] Law "law-10" applied to "object-17" - SUCCESS
[2026-08-11 18:46:38] [LAW] Law "law-9" applied to "object-17" - SUCCESS
[2026-08-11 18:46:38] [LAW] Law "law-10" applied to "object-17" - SUCCESS
[2026-08-11 18:46:38] [LAW] Law "law-9" applied to "object-17" - SUCCESS
[2026-08-11 18:46:38] [LAW] Law "law-10" applied to "object-17" - SUCCESS
[2026-08-11 18:46:38] [LAW] Law "law-9" applied to "object-17" - SUCCESS
[2026-08-11 18:46:38] [LAW] Law "law-10" applied to "object-17" - SUCCESS
[2026-08-11 18:46:38] [LAW] Law "law-9" applied to "object-17" - SUCCESS
[2026-08-11 18:46:38] [LAW] Law "law-10" applied to "object-17" - SUCCESS
[2026-08-11 18:46:38] [LAW] Law "law-9" applied to "object-17" - SUCCESS
[2026-08-11 18:46:38] [LAW] Law "law-10" applied to "object-17" - SUCCESS
[2026-08-11 18:46:38] [LAW] Law "law-9" applied to "object-17" - SUCCESS
[2026-08-11 18:46:38] [LAW] Law "law-10" applied to "object-17" - SUCCESS
[2026-08-11 18:46:38] [LAW] Law "law-9" applied to "object-17" - SUCCESS
[2026-08-11 18:46:38] [LAW] Law "law-10" applied to "object-17" - SUCCESS
[2026-08-11 18:46:38] [LAW] Law "law-9" applied to "object-17" - SUCCESS
[2026-08-11 18:46:38] [LAW] Law "law-10" applied to "object-17" - SUCCESS
[2026-08-11 18:46:38] [LAW] Law "law-9" applied to "object-17" - SUCCESS
[2026-08-11 18:46:38] [LAW] Law "law-10" applied to "object-17" - SUCCESS
[2026-08-11 18:46:38] [LAW] Law "law-9" applied to "object-17" - SUCCESS
[2026-08-11 18:46:38] [LAW] Law "law-10" applied to "object-17" - SUCCESS
[2026-08-11 18:46:38] [LAW] Law "law-9" applied to "object-17" - SUCCESS
[2026-08-11 18:46:38] [LAW] Law "law-10" applied to "object-17" - SUCCESS
[2026-08-11 18:46:38] [LAW] Law "law-9" applied to "object-17" - SUCCESS
[2026-08-11 18:46:38] [LAW] Law "law-10" applied to "object-17" - SUCCESS
[2026-08-11 18:46:38] [LAW] Law "law-9" applied to "object-17" - SUCCESS
[2026-08-11 18:46:38] [LAW] Law "law-10" applied to "object-17" - SUCCESS
[2026-08-11 18:46:38] [LAW] Law "law-9" applied to "object-17" - SUCCESS
[2026-08-11 18:46:38] [LAW] Law "law-10" applied to "object-17" - SUCCESS
[2026-08-11 18:46:38] [LAW] Law "law-9" applied to "object-17" - SUCCESS
[2026-08-11 18:46:38] [LAW] Law "law-10" applied to "object-17" - SUCCESS
[2026-08-11 18:46:38] [LAW] Law "law-9" applied to "object-17" - SUCCESS
[2026-08-11 18:46:38] [LAW] Law "law-10" applied to "object-17" - SUCCESS
[2026-08-11 18:46:38] [LAW] Law "law-9" applied to "object-17" - SUCCESS
[2026-08-11 18:46:38] [LAW] Law "law-10" applied to "object-17" - SUCCESS
[2026-08-11 18:46:38] [LAW] Law "law-9" applied to "object-17" - SUCCESS
[2026-08-11 18:46:38] [LAW] Law "law-10" applied to "object-17" - SUCCESS
[2026-08-11 18:46:38] [LAW] Law "law-9" applied to "object-17" - SUCCESS
[2026-08-11 18:46:38] [LAW] Law "law-10" applied to "object-17" - SUCCESS
[2026-08-11 18:46:38] [LAW] Law "law-9" applied to "object-17" - SUCCESS
[2026-08-11 18:46:38] [LAW] Law "law-10" applied to "object-17" - SUCCESS
[2026-08-11 18:46:38] [LAW] Law "law-9" applied to "object-17" - SUCCESS
[2026-08-11 18:46:38] [LAW] Law "law-10" applied to "object-17" - SUCCESS
[2026-08-11 18:46:38] [LAW] Law "law-9" applied to "object-17" - SUCCESS
[2026-08-11 18:46:38] [LAW] Law "law-10" applied to "object-17" - SUCCESS
[2026-08-11 18:46:38] [LAW] Law "law-9" applied to "object-17" - SUCCESS
[2026-08-11 18:46:38] [LAW] Law "law-10" applied to "object-17" - SUCCESS
[2026-08-11 18:46:38] [LAW] Law "law-9" applied to "object-17" - SUCCESS
[2026-08-11 18:46:38] [LAW] Law "law-10" applied to "object-17" - SUCCESS
[2026-08-11 18:46:38] [LAW] Law "law-9" applied to "object-17" - SUCCESS
[2026-08-11 18:46:38] [LAW] Law "law-10" applied to "object-17" - SUCCESS
[2026-08-11 18:46:38] [LAW] Law "law-9" applied to "object-17" - SUCCESS
[2026-08-11 18:46:38] [LAW] Law "law-10" applied to "object-17" - SUCCESS
[2026-08-11 18:46:38] [LAW] Law "law-9" applied to "object-17" - SUCCESS
[2026-08-11 18:46:38] [LAW] Law "law-10" applied to "object-17" - SUCCESS
[2026-08-11 18:46:38] [LAW] Law "law-9" applied to "object-17" - SUCCESS
[2026-08-11 18:46:38] [LAW] Law "law-10" applied to "object-17" - SUCCESS
[2026-08-11 18:46:38] [LAW] Law "law-9" applied to "object-17" - SUCCESS
[2026-08-11 18:46:38] [LAW] Law "law-10" applied to "object-17" - SUCCESS
[2026-08-11 18:46:38] [LAW] Law "law-9" applied to "object-17" - SUCCESS
[2026-08-11 18:46:38] [LAW] Law "law-10" applied to "object-17" - SUCCESS
[2026-08-11 18:46:38] [LAW] Law "law-9" applied to "object-17" - SUCCESS
[2026-08-11 18:46:38] [LAW] Law "law-10" applied to "object-17" - SUCCESS
[2026-08-11 18:46:38] [LAW] Law "law-9" applied to "object-17" - SUCCESS
[2026-08-11 18:46:38] [LAW] Law "law-10" applied to "object-17" - SUCCESS
[2026-08-11 18:46:38] [LAW] Law "law-9" applied to "object-17" - SUCCESS
[2026-08-11 18:46:38] [LAW] Law "law-10" applied to "object-17" - SUCCESS
[2026-08-11 18:46:38] [LAW] Law "law-9" applied to "object-17" - SUCCESS
[2026-08-11 18:46:38] [LAW] Law "law-10" applied to "object-17" - SUCCESS
[2026-08-11 18:46:38] [LAW] Law "law-9" applied to "object-17" - SUCCESS
[2026-08-11 18:46:38] [LAW] Law "law-10" applied to "object-17" - SUCCESS
[2026-08-11 18:46:38] [LAW] Law "law-9" applied to "object-17" - SUCCESS
[2026-08-11 18:46:38] [LAW] Law "law-10" applied to "object-17" - SUCCESS
[2026-08-11 18:46:38] [LAW] Law "law-9" applied to "object-17" - SUCCESS
[2026-08-11 18:46:38] [LAW] Law "law-10" applied to "object-17" - SUCCESS
[2026-08-11 18:46:38] [LAW] Law "law-9" applied to "object-17" - SUCCESS
[2026-08-11 18:46:38] [LAW] Law "law-10" applied to "object-17" - SUCCESS
[2026-08-11 18:46:38] [LAW] Law "law-9" applied to "object-17" - SUCCESS
[2026-08-11 18:46:38] [LAW] Law "law-10" applied to "object-17" - SUCCESS
[2026-08-11 18:46:38] [LAW] Law "law-9" applied to "object-17" - SUCCESS
[2026-08-11 18:46:38] [LAW] Law "law-10" applied to "object-17" - SUCCESS
[2026-08-11 18:46:38] [LAW] Law "law-9" applied to "object-17" - SUCCESS
[2026-08-11 18:46:38] [LAW] Law "law-10" applied to "object-17" - SUCCESS
[2026-08-11 18:46:38] [LAW] Law "law-9" applied to "object-17" - SUCCESS
[2026-08-11 18:46:38] [LAW] Law "law-10" applied to "object-17" - SUCCESS
[2026-08-11 18:46:38] [LAW] Law "law-9" applied to "object-17" - SUCCESS
[2026-08-11 18:46:38] [LAW] Law "law-10" applied to "object-17" - SUCCESS
[2026-08-11 18:46:38] [LAW] Law "law-9" applied to "object-17" - SUCCESS
[2026-08-11 18:46:38] [LAW] Law "law-10" applied to "object-17" - SUCCESS
[2026-08-11 18:46:38] [LAW] Law "law-9" applied to "object-17" - SUCCESS
[2026-08-11 18:46:38] [LAW] Law "law-10" applied to "object-17" - SUCCESS
[2026-08-11 18:46:38] [LAW] Law "law-9" applied to "object-17" - SUCCESS
[2026-08-11 18:46:38] [LAW] Law "law-10" applied to "object-17" - SUCCESS
[2026-08-11 18:46:38] [LAW] Law "law-9" applied to "object-17" - SUCCESS
[2026-08-11 18:46:38] [LAW] Law "law-10" applied to "object-17" - SUCCESS
[2026-08-11 18:46:38] [LAW] Law "law-9" applied to "object-17" - SUCCESS
[2026-08-11 18:46:38] [LAW] Law "law-10" applied to "object-17" - SUCCESS
[2026-08-11 18:46:38] [LAW] Law "law-9" applied to "object-17" - SUCCESS
[2026-08-11 18:46:38] [LAW] Law "law-10" applied to "object-17" - SUCCESS
[2026-08-11 18:46:38] [LAW] Law "law-9" applied to "object-17" - SUCCESS
[2026-08-11 18:46:38] [LAW] Law "law-10" applied to "object-17" - SUCCESS
[2026-08-11 18:46:38] [LAW] Law "law-9" applied to "object-17" - SUCCESS
[2026-08-11 18:46:38] [LAW] Law "law-10" applied to "object-17" - SUCCESS
[2026-08-11 18:46:38] [LAW] Law "law-9" applied to "object-17" - SUCCESS
[2026-08-11 18:46:38] [LAW] Law "law-10" applied to "object-17" - SUCCESS
[2026-08-11 18:46:38] [LAW] Law "law-9" applied to "object-17" - SUCCESS
[2026-08-11 18:46:38] [LAW] Law "law-10" applied to "object-17" - SUCCESS
[2026-08-11 18:46:38] [LAW] Law "law-9" applied to "object-17" - SUCCESS
[2026-08-11 18:46:38] [LAW] Law "law-10" applied to "object-17" - SUCCESS
[2026-08-11 18:46:38] [LAW] Law "law-9" applied to "object-17" - SUCCESS
[2026-08-11 18:46:38] [LAW] Law "law-10" applied to "object-17" - SUCCESS
[2026-08-11 18:46:38] [LAW] Law "law-9" applied to "object-17" - SUCCESS
[2026-08-11 18:46:38] [LAW] Law "law-10" applied to "object-17" - SUCCESS
[2026-08-11 18:46:38] [LAW] Law "law-9" applied to "object-17" - SUCCESS
[2026-08-11 18:46:38] [LAW] Law "law-10" applied to "object-17" - SUCCESS
[2026-08-11 18:46:38] [LAW] Law "law-9" applied to "object-17" - SUCCESS
[2026-08-11 18:46:38] [LAW] Law "law-10" applied to "object-17" - SUCCESS
[2026-08-11 18:46:38] [LAW] Law "law-9" applied to "object-17" - SUCCESS
[2026-08-11 18:46:38] [LAW] Law "law-10" applied to "object-17" - SUCCESS
[2026-08-11 18:46:38] [LAW] Law "law-9" applied to "object-17" - SUCCESS
[2026-08-11 18:46:38] [LAW] Law "law-10" applied to "object-17" - SUCCESS
[2026-08-11 18:46:38] [LAW] Law "law-9" applied to "object-17" - SUCCESS
[2026-08-11 18:46:38] [LAW] Law "law-10" applied to "object-17" - SUCCESS
[2026-08-11 18:46:38] [LAW] Law "law-9" applied to "object-17" - SUCCESS
[2026-08-11 18:46:38] [LAW] Law "law-10" applied to "object-17" - SUCCESS
[2026-08-11 18:46:38] [LAW] Law "law-9" applied to "object-17" - SUCCESS
[2026-08-11 18:46:38] [LAW] Law "law-10" applied to "object-17" - SUCCESS
[2026-08-11 18:46:38] [LAW] Law "law-9" applied to "object-17" - SUCCESS
[2026-08-11 18:46:38] [LAW] Law "law-10" applied to "object-17" - SUCCESS
[2026-08-11 18:46:38] [LAW] Law "law-9" applied to "object-17" - SUCCESS
[2026-08-11 18:46:38] [LAW] Law "law-10" applied to "object-17" - SUCCESS
[2026-08-11 18:46:38] [LAW] Law "law-9" applied to "object-17" - SUCCESS
[2026-08-11 18:46:38] [LAW] Law "law-10" applied to "object-17" - SUCCESS
[2026-08-11 18:46:38] [LAW] Law "law-9" applied to "object-17" - SUCCESS
[2026-08-11 18:46:38] [LAW] Law "law-10" applied to "object-17" - SUCCESS
[2026-08-11 18:46:38] [LAW] Law "law-9" applied to "object-17" - SUCCESS
[2026-08-11 18:46:38] [LAW] Law "law-10" applied to "object-17" - SUCCESS
[2026-08-11 18:46:38] [LAW] Law "law-9" applied to "object-17" - SUCCESS
[2026-08-11 18:46:38] [LAW] Law "law-10" applied to "object-17" - SUCCESS
[2026-08-11 18:46:38] [LAW] Law "law-9" applied to "object-17" - SUCCESS
[2026-08-11 18:46:38] [LAW] Law "law-10" applied to "object-17" - SUCCESS
[2026-08-11 18:46:38] [LAW] Law "law-9" applied to "object-17" - SUCCESS
[2026-08-11 18:46:38] [LAW] Law "law-10" applied to "object-17" - SUCCESS
[2026-08-11 18:46:38] [LAW] Law "law-9" applied to "object-17" - SUCCESS
[2026-08-11 18:46:38] [LAW] Law "law-10" applied to "object-17" - SUCCESS
[2026-08-11 18:46:38] [LAW] Law "law-9" applied to "object-17" - SUCCESS
[2026-08-11 18:46:38] [LAW] Law "law-10" applied to "object-17" - SUCCESS
[2026-08-11 18:46:38] [LAW] Law "law-9" applied to "object-17" - SUCCESS
[2026-08-11 18:46:38] [LAW] Law "law-10" applied to "object-17" - SUCCESS
[2026-08-11 18:46:38] [LAW] Law "law-9" applied to "object-17" - SUCCESS
[2026-08-11 18:46:38] [LAW] Law "law-10" applied to "object-17" - SUCCESS
[2026-08-11 18:46:38] [LAW] Law "law-9" applied to "object-17" - SUCCESS
[2026-08-11 18:46:38] [LAW] Law "law-10" applied to "object-17" - SUCCESS
[2026-08-11 18:46:38] [LAW] Law "law-9" applied to "object-17" - SUCCESS
[2026-08-11 18:46:38] [LAW] Law "law-10" applied to "object-17" - SUCCESS
[2026-08-11 18:46:38] [LAW] Law "law-9" applied to "object-17" - SUCCESS
[2026-08-11 18:46:38] [LAW] Law "law-10" applied to "object-17" - SUCCESS
[2026-08-11 18:46:38] [LAW] Law "law-9" applied to "object-17" - SUCCESS
[2026-08-11 18:46:38] [LAW] Law "law-10" applied to "object-17" - SUCCESS
[2026-08-11 18:46:38] [LAW] Law "law-9" applied to "object-17" - SUCCESS
[2026-08-11 18:46:38] [LAW] Law "law-10" applied to "object-17" - SUCCESS
[2026-08-11 18:46:38] [LAW] Law "law-9" applied to "object-17" - SUCCESS
[2026-08-11 18:46:38] [LAW] Law "law-10" applied to "object-17" - SUCCESS
[2026-08-11 18:46:38] [LAW] Law "law-9" applied to "object-17" - SUCCESS
[2026-08-11 18:46:38] [LAW] Law "law-10" applied to "object-17" - SUCCESS
[2026-08-11 18:46:38] [LAW] Law "law-9" applied to "object-17" - SUCCESS
[2026-08-11 18:46:38] [LAW] Law "law-10" applied to "object-17" - SUCCESS
[2026-08-11 18:46:38] [LAW] Law "law-9" applied to "object-17" - SUCCESS
[2026-08-11 18:46:38] [LAW] Law "law-10" applied to "object-17" - SUCCESS
[2026-08-11 18:46:38] [LAW] Law "law-9" applied to "object-17" - SUCCESS
[2026-08-11 18:46:38] [LAW] Law "law-10" applied to "object-17" - SUCCESS
[2026-08-11 18:46:38] [LAW] Law "law-9" applied to "object-17" - SUCCESS
[2026-08-11 18:46:38] [LAW] Law "law-10" applied to "object-17" - SUCCESS
[2026-08-11 18:46:38] [LAW] Law "law-9" applied to "object-17" - SUCCESS
[2026-08-11 18:46:38] [LAW] Law "law-10" applied to "object-17" - SUCCESS
[2026-08-11 18:46:38] [LAW] Law "law-9" applied to "object-17" - SUCCESS
[2026-08-11 18:46:38] [LAW] Law "law-10" applied to "object-17" - SUCCESS
[2026-08-11 18:46:38] [LAW] Law "law-9" applied to "object-17" - SUCCESS
[2026-08-11 18:46:38] [LAW] Law "law-10" applied to "object-17" - SUCCESS
[2026-08-11 18:46:38] [LAW] Law "law-9" applied to "object-17" - SUCCESS
[2026-08-11 18:46:38] [LAW] Law "law-10" applied to "object-17" - SUCCESS
[2026-08-11 18:46:38] [LAW] Law "law-9" applied to "object-17" - SUCCESS
[2026-08-11 18:46:38] [LAW] Law "law-10" applied to "object-17" - SUCCESS
[2026-08-11 18:46:38] [LAW] Law "law-9" applied to "object-17" - SUCCESS
[2026-08-11 18:46:38] [LAW] Law "law-10" applied to "object-17" - SUCCESS
[2026-08-11 18:46:38] [LAW] Law "law-9" applied to "object-17" - SUCCESS
[2026-08-11 18:46:38] [LAW] Law "law-10" applied to "object-17" - SUCCESS
[2026-08-11 18:46:38] [LAW] Law "law-9" applied to "object-17" - SUCCESS
[2026-08-11 18:46:38] [LAW] Law "law-10" applied to "object-17" - SUCCESS
[2026-08-11 18:46:38] [LAW] Law "law-9" applied to "object-17" - SUCCESS
[2026-08-11 18:46:38] [LAW] Law "law-10" applied to "object-17" - SUCCESS
[2026-08-11 18:46:38] [LAW] Law "law-9" applied to "object-17" - SUCCESS
[2026-08-11 18:46:38] [LAW] Law "law-10" applied to "object-17" - SUCCESS
[2026-08-11 18:46:38] [LAW] Law "law-9" applied to "object-17" - SUCCESS
[2026-08-11 18:46:38] [LAW] Law "law-10" applied to "object-17" - SUCCESS
[2026-08-11 18:46:38] [LAW] Law "law-9" applied to "object-17" - SUCCESS
[2026-08-11 18:46:38] [LAW] Law "law-10" applied to "object-17" - SUCCESS
[2026-08-11 18:46:38] [LAW] Law "law-9" applied to "object-17" - SUCCESS
[2026-08-11 18:46:38] [LAW] Law "law-10" applied to "object-17" - SUCCESS
[2026-08-11 18:46:38] [LAW] Law "law-9" applied to "object-17" - SUCCESS
[2026-08-11 18:46:38] [LAW] Law "law-10" applied to "object-17" - SUCCESS
[2026-08-11 18:46:38] [LAW] Law "law-9" applied to "object-17" - SUCCESS
[2026-08-11 18:46:38] [LAW] Law "law-10" applied to "object-17" - SUCCESS
[2026-08-11 18:46:38] [LAW] Law "law-9" applied to "object-17" - SUCCESS
[2026-08-11 18:46:38] [LAW] Law "law-10" applied to "object-17" - SUCCESS
[2026-08-11 18:46:38] [LAW] Law "law-9" applied to "object-17" - SUCCESS
[2026-08-11 18:46:38] [LAW] Law "law-10" applied to "object-17" - SUCCESS
[2026-08-11 18:46:38] [LAW] Law "law-9" applied to "object-17" - SUCCESS
[2026-08-11 18:46:38] [LAW] Law "law-10" applied to "object-17" - SUCCESS
[2026-08-11 18:46:38] [LAW] Law "law-9" applied to "object-17" - SUCCESS
[2026-08-11 18:46:38] [LAW] Law "law-10" applied to "object-17" - SUCCESS
[2026-08-11 18:46:38] [LAW] Law "law-9" applied to "object-17" - SUCCESS
[2026-08-11 18:46:38] [LAW] Law "law-10" applied to "object-17" - SUCCESS
[2026-08-11 18:46:38] [LAW] Law "law-9" applied to "object-17" - SUCCESS
[2026-08-11 18:46:38] [LAW] Law "law-10" applied to "object-17" - SUCCESS
[2026-08-11 18:46:38] [LAW] Law "law-9" applied to "object-17" - SUCCESS
[2026-08-11 18:46:38] [LAW] Law "law-10" applied to "object-17" - SUCCESS
[2026-08-11 18:46:38] [LAW] Law "law-9" applied to "object-17" - SUCCESS
[2026-08-11 18:46:38] [LAW] Law "law-10" applied to "object-17" - SUCCESS
[2026-08-11 18:46:38] [LAW] Law "law-9" applied to "object-17" - SUCCESS
[2026-08-11 18:46:38] [LAW] Law "law-10" applied to "object-17" - SUCCESS
[2026-08-11 18:46:38] [LAW] Law "law-9" applied to "object-17" - SUCCESS
[2026-08-11 18:46:38] [LAW] Law "law-10" applied to "object-17" - SUCCESS
[2026-08-11 18:46:38] [LAW] Law "law-1" applied to "object-5" - SUCCESS
[2026-08-11 18:46:38] [LAW] Law "law-1" applied to "object-5" - CONDITIONS FAILED
[2026-08-11 18:46:38] [LAW] Law "law-1" applied to "object-7" - SUCCESS
[2026-08-11 18:46:38] [LAW] Law "law-3" applied to "object-9" - SUCCESS
[2026-08-11 18:46:38] [LAW] Law "law-3" applied to "object-10" - CONDITIONS FAILED
[2026-08-11 18:46:38] [LAW] Law "law-3" applied to "object-12" - SUCCESS
[2026-08-11 18:46:38] [LAW] Law "law-5" applied to "object-14" - SUCCESS
[2026-08-11 18:46:38] [LAW] Law "law-6" applied to "TestSubject" - CONDITIONS FAILED
[2026-08-11 18:46:38] [LAW] Law "law-6" applied to "TestSubject" - SUCCESS
[2026-08-11 18:46:38] [LAW] Law "law-7" applied to "TestSubject" - SUCCESS
[2026-08-11 18:46:38] [LAW] Law "law-8" applied to "TestSubject" - SUCCESS
[2026-08-11 18:46:38] [LAW] Law "law-8" applied to "TestSubject" - CONDITIONS FAILED
[2026-08-11 18:46:38] [LAW] Law "law-9" applied to "object-41" - CONDITIONS FAILED
[2026-08-11 18:46:38] [LAW] Law "law-9" applied to "object-41" - CONDITIONS FAILED
[2026-08-11 18:46:38] [LAW] Law "law-9" applied to "object-41" - SUCCESS
[2026-08-11 18:46:38] [LAW] Law "law-9" applied to "object-41" - SUCCESS
[2026-08-11 18:46:38] [LAW] Law "law-2" applied to "object-3" - SUCCESS
[2026-08-11 18:46:38] [LAW] Law "law-3" applied to "object-3" - SUCCESS
[2026-08-11 18:46:38] [LAW] Law "law-1" applied to "zack" - SUCCESS
[2026-08-11 18:46:39] [LAW] Law "law-1" applied to "object-4" - SUCCESS
[2026-08-11 18:46:39] [LAW] Law "law-1" applied to "object-4" - SUCCESS
[2026-08-11 18:46:39] [LAW] Law "law-1" applied to "object-4" - SUCCESS
[2026-08-11 18:46:39] [LAW] Law "law-2" applied to "object-5" - SUCCESS
[2026-08-11 18:46:39] [LAW] Law "law-2" applied to "object-5" - SUCCESS
[2026-08-11 18:46:39] [LAW] Law "law-2" applied to "object-5" - SUCCESS
[2026-08-11 18:46:39] [LAW] Law "law-2" applied to "object-5" - SUCCESS
[2026-08-11 18:46:39] [LAW] Law "law-3" applied to "object-5" - SUCCESS
[2026-08-11 18:46:39] [LAW] Law "law-3" applied to "object-5" - SUCCESS
[2026-08-11 18:46:39] [LAW] Law "law-3" applied to "object-5" - SUCCESS
[2026-08-11 18:46:39] [LAW] Law "law-3" applied to "object-5" - SUCCESS
[2026-08-11 18:46:39] [LAW] Law "law-3" applied to "object-5" - SUCCESS
[2026-08-11 18:46:39] [LAW] Law "law-3" applied to "object-5" - SUCCESS
[2026-08-11 18:46:39] [LAW] Law "law-3" applied to "object-5" - SUCCESS
[2026-08-11 18:46:39] [LAW] Law "law-3" applied to "object-5" - SUCCESS
[2026-08-11 18:46:39] [LAW] Law "law-3" applied to "object-5" - SUCCESS
[2026-08-11 18:46:39] [LAW] Law "law-3" applied to "object-5" - SUCCESS
[2026-08-11 18:46:39] [LAW] Law "law-3" applied to "object-5" - SUCCESS
[2026-08-11 18:46:39] [EVENT] Event "relation-formed" triggered (Subject: law-4-authored-by-object-3, Object: null)
[2026-08-11 18:46:39] [EVENT] Event "law-registered" triggered (Subject: law-4, Object: null)
[2026-08-11 18:46:39] [EVENT] Event "kick" triggered (Subject: object-4, Object: null)
[2026-08-11 18:46:39] [LAW] Law "law-4" applied to "object-4" - SUCCESS
[2026-08-11 18:46:39] [EVENT] Event "law-applied" triggered (Subject: object-4, Object: null)
[2026-08-11 18:46:39] [LAW] Law "law-4" applied to "object-4" - SUCCESS
[2026-08-11 18:46:39] [EVENT] Event "law-applied" triggered (Subject: object-4, Object: null)
[2026-08-11 18:46:39] [LAW] Law "law-4" applied to "object-4" - SUCCESS
[2026-08-11 18:46:39] [EVENT] Event "law-applied" triggered (Subject: object-4, Object: null)
[2026-08-11 18:46:39] [EVENT] Event "law-drive-finished" triggered (Subject: object-4, Object: null)
[2026-08-11 18:46:39] [EVENT] Event "kick" triggered (Subject: object-4, Object: null)
[2026-08-11 18:46:39] [LAW] Law "law-4" applied to "object-4" - SUCCESS
[2026-08-11 18:46:39] [EVENT] Event "law-applied" triggered (Subject: object-4, Object: null)
[2026-08-11 18:46:39] [EVENT] Event "relation-formed" triggered (Subject: law-5-authored-by-object-3, Object: null)
[2026-08-11 18:46:39] [EVENT] Event "law-registered" triggered (Subject: law-5, Object: null)
[2026-08-11 18:46:39] [EVENT] Event "kick" triggered (Subject: object-5, Object: null)
[2026-08-11 18:46:39] [LAW] Law "law-5" applied to "object-5" - SUCCESS
[2026-08-11 18:46:39] [EVENT] Event "law-applied" triggered (Subject: object-5, Object: null)
[2026-08-11 18:46:39] [LAW] Law "law-5" applied to "object-5" - SUCCESS
[2026-08-11 18:46:39] [EVENT] Event "law-applied" triggered (Subject: object-5, Object: null)
[2026-08-11 18:46:39] [EVENT] Event "law-drive-finished" triggered (Subject: object-5, Object: null)
[2026-08-11 18:46:39] [EVENT] Event "relation-formed" triggered (Subject: law-6-authored-by-object-3, Object: null)
[2026-08-11 18:46:39] [EVENT] Event "law-registered" triggered (Subject: law-6, Object: null)
[2026-08-11 18:46:39] [EVENT] Event "kick" triggered (Subject: object-5, Object: null)
[2026-08-11 18:46:39] [LAW] Law "law-6" applied to "object-5" - SUCCESS
[2026-08-11 18:46:39] [EVENT] Event "law-applied" triggered (Subject: object-5, Object: null)
[2026-08-11 18:46:39] [EVENT] Event "kick" triggered (Subject: object-5, Object: null)
[2026-08-11 18:46:39] [LAW] Law "law-6" applied to "object-5" - SUCCESS
[2026-08-11 18:46:39] [EVENT] Event "law-applied" triggered (Subject: object-5, Object: null)
[2026-08-11 18:46:39] [EVENT] Event "kick" triggered (Subject: object-5, Object: null)
[2026-08-11 18:46:39] [LAW] Law "law-6" applied to "object-5" - SUCCESS
[2026-08-11 18:46:39] [EVENT] Event "law-applied" triggered (Subject: object-5, Object: null)
[2026-08-11 18:46:39] [EVENT] Event "kick" triggered (Subject: object-5, Object: null)
[2026-08-11 18:46:39] [LAW] Law "law-6" applied to "object-5" - SUCCESS
[2026-08-11 18:46:39] [EVENT] Event "law-applied" triggered (Subject: object-5, Object: null)
[2026-08-11 18:46:39] [EVENT] Event "relation-formed" triggered (Subject: law-7-authored-by-object-3, Object: null)
[2026-08-11 18:46:39] [EVENT] Event "law-registered" triggered (Subject: law-7, Object: null)
[2026-08-11 18:46:39] [EVENT] Event "kick" triggered (Subject: object-5, Object: null)
[2026-08-11 18:46:39] [LAW] Law "law-7" applied to "object-5" - SUCCESS
[2026-08-11 18:46:39] [EVENT] Event "law-applied" triggered (Subject: object-5, Object: null)
[2026-08-11 18:46:39] [LAW] Law "law-7" applied to "object-5" - SUCCESS
[2026-08-11 18:46:39] [EVENT] Event "law-applied" triggered (Subject: object-5, Object: null)
[2026-08-11 18:46:39] [EVENT] Event "kick" triggered (Subject: object-5, Object: null)
[2026-08-11 18:46:39] [LAW] Law "law-7" applied to "object-5" - SUCCESS
[2026-08-11 18:46:39] [EVENT] Event "law-applied" triggered (Subject: object-5, Object: null)
[2026-08-11 18:46:39] [EVENT] Event "relation-formed" triggered (Subject: law-10-authored-by-object-3, Object: null)
[2026-08-11 18:46:39] [EVENT] Event "law-registered" triggered (Subject: law-10, Object: null)
[2026-08-11 18:46:39] [EVENT] Event "touch" triggered (Subject: object-4, Object: object-5)
[2026-08-11 18:46:39] [LAW] Law "law-10" applied to "object-4" - SUCCESS
[2026-08-11 18:46:39] [EVENT] Event "law-applied" triggered (Subject: object-4, Object: null)
[2026-08-11 18:46:39] [EVENT] Event "relation-formed" triggered (Subject: law-11-authored-by-object-3, Object: null)
[2026-08-11 18:46:39] [EVENT] Event "law-registered" triggered (Subject: law-11, Object: null)
[2026-08-11 18:46:39] [EVENT] Event "touch" triggered (Subject: object-4, Object: object-5)
[2026-08-11 18:46:39] [LAW] Law "law-11" applied to "object-4" - SUCCESS
[2026-08-11 18:46:39] [EVENT] Event "law-applied" triggered (Subject: object-4, Object: null)
[2026-08-11 18:46:39] [LAW] Law "law-11" applied to "object-4" - SUCCESS
[2026-08-11 18:46:39] [EVENT] Event "law-applied" triggered (Subject: object-4, Object: null)
[2026-08-11 18:46:39] [LAW] Law "law-11" applied to "object-4" - SUCCESS
[2026-08-11 18:46:39] [EVENT] Event "law-applied" triggered (Subject: object-4, Object: null)
[2026-08-11 18:46:39] [EVENT] Event "law-drive-finished" triggered (Subject: object-4, Object: null)
[2026-08-11 18:46:39] [EVENT] Event "boom" triggered (Subject: object-5, Object: null)
[2026-08-11 18:46:39] [LAW] Law "law-1" applied to "object-3" - SUCCESS
[2026-08-11 18:46:39] [LAW] Law "law-1" applied to "object-5" - SUCCESS
[2026-08-11 18:46:39] [LAW] Law "law-1" applied to "object-6" - SUCCESS
[2026-08-11 18:46:39] [EVENT] Event "relation-formed" triggered (Subject: concept-1-abstracted-from-object-5, Object: null)
[2026-08-11 18:46:39] [EVENT] Event "relation-formed" triggered (Subject: concept-1-authored-by-object-3, Object: null)
[2026-08-11 18:46:39] [EVENT] Event "concept-registered" triggered (Subject: concept-1, Object: null)
[2026-08-11 18:46:39] [EVENT] Event "concept-registered" triggered (Subject: concept-1, Object: null)
[2026-08-11 18:46:39] [EVENT] Event "relation-formed" triggered (Subject: law-5-authored-by-object-3, Object: null)
[2026-08-11 18:46:39] [EVENT] Event "law-registered" triggered (Subject: law-5, Object: null)
[2026-08-11 18:46:39] [EVENT] Event "relation-formed" triggered (Subject: law-6-authored-by-object-3, Object: null)
[2026-08-11 18:46:39] [EVENT] Event "law-registered" triggered (Subject: law-6, Object: null)
[2026-08-11 18:46:39] [EVENT] Event "relation-formed" triggered (Subject: law-7-authored-by-object-3, Object: null)
[2026-08-11 18:46:39] [EVENT] Event "law-registered" triggered (Subject: law-7, Object: null)
[2026-08-11 18:46:39] [EVENT] Event "relation-formed" triggered (Subject: law-5-authored-by-object-3, Object: null)
[2026-08-11 18:46:39] [EVENT] Event "law-registered" triggered (Subject: law-5, Object: null)
[2026-08-11 18:46:39] [EVENT] Event "relation-formed" triggered (Subject: law-6-authored-by-object-3, Object: null)
[2026-08-11 18:46:39] [EVENT] Event "law-registered" triggered (Subject: law-6, Object: null)
[2026-08-11 18:46:39] [EVENT] Event "relation-formed" triggered (Subject: law-7-authored-by-object-3, Object: null)
[2026-08-11 18:46:39] [EVENT] Event "law-registered" triggered (Subject: law-7, Object: null)
[2026-08-11 18:46:39] [LAW] Law "law-5" applied to "object-5" - SUCCESS
[2026-08-11 18:46:39] [LAW] Law "law-5" applied to "object-5" - SUCCESS
[2026-08-11 18:46:39] [LAW] Law "law-5" applied to "object-5" - SUCCESS
[2026-08-11 18:46:39] [LAW] Law "law-5" applied to "object-5" - SUCCESS
[2026-08-11 18:46:39] [LAW] Law "law-5" applied to "object-5" - SUCCESS
[2026-08-11 18:46:39] [LAW] Law "law-5" applied to "object-5" - SUCCESS
[2026-08-11 18:46:39] [LAW] Law "law-5" applied to "object-5" - SUCCESS
[2026-08-11 18:46:39] [LAW] Law "law-5" applied to "object-5" - SUCCESS
[2026-08-11 18:46:39] [LAW] Law "law-5" applied to "object-5" - SUCCESS
[2026-08-11 18:46:39] [LAW] Law "law-5" applied to "object-5" - SUCCESS
[2026-08-11 18:46:39] [LAW] Law "law-5" applied to "object-5" - SUCCESS
[2026-08-11 18:46:39] [LAW] Law "law-5" applied to "object-5" - SUCCESS
[2026-08-11 18:46:39] [LAW] Law "law-5" applied to "object-5" - SUCCESS
[2026-08-11 18:46:39] [LAW] Law "law-5" applied to "object-5" - SUCCESS
[2026-08-11 18:46:39] [LAW] Law "law-5" applied to "object-5" - SUCCESS
[2026-08-11 18:46:39] [LAW] Law "law-5" applied to "object-5" - SUCCESS
[2026-08-11 18:46:39] [LAW] Law "law-5" applied to "object-5" - SUCCESS
[2026-08-11 18:46:39] [LAW] Law "law-5" applied to "object-5" - SUCCESS
[2026-08-11 18:46:39] [LAW] Law "law-5" applied to "object-5" - SUCCESS
[2026-08-11 18:46:39] [LAW] Law "law-5" applied to "object-5" - SUCCESS
[2026-08-11 18:46:39] [LAW] Law "law-5" applied to "object-5" - SUCCESS
[2026-08-11 18:46:39] [LAW] Law "law-5" applied to "object-5" - SUCCESS
[2026-08-11 18:46:39] [LAW] Law "law-5" applied to "object-5" - SUCCESS
[2026-08-11 18:46:39] [LAW] Law "law-5" applied to "object-5" - SUCCESS
[2026-08-11 18:46:39] [LAW] Law "law-5" applied to "object-5" - SUCCESS
[2026-08-11 18:46:39] [LAW] Law "law-5" applied to "object-5" - SUCCESS
[2026-08-11 18:46:39] [LAW] Law "law-5" applied to "object-5" - SUCCESS
[2026-08-11 18:46:39] [LAW] Law "law-5" applied to "object-5" - SUCCESS
[2026-08-11 18:46:39] [LAW] Law "law-5" applied to "object-5" - SUCCESS
[2026-08-11 18:46:39] [LAW] Law "law-5" applied to "object-5" - SUCCESS
[2026-08-11 18:46:39] [LAW] Law "law-5" applied to "object-5" - SUCCESS
[2026-08-11 18:46:39] [LAW] Law "law-5" applied to "object-5" - SUCCESS
[2026-08-11 18:46:39] [LAW] Law "law-5" applied to "object-5" - SUCCESS
[2026-08-11 18:46:39] [LAW] Law "law-5" applied to "object-5" - SUCCESS
[2026-08-11 18:46:39] [LAW] Law "law-5" applied to "object-5" - SUCCESS
[2026-08-11 18:46:39] [LAW] Law "law-5" applied to "object-5" - SUCCESS
[2026-08-11 18:46:39] [LAW] Law "law-5" applied to "object-5" - SUCCESS
[2026-08-11 18:46:39] [LAW] Law "law-5" applied to "object-5" - SUCCESS
[2026-08-11 18:46:39] [LAW] Law "law-5" applied to "object-5" - SUCCESS
[2026-08-11 18:46:39] [LAW] Law "law-5" applied to "object-5" - SUCCESS
[2026-08-11 18:46:39] [LAW] Law "law-5" applied to "object-5" - SUCCESS
[2026-08-11 18:46:39] [LAW] Law "law-5" applied to "object-5" - SUCCESS
[2026-08-11 18:46:39] [LAW] Law "law-5" applied to "object-5" - SUCCESS
[2026-08-11 18:46:39] [LAW] Law "law-5" applied to "object-5" - SUCCESS
[2026-08-11 18:46:39] [LAW] Law "law-5" applied to "object-5" - SUCCESS
[2026-08-11 18:46:39] [LAW] Law "law-5" applied to "object-5" - SUCCESS
[2026-08-11 18:46:39] [LAW] Law "law-5" applied to "object-5" - SUCCESS
[2026-08-11 18:46:39] [LAW] Law "law-5" applied to "object-5" - SUCCESS
[2026-08-11 18:46:39] [LAW] Law "law-5" applied to "object-5" - SUCCESS
[2026-08-11 18:46:39] [LAW] Law "law-5" applied to "object-5" - SUCCESS
[2026-08-11 18:46:39] [LAW] Law "law-5" applied to "object-5" - SUCCESS
[2026-08-11 18:46:39] [LAW] Law "law-5" applied to "object-5" - SUCCESS
[2026-08-11 18:46:39] [LAW] Law "law-5" applied to "object-5" - SUCCESS
[2026-08-11 18:46:39] [LAW] Law "law-5" applied to "object-5" - SUCCESS
[2026-08-11 18:46:39] [LAW] Law "law-5" applied to "object-5" - SUCCESS
[2026-08-11 18:46:39] [LAW] Law "law-5" applied to "object-5" - SUCCESS
[2026-08-11 18:46:39] [LAW] Law "law-5" applied to "object-5" - SUCCESS
[2026-08-11 18:46:39] [LAW] Law "law-5" applied to "object-5" - SUCCESS
[2026-08-11 18:46:39] [LAW] Law "law-5" applied to "object-5" - SUCCESS
[2026-08-11 18:46:39] [LAW] Law "law-5" applied to "object-5" - SUCCESS
[2026-08-11 18:46:39] [LAW] Law "law-5" applied to "object-5" - SUCCESS
[2026-08-11 18:46:39] [LAW] Law "law-5" applied to "object-5" - SUCCESS
[2026-08-11 18:46:39] [LAW] Law "law-5" applied to "object-5" - SUCCESS
[2026-08-11 18:46:39] [LAW] Law "law-5" applied to "object-5" - SUCCESS
[2026-08-11 18:46:39] [LAW] Law "law-5" applied to "object-5" - SUCCESS
[2026-08-11 18:46:39] [LAW] Law "law-5" applied to "object-5" - SUCCESS
[2026-08-11 18:46:39] [LAW] Law "law-5" applied to "object-5" - SUCCESS
[2026-08-11 18:46:39] [LAW] Law "law-5" applied to "object-5" - SUCCESS
[2026-08-11 18:46:39] [LAW] Law "law-5" applied to "object-5" - SUCCESS
[2026-08-11 18:46:39] [LAW] Law "law-5" applied to "object-5" - SUCCESS
[2026-08-11 18:46:39] [LAW] Law "law-5" applied to "object-5" - SUCCESS
[2026-08-11 18:46:39] [LAW] Law "law-5" applied to "object-5" - SUCCESS
[2026-08-11 18:46:39] [LAW] Law "law-5" applied to "object-5" - SUCCESS
[2026-08-11 18:46:39] [LAW] Law "law-5" applied to "object-5" - SUCCESS
[2026-08-11 18:46:39] [LAW] Law "law-5" applied to "object-5" - SUCCESS
[2026-08-11 18:46:39] [LAW] Law "law-5" applied to "object-5" - SUCCESS
[2026-08-11 18:46:39] [LAW] Law "law-5" applied to "object-5" - SUCCESS
[2026-08-11 18:46:39] [LAW] Law "law-5" applied to "object-5" - SUCCESS
[2026-08-11 18:46:39] [LAW] Law "law-5" applied to "object-5" - SUCCESS
[2026-08-11 18:46:39] [LAW] Law "law-5" applied to "object-5" - SUCCESS
[2026-08-11 18:46:39] [LAW] Law "law-5" applied to "object-5" - SUCCESS
[2026-08-11 18:46:39] [LAW] Law "law-5" applied to "object-5" - SUCCESS
[2026-08-11 18:46:39] [LAW] Law "law-5" applied to "object-5" - SUCCESS
[2026-08-11 18:46:39] [LAW] Law "law-5" applied to "object-5" - SUCCESS
[2026-08-11 18:46:39] [LAW] Law "law-5" applied to "object-5" - SUCCESS
[2026-08-11 18:46:39] [LAW] Law "law-5" applied to "object-5" - SUCCESS
[2026-08-11 18:46:39] [LAW] Law "law-5" applied to "object-5" - SUCCESS
[2026-08-11 18:46:39] [LAW] Law "law-5" applied to "object-5" - SUCCESS
[2026-08-11 18:46:39] [LAW] Law "law-5" applied to "object-5" - SUCCESS
[2026-08-11 18:46:39] [LAW] Law "law-5" applied to "object-5" - SUCCESS
[2026-08-11 18:46:39] [LAW] Law "law-5" applied to "object-5" - SUCCESS
[2026-08-11 18:46:39] [LAW] Law "law-5" applied to "object-5" - SUCCESS
[2026-08-11 18:46:39] [LAW] Law "law-5" applied to "object-5" - SUCCESS
[2026-08-11 18:46:39] [LAW] Law "law-5" applied to "object-5" - SUCCESS
[2026-08-11 18:46:39] [LAW] Law "law-5" applied to "object-5" - SUCCESS
[2026-08-11 18:46:39] [LAW] Law "law-5" applied to "object-5" - SUCCESS
[2026-08-11 18:46:39] [LAW] Law "law-5" applied to "object-5" - SUCCESS
[2026-08-11 18:46:39] [LAW] Law "law-5" applied to "object-5" - SUCCESS
[2026-08-11 18:46:39] [LAW] Law "law-5" applied to "object-5" - SUCCESS
[2026-08-11 18:46:39] [LAW] Law "law-5" applied to "object-5" - SUCCESS
[2026-08-11 18:46:39] [LAW] Law "law-5" applied to "object-5" - SUCCESS
[2026-08-11 18:46:39] [LAW] Law "law-5" applied to "object-5" - SUCCESS
[2026-08-11 18:46:39] [LAW] Law "law-5" applied to "object-5" - SUCCESS
[2026-08-11 18:46:39] [LAW] Law "law-5" applied to "object-5" - SUCCESS
[2026-08-11 18:46:39] [LAW] Law "law-5" applied to "object-5" - SUCCESS
[2026-08-11 18:46:39] [LAW] Law "law-5" applied to "object-5" - SUCCESS
[2026-08-11 18:46:39] [LAW] Law "law-5" applied to "object-5" - SUCCESS
[2026-08-11 18:46:39] [LAW] Law "law-5" applied to "object-5" - SUCCESS
[2026-08-11 18:46:39] [LAW] Law "law-5" applied to "object-5" - SUCCESS
[2026-08-11 18:46:39] [LAW] Law "law-5" applied to "object-5" - SUCCESS
[2026-08-11 18:46:39] [LAW] Law "law-5" applied to "object-5" - SUCCESS
[2026-08-11 18:46:39] [LAW] Law "law-5" applied to "object-5" - SUCCESS
[2026-08-11 18:46:39] [LAW] Law "law-5" applied to "object-5" - SUCCESS
[2026-08-11 18:46:39] [LAW] Law "law-5" applied to "object-5" - SUCCESS
[2026-08-11 18:46:39] [LAW] Law "law-5" applied to "object-5" - SUCCESS
[2026-08-11 18:46:39] [LAW] Law "law-5" applied to "object-5" - SUCCESS
[2026-08-11 18:46:39] [LAW] Law "law-5" applied to "object-5" - SUCCESS
[2026-08-11 18:46:39] [LAW] Law "law-5" applied to "object-5" - SUCCESS
[2026-08-11 18:46:39] [LAW] Law "law-5" applied to "object-5" - SUCCESS
[2026-08-11 18:46:39] [LAW] Law "law-5" applied to "object-5" - SUCCESS
[2026-08-11 18:46:39] [LAW] Law "law-5" applied to "object-5" - SUCCESS
[2026-08-11 18:46:39] [LAW] Law "law-5" applied to "object-5" - SUCCESS
[2026-08-11 18:46:39] [LAW] Law "law-5" applied to "object-5" - SUCCESS
[2026-08-11 18:46:39] [LAW] Law "law-5" applied to "object-5" - SUCCESS
[2026-08-11 18:46:39] [LAW] Law "law-5" applied to "object-5" - SUCCESS
[2026-08-11 18:46:39] [LAW] Law "law-5" applied to "object-5" - SUCCESS
[2026-08-11 18:46:39] [LAW] Law "law-5" applied to "object-5" - SUCCESS
[2026-08-11 18:46:39] [LAW] Law "law-5" applied to "object-5" - SUCCESS
[2026-08-11 18:46:39] [LAW] Law "law-5" applied to "object-5" - SUCCESS
[2026-08-11 18:46:39] [LAW] Law "law-5" applied to "object-5" - SUCCESS
[2026-08-11 18:46:39] [LAW] Law "law-5" applied to "object-5" - SUCCESS
[2026-08-11 18:46:39] [LAW] Law "law-5" applied to "object-5" - SUCCESS
[2026-08-11 18:46:39] [LAW] Law "law-5" applied to "object-5" - SUCCESS
[2026-08-11 18:46:39] [LAW] Law "law-5" applied to "object-5" - SUCCESS
[2026-08-11 18:46:39] [LAW] Law "law-5" applied to "object-5" - SUCCESS
[2026-08-11 18:46:39] [LAW] Law "law-5" applied to "object-5" - SUCCESS
[2026-08-11 18:46:39] [LAW] Law "law-5" applied to "object-5" - SUCCESS
[2026-08-11 18:46:39] [LAW] Law "law-5" applied to "object-5" - SUCCESS
[2026-08-11 18:46:39] [LAW] Law "law-5" applied to "object-5" - SUCCESS
[2026-08-11 18:46:39] [LAW] Law "law-5" applied to "object-5" - SUCCESS
[2026-08-11 18:46:39] [LAW] Law "law-5" applied to "object-5" - SUCCESS
[2026-08-11 18:46:39] [LAW] Law "law-5" applied to "object-5" - SUCCESS
[2026-08-11 18:46:39] [LAW] Law "law-5" applied to "object-5" - SUCCESS
[2026-08-11 18:46:39] [LAW] Law "law-5" applied to "object-5" - SUCCESS
[2026-08-11 18:46:39] [LAW] Law "law-5" applied to "object-5" - SUCCESS
[2026-08-11 18:46:39] [LAW] Law "law-5" applied to "object-5" - SUCCESS
[2026-08-11 18:46:39] [LAW] Law "law-5" applied to "object-5" - SUCCESS
[2026-08-11 18:46:39] [LAW] Law "law-5" applied to "object-5" - SUCCESS
[2026-08-11 18:46:39] [LAW] Law "law-5" applied to "object-5" - SUCCESS
[2026-08-11 18:46:39] [LAW] Law "law-5" applied to "object-5" - SUCCESS
[2026-08-11 18:46:39] [LAW] Law "law-5" applied to "object-5" - SUCCESS
[2026-08-11 18:46:39] [LAW] Law "law-5" applied to "object-5" - SUCCESS
[2026-08-11 18:46:39] [LAW] Law "law-5" applied to "object-5" - SUCCESS
[2026-08-11 18:46:39] [LAW] Law "law-5" applied to "object-5" - SUCCESS
[2026-08-11 18:46:39] [LAW] Law "law-5" applied to "object-5" - SUCCESS
[2026-08-11 18:46:39] [LAW] Law "law-5" applied to "object-5" - SUCCESS
[2026-08-11 18:46:39] [LAW] Law "law-5" applied to "object-5" - SUCCESS
[2026-08-11 18:46:39] [LAW] Law "law-5" applied to "object-5" - SUCCESS
[2026-08-11 18:46:39] [LAW] Law "law-5" applied to "object-5" - SUCCESS
[2026-08-11 18:46:39] [LAW] Law "law-5" applied to "object-5" - SUCCESS
[2026-08-11 18:46:39] [LAW] Law "law-5" applied to "object-5" - SUCCESS
[2026-08-11 18:46:39] [LAW] Law "law-5" applied to "object-5" - SUCCESS
[2026-08-11 18:46:39] [LAW] Law "law-5" applied to "object-5" - SUCCESS
[2026-08-11 18:46:39] [LAW] Law "law-5" applied to "object-5" - SUCCESS
[2026-08-11 18:46:39] [LAW] Law "law-5" applied to "object-5" - SUCCESS
[2026-08-11 18:46:39] [LAW] Law "law-5" applied to "object-5" - SUCCESS
[2026-08-11 18:46:39] [LAW] Law "law-5" applied to "object-5" - SUCCESS
[2026-08-11 18:46:39] [LAW] Law "law-5" applied to "object-5" - SUCCESS
[2026-08-11 18:46:39] [LAW] Law "law-5" applied to "object-5" - SUCCESS
[2026-08-11 18:46:39] [LAW] Law "law-5" applied to "object-5" - SUCCESS
[2026-08-11 18:46:39] [LAW] Law "law-5" applied to "object-5" - SUCCESS
[2026-08-11 18:46:39] [LAW] Law "law-5" applied to "object-5" - SUCCESS
[2026-08-11 18:46:39] [LAW] Law "law-5" applied to "object-5" - SUCCESS
[2026-08-11 18:46:39] [LAW] Law "law-5" applied to "object-5" - SUCCESS
[2026-08-11 18:46:39] [LAW] Law "law-5" applied to "object-5" - SUCCESS
[2026-08-11 18:46:39] [LAW] Law "law-5" applied to "object-5" - SUCCESS
[2026-08-11 18:46:39] [LAW] Law "law-5" applied to "object-5" - SUCCESS
[2026-08-11 18:46:39] [LAW] Law "law-5" applied to "object-5" - SUCCESS
[2026-08-11 18:46:39] [LAW] Law "law-5" applied to "object-5" - SUCCESS
[2026-08-11 18:46:39] [LAW] Law "law-5" applied to "object-5" - SUCCESS
[2026-08-11 18:46:39] [LAW] Law "law-5" applied to "object-5" - SUCCESS
[2026-08-11 18:46:39] [LAW] Law "law-5" applied to "object-5" - SUCCESS
[2026-08-11 18:46:39] [LAW] Law "law-5" applied to "object-5" - SUCCESS
[2026-08-11 18:46:39] [LAW] Law "law-5" applied to "object-5" - SUCCESS
[2026-08-11 18:46:39] [LAW] Law "law-5" applied to "object-5" - SUCCESS
[2026-08-11 18:46:39] [LAW] Law "law-5" applied to "object-5" - SUCCESS
[2026-08-11 18:46:39] [LAW] Law "law-5" applied to "object-5" - SUCCESS
[2026-08-11 18:46:39] [LAW] Law "law-5" applied to "object-5" - SUCCESS
[2026-08-11 18:46:39] [LAW] Law "law-5" applied to "object-5" - SUCCESS
[2026-08-11 18:46:39] [LAW] Law "law-5" applied to "object-5" - SUCCESS
[2026-08-11 18:46:39] [LAW] Law "law-5" applied to "object-5" - SUCCESS
[2026-08-11 18:46:39] [LAW] Law "law-5" applied to "object-5" - SUCCESS
[2026-08-11 18:46:39] [LAW] Law "law-5" applied to "object-5" - SUCCESS
[2026-08-11 18:46:39] [LAW] Law "law-5" applied to "object-5" - SUCCESS
[2026-08-11 18:46:39] [LAW] Law "law-5" applied to "object-5" - SUCCESS
[2026-08-11 18:46:39] [LAW] Law "law-5" applied to "object-5" - SUCCESS
[2026-08-11 18:46:39] [LAW] Law "law-5" applied to "object-5" - SUCCESS
[2026-08-11 18:46:39] [LAW] Law "law-5" applied to "object-5" - SUCCESS
[2026-08-11 18:46:39] [LAW] Law "law-5" applied to "object-5" - SUCCESS
[2026-08-11 18:46:39] [LAW] Law "law-5" applied to "object-5" - SUCCESS
[2026-08-11 18:46:39] [LAW] Law "law-5" applied to "object-5" - SUCCESS
[2026-08-11 18:46:39] [LAW] Law "law-5" applied to "object-5" - SUCCESS
[2026-08-11 18:46:39] [LAW] Law "law-5" applied to "object-5" - SUCCESS
[2026-08-11 18:46:39] [LAW] Law "law-5" applied to "object-5" - SUCCESS
[2026-08-11 18:46:39] [LAW] Law "law-5" applied to "object-5" - SUCCESS
[2026-08-11 18:46:39] [LAW] Law "law-5" applied to "object-5" - SUCCESS
[2026-08-11 18:46:39] [LAW] Law "law-5" applied to "object-5" - SUCCESS
[2026-08-11 18:46:39] [LAW] Law "law-5" applied to "object-5" - SUCCESS
[2026-08-11 18:46:39] [LAW] Law "law-5" applied to "object-5" - SUCCESS
[2026-08-11 18:46:39] [LAW] Law "law-5" applied to "object-5" - SUCCESS
[2026-08-11 18:46:39] [LAW] Law "law-5" applied to "object-5" - SUCCESS
[2026-08-11 18:46:39] [LAW] Law "law-5" applied to "object-5" - SUCCESS
[2026-08-11 18:46:39] [LAW] Law "law-5" applied to "object-5" - SUCCESS
[2026-08-11 18:46:39] [LAW] Law "law-5" applied to "object-5" - SUCCESS
[2026-08-11 18:46:39] [LAW] Law "law-5" applied to "object-5" - SUCCESS
[2026-08-11 18:46:39] [LAW] Law "law-5" applied to "object-5" - SUCCESS
[2026-08-11 18:46:39] [LAW] Law "law-5" applied to "object-5" - SUCCESS
[2026-08-11 18:46:39] [LAW] Law "law-5" applied to "object-5" - SUCCESS
[2026-08-11 18:46:39] [LAW] Law "law-5" applied to "object-5" - SUCCESS
[2026-08-11 18:46:39] [LAW] Law "law-5" applied to "object-5" - SUCCESS
[2026-08-11 18:46:39] [LAW] Law "law-5" applied to "object-5" - SUCCESS
[2026-08-11 18:46:39] [LAW] Law "law-5" applied to "object-5" - SUCCESS
[2026-08-11 18:46:39] [LAW] Law "law-5" applied to "object-5" - SUCCESS
[2026-08-11 18:46:39] [LAW] Law "law-5" applied to "object-5" - SUCCESS
[2026-08-11 18:46:39] [LAW] Law "law-5" applied to "object-5" - SUCCESS
[2026-08-11 18:46:39] [LAW] Law "law-5" applied to "object-5" - SUCCESS
[2026-08-11 18:46:39] [LAW] Law "law-5" applied to "object-5" - SUCCESS
[2026-08-11 18:46:39] [LAW] Law "law-5" applied to "object-5" - SUCCESS
[2026-08-11 18:46:39] [LAW] Law "law-5" applied to "object-5" - SUCCESS
[2026-08-11 18:46:39] [LAW] Law "law-5" applied to "object-5" - SUCCESS
[2026-08-11 18:46:39] [LAW] Law "law-5" applied to "object-5" - SUCCESS
[2026-08-11 18:46:39] [LAW] Law "law-5" applied to "object-5" - SUCCESS
[2026-08-11 18:46:39] [LAW] Law "law-5" applied to "object-5" - SUCCESS
[2026-08-11 18:46:39] [LAW] Law "law-5" applied to "object-5" - SUCCESS
[2026-08-11 18:46:39] [LAW] Law "law-5" applied to "object-5" - SUCCESS
[2026-08-11 18:46:39] [LAW] Law "law-5" applied to "object-5" - SUCCESS
[2026-08-11 18:46:39] [LAW] Law "law-5" applied to "object-5" - SUCCESS
[2026-08-11 18:46:39] [LAW] Law "law-5" applied to "object-5" - SUCCESS
[2026-08-11 18:46:39] [LAW] Law "law-5" applied to "object-5" - SUCCESS
[2026-08-11 18:46:39] [LAW] Law "law-5" applied to "object-5" - SUCCESS
[2026-08-11 18:46:39] [LAW] Law "law-5" applied to "object-5" - SUCCESS
[2026-08-11 18:46:39] [LAW] Law "law-5" applied to "object-5" - SUCCESS
[2026-08-11 18:46:39] [LAW] Law "law-5" applied to "object-5" - SUCCESS
[2026-08-11 18:46:39] [LAW] Law "law-5" applied to "object-5" - SUCCESS
[2026-08-11 18:46:39] [LAW] Law "law-5" applied to "object-5" - SUCCESS
[2026-08-11 18:46:39] [LAW] Law "law-5" applied to "object-5" - SUCCESS
[2026-08-11 18:46:39] [LAW] Law "law-5" applied to "object-5" - SUCCESS
[2026-08-11 18:46:39] [LAW] Law "law-5" applied to "object-5" - SUCCESS
[2026-08-11 18:46:39] [LAW] Law "law-5" applied to "object-5" - SUCCESS
[2026-08-11 18:46:39] [LAW] Law "law-5" applied to "object-5" - SUCCESS
[2026-08-11 18:46:39] [LAW] Law "law-5" applied to "object-5" - SUCCESS
[2026-08-11 18:46:39] [LAW] Law "law-5" applied to "object-5" - SUCCESS
[2026-08-11 18:46:39] [LAW] Law "law-5" applied to "object-5" - SUCCESS
[2026-08-11 18:46:39] [LAW] Law "law-5" applied to "object-5" - SUCCESS
[2026-08-11 18:46:39] [LAW] Law "law-5" applied to "object-5" - SUCCESS
[2026-08-11 18:46:39] [LAW] Law "law-5" applied to "object-5" - SUCCESS
[2026-08-11 18:46:39] [LAW] Law "law-5" applied to "object-5" - SUCCESS
[2026-08-11 18:46:39] [LAW] Law "law-5" applied to "object-5" - SUCCESS
[2026-08-11 18:46:39] [LAW] Law "law-5" applied to "object-5" - SUCCESS
[2026-08-11 18:46:39] [LAW] Law "law-5" applied to "object-5" - SUCCESS
[2026-08-11 18:46:39] [LAW] Law "law-5" applied to "object-5" - SUCCESS
[2026-08-11 18:46:39] [LAW] Law "law-5" applied to "object-5" - SUCCESS
[2026-08-11 18:46:39] [LAW] Law "law-5" applied to "object-5" - SUCCESS
[2026-08-11 18:46:39] [LAW] Law "law-5" applied to "object-5" - SUCCESS
[2026-08-11 18:46:39] [LAW] Law "law-5" applied to "object-5" - SUCCESS
[2026-08-11 18:46:39] [LAW] Law "law-5" applied to "object-5" - SUCCESS
[2026-08-11 18:46:39] [LAW] Law "law-5" applied to "object-5" - SUCCESS
[2026-08-11 18:46:39] [LAW] Law "law-5" applied to "object-5" - SUCCESS
[2026-08-11 18:46:39] [LAW] Law "law-5" applied to "object-5" - SUCCESS
[2026-08-11 18:46:39] [LAW] Law "law-5" applied to "object-5" - SUCCESS
[2026-08-11 18:46:39] [LAW] Law "law-5" applied to "object-5" - SUCCESS
[2026-08-11 18:46:39] [LAW] Law "law-5" applied to "object-5" - SUCCESS
[2026-08-11 18:46:39] [LAW] Law "law-5" applied to "object-5" - SUCCESS
[2026-08-11 18:46:39] [LAW] Law "law-5" applied to "object-5" - SUCCESS
[2026-08-11 18:46:39] [LAW] Law "law-5" applied to "object-5" - SUCCESS
[2026-08-11 18:46:39] [LAW] Law "law-5" applied to "object-5" - SUCCESS
[2026-08-11 18:46:39] [LAW] Law "law-5" applied to "object-5" - SUCCESS
[2026-08-11 18:46:39] [LAW] Law "law-5" applied to "object-5" - SUCCESS
[2026-08-11 18:46:39] [LAW] Law "law-5" applied to "object-5" - SUCCESS
[2026-08-11 18:46:39] [LAW] Law "law-5" applied to "object-5" - SUCCESS
[2026-08-11 18:46:39] [LAW] Law "law-5" applied to "object-5" - SUCCESS
[2026-08-11 18:46:39] [LAW] Law "law-5" applied to "object-5" - SUCCESS
[2026-08-11 18:46:39] [LAW] Law "law-5" applied to "object-5" - SUCCESS
[2026-08-11 18:46:39] [LAW] Law "law-5" applied to "object-5" - SUCCESS
[2026-08-11 18:46:39] [LAW] Law "law-5" applied to "object-5" - SUCCESS
[2026-08-11 18:46:39] [LAW] Law "law-5" applied to "object-5" - SUCCESS
[2026-08-11 18:46:39] [LAW] Law "law-5" applied to "object-5" - SUCCESS
[2026-08-11 18:46:39] [LAW] Law "law-5" applied to "object-5" - SUCCESS
[2026-08-11 18:46:39] [LAW] Law "law-5" applied to "object-5" - SUCCESS
[2026-08-11 18:46:39] [LAW] Law "law-5" applied to "object-5" - SUCCESS
[2026-08-11 18:46:39] [LAW] Law "law-5" applied to "object-5" - SUCCESS
[2026-08-11 18:46:39] [LAW] Law "law-5" applied to "object-5" - SUCCESS
[2026-08-11 18:46:39] [LAW] Law "law-5" applied to "object-5" - SUCCESS
[2026-08-11 18:46:39] [LAW] Law "law-5" applied to "object-5" - SUCCESS
[2026-08-11 18:46:39] [LAW] Law "law-5" applied to "object-5" - SUCCESS
[2026-08-11 18:46:39] [LAW] Law "law-5" applied to "object-5" - SUCCESS
[2026-08-11 18:46:39] [LAW] Law "law-5" applied to "object-5" - SUCCESS
[2026-08-11 18:46:39] [LAW] Law "law-5" applied to "object-5" - SUCCESS
[2026-08-11 18:46:39] [LAW] Law "law-5" applied to "object-5" - SUCCESS
[2026-08-11 18:46:39] [LAW] Law "law-5" applied to "object-5" - SUCCESS
[2026-08-11 18:46:39] [LAW] Law "law-5" applied to "object-5" - SUCCESS
[2026-08-11 18:46:39] [LAW] Law "law-5" applied to "object-5" - SUCCESS
[2026-08-11 18:46:39] [LAW] Law "law-5" applied to "object-5" - SUCCESS
[2026-08-11 18:46:39] [LAW] Law "law-5" applied to "object-5" - SUCCESS
[2026-08-11 18:46:39] [LAW] Law "law-5" applied to "object-5" - SUCCESS
[2026-08-11 18:46:39] [LAW] Law "law-5" applied to "object-5" - SUCCESS
[2026-08-11 18:46:39] [LAW] Law "law-5" applied to "object-5" - SUCCESS
[2026-08-11 18:46:39] [LAW] Law "law-5" applied to "object-5" - SUCCESS
[2026-08-11 18:46:39] [LAW] Law "law-5" applied to "object-5" - SUCCESS
[2026-08-11 18:46:39] [LAW] Law "law-5" applied to "object-5" - SUCCESS
[2026-08-11 18:46:39] [LAW] Law "law-5" applied to "object-5" - SUCCESS
[2026-08-11 18:46:39] [LAW] Law "law-5" applied to "object-5" - SUCCESS
[2026-08-11 18:46:39] [LAW] Law "law-5" applied to "object-5" - SUCCESS
[2026-08-11 18:46:39] [LAW] Law "law-5" applied to "object-5" - SUCCESS
[2026-08-11 18:46:39] [LAW] Law "law-5" applied to "object-5" - SUCCESS
[2026-08-11 18:46:39] [LAW] Law "law-5" applied to "object-5" - SUCCESS
[2026-08-11 18:46:39] [LAW] Law "law-5" applied to "object-5" - SUCCESS
[2026-08-11 18:46:39] [LAW] Law "law-5" applied to "object-5" - SUCCESS
[2026-08-11 18:46:39] [LAW] Law "law-5" applied to "object-5" - SUCCESS
[2026-08-11 18:46:39] [LAW] Law "law-5" applied to "object-5" - SUCCESS
[2026-08-11 18:46:39] [LAW] Law "law-5" applied to "object-5" - SUCCESS
[2026-08-11 18:46:39] [LAW] Law "law-5" applied to "object-5" - SUCCESS
[2026-08-11 18:46:39] [LAW] Law "law-5" applied to "object-5" - SUCCESS
[2026-08-11 18:46:39] [LAW] Law "law-5" applied to "object-5" - SUCCESS
[2026-08-11 18:46:39] [LAW] Law "law-5" applied to "object-5" - SUCCESS
[2026-08-11 18:46:39] [LAW] Law "law-5" applied to "object-5" - SUCCESS
[2026-08-11 18:46:39] [LAW] Law "law-5" applied to "object-5" - SUCCESS
[2026-08-11 18:46:39] [LAW] Law "law-5" applied to "object-5" - SUCCESS
[2026-08-11 18:46:39] [LAW] Law "law-5" applied to "object-5" - SUCCESS
[2026-08-11 18:46:39] [LAW] Law "law-5" applied to "object-5" - SUCCESS
[2026-08-11 18:46:39] [LAW] Law "law-5" applied to "object-5" - SUCCESS
[2026-08-11 18:46:39] [LAW] Law "law-5" applied to "object-5" - SUCCESS
[2026-08-11 18:46:39] [LAW] Law "law-5" applied to "object-5" - SUCCESS
[2026-08-11 18:46:39] [LAW] Law "law-5" applied to "object-5" - SUCCESS
[2026-08-11 18:46:39] [LAW] Law "law-5" applied to "object-5" - SUCCESS
[2026-08-11 18:46:39] [LAW] Law "law-5" applied to "object-5" - SUCCESS
[2026-08-11 18:46:39] [LAW] Law "law-5" applied to "object-5" - SUCCESS
[2026-08-11 18:46:39] [LAW] Law "law-5" applied to "object-5" - SUCCESS
[2026-08-11 18:46:39] [LAW] Law "law-5" applied to "object-5" - SUCCESS
[2026-08-11 18:46:39] [LAW] Law "law-5" applied to "object-5" - SUCCESS
[2026-08-11 18:46:39] [LAW] Law "law-5" applied to "object-5" - SUCCESS
[2026-08-11 18:46:39] [LAW] Law "law-5" applied to "object-5" - SUCCESS
[2026-08-11 18:46:39] [LAW] Law "law-5" applied to "object-5" - SUCCESS
[2026-08-11 18:46:39] [LAW] Law "law-5" applied to "object-5" - SUCCESS
[2026-08-11 18:46:39] [LAW] Law "law-5" applied to "object-5" - SUCCESS
[2026-08-11 18:46:39] [LAW] Law "law-5" applied to "object-5" - SUCCESS
[2026-08-11 18:46:39] [LAW] Law "law-5" applied to "object-5" - SUCCESS
[2026-08-11 18:46:39] [LAW] Law "law-5" applied to "object-5" - SUCCESS
[2026-08-11 18:46:39] [LAW] Law "law-5" applied to "object-5" - SUCCESS
[2026-08-11 18:46:39] [LAW] Law "law-5" applied to "object-5" - SUCCESS
[2026-08-11 18:46:39] [LAW] Law "law-5" applied to "object-5" - SUCCESS
[2026-08-11 18:46:39] [LAW] Law "law-5" applied to "object-5" - SUCCESS
[2026-08-11 18:46:39] [LAW] Law "law-5" applied to "object-5" - SUCCESS
[2026-08-11 18:46:39] [LAW] Law "law-5" applied to "object-5" - SUCCESS
[2026-08-11 18:46:39] [LAW] Law "law-5" applied to "object-5" - SUCCESS
[2026-08-11 18:46:39] [LAW] Law "law-5" applied to "object-5" - SUCCESS
[2026-08-11 18:46:39] [LAW] Law "law-5" applied to "object-5" - SUCCESS
[2026-08-11 18:46:39] [LAW] Law "law-5" applied to "object-5" - SUCCESS
[2026-08-11 18:46:39] [LAW] Law "law-5" applied to "object-5" - SUCCESS
[2026-08-11 18:46:39] [LAW] Law "law-5" applied to "object-5" - SUCCESS
[2026-08-11 18:46:39] [LAW] Law "law-5" applied to "object-5" - SUCCESS
[2026-08-11 18:46:39] [LAW] Law "law-5" applied to "object-5" - SUCCESS
[2026-08-11 18:46:39] [LAW] Law "law-5" applied to "object-5" - SUCCESS
[2026-08-11 18:46:39] [LAW] Law "law-5" applied to "object-5" - SUCCESS
[2026-08-11 18:46:39] [LAW] Law "law-5" applied to "object-5" - SUCCESS
[2026-08-11 18:46:39] [LAW] Law "law-5" applied to "object-5" - SUCCESS
[2026-08-11 18:46:39] [LAW] Law "law-5" applied to "object-5" - SUCCESS
[2026-08-11 18:46:39] [LAW] Law "law-5" applied to "object-5" - SUCCESS
[2026-08-11 18:46:39] [LAW] Law "law-5" applied to "object-5" - SUCCESS
[2026-08-11 18:46:39] [LAW] Law "law-5" applied to "object-5" - SUCCESS
[2026-08-11 18:46:39] [LAW] Law "law-5" applied to "object-5" - SUCCESS
[2026-08-11 18:46:39] [LAW] Law "law-5" applied to "object-5" - SUCCESS
[2026-08-11 18:46:39] [LAW] Law "law-5" applied to "object-5" - SUCCESS
[2026-08-11 18:46:39] [LAW] Law "law-5" applied to "object-5" - SUCCESS
[2026-08-11 18:46:39] [LAW] Law "law-5" applied to "object-5" - SUCCESS
[2026-08-11 18:46:39] [LAW] Law "law-5" applied to "object-5" - SUCCESS
[2026-08-11 18:46:39] [LAW] Law "law-5" applied to "object-5" - SUCCESS
[2026-08-11 18:46:39] [LAW] Law "law-5" applied to "object-5" - SUCCESS
[2026-08-11 18:46:39] [LAW] Law "law-5" applied to "object-5" - SUCCESS
[2026-08-11 18:46:39] [LAW] Law "law-5" applied to "object-5" - SUCCESS
[2026-08-11 18:46:39] [LAW] Law "law-5" applied to "object-5" - SUCCESS
[2026-08-11 18:46:39] [LAW] Law "law-5" applied to "object-5" - SUCCESS
[2026-08-11 18:46:39] [LAW] Law "law-5" applied to "object-5" - SUCCESS
[2026-08-11 18:46:39] [LAW] Law "law-5" applied to "object-5" - SUCCESS
[2026-08-11 18:46:39] [LAW] Law "law-5" applied to "object-5" - SUCCESS
[2026-08-11 18:46:39] [LAW] Law "law-5" applied to "object-5" - SUCCESS
[2026-08-11 18:46:39] [LAW] Law "law-5" applied to "object-5" - SUCCESS
[2026-08-11 18:46:39] [LAW] Law "law-5" applied to "object-5" - SUCCESS
[2026-08-11 18:46:39] [LAW] Law "law-5" applied to "object-5" - SUCCESS
[2026-08-11 18:46:39] [LAW] Law "law-5" applied to "object-5" - SUCCESS
[2026-08-11 18:46:39] [LAW] Law "law-5" applied to "object-5" - SUCCESS
[2026-08-11 18:46:39] [LAW] Law "law-5" applied to "object-5" - SUCCESS
[2026-08-11 18:46:39] [LAW] Law "law-5" applied to "object-5" - SUCCESS
[2026-08-11 18:46:39] [LAW] Law "law-5" applied to "object-5" - SUCCESS
[2026-08-11 18:46:39] [LAW] Law "law-5" applied to "object-5" - SUCCESS
[2026-08-11 18:46:39] [LAW] Law "law-5" applied to "object-5" - SUCCESS
[2026-08-11 18:46:39] [LAW] Law "law-5" applied to "object-5" - SUCCESS
[2026-08-11 18:46:39] [LAW] Law "law-5" applied to "object-5" - SUCCESS
[2026-08-11 18:46:39] [LAW] Law "law-5" applied to "object-5" - SUCCESS
[2026-08-11 18:46:39] [LAW] Law "law-5" applied to "object-5" - SUCCESS
[2026-08-11 18:46:39] [EVENT] Event "relation-formed" triggered (Subject: law-2-targets-object-6, Object: null)
[2026-08-11 18:46:39] [EVENT] Event "relation-formed" triggered (Subject: law-1-authored-by-object-3, Object: null)
[2026-08-11 18:46:39] [EVENT] Event "law-registered" triggered (Subject: law-1, Object: null)
[2026-08-11 18:46:39] [EVENT] Event "relation-formed" triggered (Subject: law-2-authored-by-object-3, Object: null)
[2026-08-11 18:46:39] [EVENT] Event "relation-formed" triggered (Subject: law-2-targets-object-6, Object: null)
[2026-08-11 18:46:39] [EVENT] Event "law-registered" triggered (Subject: law-2, Object: null)
[2026-08-11 18:46:39] [LAW] Law "law-1" applied to "object-3" - SUCCESS
[2026-08-11 18:46:39] [EVENT] Event "law-applied" triggered (Subject: object-3, Object: null)
[2026-08-11 18:46:39] [LAW] Law "law-1" applied to "object-4" - SUCCESS
[2026-08-11 18:46:39] [EVENT] Event "law-applied" triggered (Subject: object-4, Object: null)
[2026-08-11 18:46:39] [EVENT] Event "relation-formed" triggered (Subject: law-5-authored-by-object-3, Object: null)
[2026-08-11 18:46:39] [EVENT] Event "law-registered" triggered (Subject: law-5, Object: null)
[2026-08-11 18:46:39] [LAW] Law "law-5" applied to "object-7" - SUCCESS
[2026-08-11 18:46:39] [EVENT] Event "law-applied" triggered (Subject: object-7, Object: null)
[2026-08-11 18:46:39] [EVENT] Event "object-created" triggered (Subject: object-6, Object: null)
[2026-08-11 18:46:39] [LAW] Law "law-2" applied to "object-6" - SUCCESS
[2026-08-11 18:46:39] [EVENT] Event "law-applied" triggered (Subject: object-6, Object: null)
[2026-08-11 18:46:39] [LAW] Law "law-2" applied to "object-6" - SUCCESS
[2026-08-11 18:46:39] [EVENT] Event "law-applied" triggered (Subject: object-6, Object: null)
[2026-08-11 18:46:39] [EVENT] Event "relation-formed" triggered (Subject: law-6-authored-by-object-3, Object: null)
[2026-08-11 18:46:39] [EVENT] Event "law-registered" triggered (Subject: law-6, Object: null)
[2026-08-11 18:46:39] [LAW] Law "law-6" applied to "object-8" - SUCCESS
[2026-08-11 18:46:39] [EVENT] Event "law-applied" triggered (Subject: object-8, Object: null)
[2026-08-11 18:46:39] [EVENT] Event "relation-formed" triggered (Subject: law-7-authored-by-object-3, Object: null)
[2026-08-11 18:46:39] [EVENT] Event "law-registered" triggered (Subject: law-7, Object: null)
[2026-08-11 18:46:39] [EVENT] Event "relation-formed" triggered (Subject: law-7-targets-object-4, Object: null)
[2026-08-11 18:46:39] [LAW] Law "law-7" applied to "object-4" - SUCCESS
[2026-08-11 18:46:39] [EVENT] Event "law-applied" triggered (Subject: object-4, Object: null)
[2026-08-11 18:46:39] [EVENT] Event "concept-registered" triggered (Subject: concept-1, Object: null)
[2026-08-11 18:46:39] [EVENT] Event "relation-formed" triggered (Subject: law-1-authored-by-Player, Object: null)
[2026-08-11 18:46:39] [EVENT] Event "law-registered" triggered (Subject: law-1, Object: null)
[2026-08-11 18:46:39] [EVENT] Event "onMouseClicked" triggered (Subject: Player, Object: null)
[2026-08-11 18:46:39] [LAW] Law "law-1" applied to "Player" - CONDITIONS FAILED
[2026-08-11 18:46:39] [EVENT] Event "onMouseClicked" triggered (Subject: Player, Object: null)
[2026-08-11 18:46:39] [LAW] Law "law-1" applied to "Player" - CONDITIONS FAILED
[2026-08-11 18:46:39] [EVENT] Event "onMouseClicked" triggered (Subject: Player, Object: null)
[2026-08-11 18:46:39] [EVENT] Event "relation-formed" triggered (Subject: object-6-generated-from-concept-1, Object: null)
[2026-08-11 18:46:39] [EVENT] Event "concept-instantiated" triggered (Subject: concept-1, Object: null)
[2026-08-11 18:46:39] [EVENT] Event "object-created" triggered (Subject: object-6, Object: Player)
[2026-08-11 18:46:39] [LAW] Law "law-1" applied to "Player" - SUCCESS
[2026-08-11 18:46:39] [EVENT] Event "onMouseClicked" triggered (Subject: Player, Object: null)
[2026-08-11 18:46:39] [EVENT] Event "relation-formed" triggered (Subject: object-7-generated-from-concept-1, Object: null)
[2026-08-11 18:46:39] [EVENT] Event "concept-instantiated" triggered (Subject: concept-1, Object: null)
[2026-08-11 18:46:39] [EVENT] Event "object-created" triggered (Subject: object-7, Object: Player)
[2026-08-11 18:46:39] [LAW] Law "law-1" applied to "Player" - SUCCESS
[2026-08-11 18:46:39] [EVENT] Event "onMouseClicked" triggered (Subject: Player, Object: null)
[2026-08-11 18:46:39] [EVENT] Event "relation-formed" triggered (Subject: object-8-generated-from-concept-1, Object: null)
[2026-08-11 18:46:39] [EVENT] Event "concept-instantiated" triggered (Subject: concept-1, Object: null)
[2026-08-11 18:46:39] [EVENT] Event "object-created" triggered (Subject: object-8, Object: Player)
[2026-08-11 18:46:39] [LAW] Law "law-1" applied to "Player" - SUCCESS
[2026-08-11 18:46:39] [EVENT] Event "onMouseClicked" triggered (Subject: Player, Object: null)
[2026-08-11 18:46:39] [EVENT] Event "relation-formed" triggered (Subject: object-9-generated-from-concept-1, Object: null)
[2026-08-11 18:46:39] [EVENT] Event "concept-instantiated" triggered (Subject: concept-1, Object: null)
[2026-08-11 18:46:39] [EVENT] Event "object-created" triggered (Subject: object-9, Object: Player)
[2026-08-11 18:46:39] [LAW] Law "law-1" applied to "Player" - SUCCESS
[2026-08-11 18:46:39] [EVENT] Event "onMouseClicked" triggered (Subject: Player, Object: null)
[2026-08-11 18:46:39] [EVENT] Event "relation-formed" triggered (Subject: object-10-generated-from-concept-1, Object: null)
[2026-08-11 18:46:39] [EVENT] Event "concept-instantiated" triggered (Subject: concept-1, Object: null)
[2026-08-11 18:46:39] [EVENT] Event "object-created" triggered (Subject: object-10, Object: Player)
[2026-08-11 18:46:39] [LAW] Law "law-1" applied to "Player" - SUCCESS
[2026-08-11 18:46:39] [EVENT] Event "relation-formed" triggered (Subject: law-1-authored-by-Player, Object: null)
[2026-08-11 18:46:39] [EVENT] Event "relation-formed" triggered (Subject: law-1-authored-by-Player, Object: null)
[2026-08-11 18:46:39] [EVENT] Event "law-registered" triggered (Subject: law-1, Object: null)
[2026-08-11 18:46:39] [EVENT] Event "law-registered" triggered (Subject: law-1, Object: null)
[2026-08-11 18:46:39] [EVENT] Event "onMouseClicked" triggered (Subject: Player, Object: null)
[2026-08-11 18:46:39] [EVENT] Event "onMouseClicked" triggered (Subject: Player, Object: null)
[2026-08-11 18:46:39] [EVENT] Event "relation-formed" triggered (Subject: object-12-generated-from-concept-1, Object: null)
[2026-08-11 18:46:39] [EVENT] Event "relation-formed" triggered (Subject: object-12-generated-from-concept-1, Object: null)
[2026-08-11 18:46:39] [EVENT] Event "concept-instantiated" triggered (Subject: concept-1, Object: null)
[2026-08-11 18:46:39] [EVENT] Event "concept-instantiated" triggered (Subject: concept-1, Object: null)
[2026-08-11 18:46:39] [EVENT] Event "object-created" triggered (Subject: object-12, Object: Player)
[2026-08-11 18:46:39] [EVENT] Event "object-created" triggered (Subject: object-12, Object: Player)
[2026-08-11 18:46:39] [LAW] Law "law-1" applied to "Player" - SUCCESS
[2026-08-11 18:46:39] [EVENT] Event "relation-formed" triggered (Subject: law-1-authored-by-object-3, Object: null)
[2026-08-11 18:46:39] [EVENT] Event "law-registered" triggered (Subject: law-1, Object: null)
[2026-08-11 18:46:39] [EVENT] Event "enters-world" triggered (Subject: object-5, Object: null)
[2026-08-11 18:46:39] [LAW] Law "law-1" applied to "object-5" - SUCCESS
[2026-08-11 18:46:39] [EVENT] Event "law-applied" triggered (Subject: object-5, Object: null)
[2026-08-11 18:46:39] [EVENT] Event "relation-formed" triggered (Subject: law-2-authored-by-object-3, Object: null)
[2026-08-11 18:46:39] [EVENT] Event "law-registered" triggered (Subject: law-2, Object: null)
[2026-08-11 18:46:39] [EVENT] Event "enters-world" triggered (Subject: object-5, Object: null)
[2026-08-11 18:46:39] [LAW] Law "law-1" applied to "object-5" - SUCCESS
[2026-08-11 18:46:39] [EVENT] Event "law-applied" triggered (Subject: object-5, Object: null)
[2026-08-11 18:46:39] [LAW] Law "law-2" applied to "object-5" - SUCCESS
[2026-08-11 18:46:39] [EVENT] Event "law-applied" triggered (Subject: object-5, Object: null)
[2026-08-11 18:46:39] [LAW] Law "law-2" applied to "object-5" - SUCCESS
[2026-08-11 18:46:39] [EVENT] Event "law-applied" triggered (Subject: object-5, Object: null)
[2026-08-11 18:46:39] [LAW] Law "law-2" applied to "object-5" - SUCCESS
[2026-08-11 18:46:39] [EVENT] Event "law-applied" triggered (Subject: object-5, Object: null)
[2026-08-11 18:46:39] [LAW] Law "law-2" applied to "object-5" - SUCCESS
[2026-08-11 18:46:39] [EVENT] Event "law-applied" triggered (Subject: object-5, Object: null)
[2026-08-11 18:46:39] [LAW] Law "law-2" applied to "object-5" - SUCCESS
[2026-08-11 18:46:39] [EVENT] Event "law-applied" triggered (Subject: object-5, Object: null)
[2026-08-11 18:46:39] [LAW] Law "law-2" applied to "object-5" - SUCCESS
[2026-08-11 18:46:39] [EVENT] Event "law-applied" triggered (Subject: object-5, Object: null)
[2026-08-11 18:46:39] [LAW] Law "law-2" applied to "object-5" - SUCCESS
[2026-08-11 18:46:39] [EVENT] Event "law-applied" triggered (Subject: object-5, Object: null)
[2026-08-11 18:46:39] [EVENT] Event "enters-world" triggered (Subject: object-5, Object: null)
[2026-08-11 18:46:39] [LAW] Law "law-1" applied to "object-5" - SUCCESS
[2026-08-11 18:46:39] [EVENT] Event "law-applied" triggered (Subject: object-5, Object: null)
[2026-08-11 18:46:39] [LAW] Law "law-1" applied to "object-4" - SUCCESS
[2026-08-11 18:46:39] [LAW] Law "law-1" applied to "object-4" - SUCCESS
[2026-08-11 18:46:39] [LAW] Law "law-2" applied to "object-5" - SUCCESS
[2026-08-11 18:46:39] [LAW] Law "law-2" applied to "object-5" - SUCCESS
[2026-08-11 18:46:39] [LAW] Law "law-4" applied to "object-9" - SUCCESS
[2026-08-11 18:46:39] [EVENT] Event "relation-formed" triggered (Subject: law-5-authored-by-object-3, Object: null)
[2026-08-11 18:46:39] [EVENT] Event "law-registered" triggered (Subject: law-5, Object: null)
[2026-08-11 18:46:39] [EVENT] Event "raise-signal" triggered (Subject: object-4, Object: null)
[2026-08-11 18:46:39] [LAW] Law "law-5" applied to "object-4" - SUCCESS
[2026-08-11 18:46:39] [EVENT] Event "law-applied" triggered (Subject: object-4, Object: null)
[2026-08-11 18:46:39] [LAW] Law "law-5" applied to "object-5" - SUCCESS
[2026-08-11 18:46:39] [EVENT] Event "law-applied" triggered (Subject: object-5, Object: null)
[2026-08-11 18:46:39] [EVENT] Event "relation-formed" triggered (Subject: law-7-authored-by-object-3, Object: null)
[2026-08-11 18:46:39] [EVENT] Event "law-registered" triggered (Subject: law-7, Object: null)
[2026-08-11 18:46:39] [LAW] Law "law-7" applied to "object-5" - SUCCESS
[2026-08-11 18:46:39] [EVENT] Event "law-applied" triggered (Subject: object-5, Object: null)
[2026-08-11 18:46:39] [EVENT] Event "relation-formed" triggered (Subject: law-4-authored-by-object-3, Object: null)
[2026-08-11 18:46:39] [EVENT] Event "relation-formed" triggered (Subject: law-4-targets-object-15, Object: null)
[2026-08-11 18:46:39] [LAW] Law "law-4" applied to "object-15" - SUCCESS
[2026-08-11 18:46:39] [EVENT] Event "law-applied" triggered (Subject: object-15, Object: null)
[2026-08-11 18:46:39] [EVENT] Event "relation-formed" triggered (Subject: object-4-touching-object-5, Object: null)
[2026-08-11 18:46:39] [EVENT] Event "relation-formed" triggered (Subject: object-4-owns-object-9, Object: null)
[2026-08-11 18:46:39] [EVENT] Event "relation-formed" triggered (Subject: law-9-authored-by-object-3, Object: null)
[2026-08-11 18:46:39] [EVENT] Event "law-registered" triggered (Subject: law-9, Object: null)
[2026-08-11 18:46:39] [EVENT] Event "relation-formed" triggered (Subject: law-9-targets-object-4, Object: null)
[2026-08-11 18:46:39] [EVENT] Event "relation-formed" triggered (Subject: law-10-authored-by-object-3, Object: null)
[2026-08-11 18:46:39] [EVENT] Event "law-registered" triggered (Subject: law-10, Object: null)
[2026-08-11 18:46:39] [EVENT] Event "contact-perceived" triggered (Subject: object-4, Object: object-5)
[2026-08-11 18:46:39] [LAW] Law "law-9" applied to "object-4" - SUCCESS
[2026-08-11 18:46:39] [EVENT] Event "law-applied" triggered (Subject: object-4, Object: null)
[2026-08-11 18:46:39] [LAW] Law "law-10" applied to "object-4" - SUCCESS
[2026-08-11 18:46:39] [EVENT] Event "law-applied" triggered (Subject: object-4, Object: null)
[2026-08-11 18:46:39] [LAW] Law "law-9" applied to "object-4" - CONDITIONS FAILED
[2026-08-11 18:46:39] [LAW] Law "law-9" applied to "object-4" - CONDITIONS FAILED
[2026-08-11 18:46:39] [LAW] Law "law-9" applied to "object-4" - CONDITIONS FAILED
[2026-08-11 18:46:39] [LAW] Law "law-9" applied to "object-4" - CONDITIONS FAILED
[2026-08-11 18:46:39] [EVENT] Event "relation-formed" triggered (Subject: law-11-authored-by-object-3, Object: null)
[2026-08-11 18:46:39] [LAW] Law "law-11" applied to "object-4" - NO EFFECT (Publish: unproven subject: no-such-being)
[2026-08-11 18:46:39] [EVENT] Event "law-applied" triggered (Subject: object-4, Object: null)
[2026-08-11 18:46:39] [EVENT] Event "relation-formed" triggered (Subject: law-1-authored-by-object-8, Object: null)
[2026-08-11 18:46:39] [EVENT] Event "law-registered" triggered (Subject: law-1, Object: null)
[2026-08-11 18:46:39] [EVENT] Event "person-joined-zone" triggered (Subject: object-7, Object: Commons)
[2026-08-11 18:46:39] [LAW] Law "law-1" applied to "object-7" - CONDITIONS FAILED
[2026-08-11 18:46:39] [EVENT] Event "person-joined-zone" triggered (Subject: object-7, Object: Home)
[2026-08-11 18:46:39] [LAW] Law "law-1" applied to "object-7" - SUCCESS
[2026-08-11 18:51:04] [LAW] Law "law-1" applied to "object-5" - SUCCESS
[2026-08-11 18:51:04] [LAW] Law "law-1" applied to "object-6" - CONDITIONS FAILED
[2026-08-11 18:51:04] [LAW] Law "law-1" applied to "object-8" - SUCCESS
[2026-08-11 18:51:04] [LAW] Law "law-1" applied to "object-9" - CONDITIONS FAILED
[2026-08-11 18:51:04] [LAW] Law "law-3" applied to "object-11" - SUCCESS
[2026-08-11 18:51:04] [LAW] Law "law-4" applied to "object-13" - NO EFFECT (Map: outside the authored bounds)
[2026-08-11 18:51:04] [LAW] Law "law-5" applied to "object-15" - SUCCESS
[2026-08-11 18:51:04] [LAW] Law "law-6" applied to "object-17" - SUCCESS
[2026-08-11 18:51:04] [LAW] Law "law-7" applied to "object-20" - SUCCESS
[2026-08-11 18:51:04] [LAW] Law "law-8" applied to "object-22" - SUCCESS
[2026-08-11 18:51:04] [LAW] Law "law-9" applied to "object-27" - SUCCESS
[2026-08-11 18:51:05] [EVENT] Event "law-registered" triggered (Subject: law-1, Object: null)
[2026-08-11 18:51:05] [EVENT] Event "birth-signal" triggered (Subject: World, Object: null)
[2026-08-11 18:51:05] [EVENT] Event "relation-formed" triggered (Subject: law-1-authored-by-object-3, Object: null)
[2026-08-11 18:51:05] [EVENT] Event "birth-signal" triggered (Subject: World, Object: null)
[2026-08-11 18:51:05] [EVENT] Event "relation-formed" triggered (Subject: object-14-generated-from-concept-1, Object: null)
[2026-08-11 18:51:05] [EVENT] Event "relation-formed" triggered (Subject: object-15-generated-from-concept-1, Object: null)
[2026-08-11 18:51:05] [EVENT] Event "concept-instantiated" triggered (Subject: concept-1, Object: null)
[2026-08-11 18:51:05] [EVENT] Event "object-created" triggered (Subject: object-14, Object: World)
[2026-08-11 18:51:05] [EVENT] Event "object-created" triggered (Subject: object-15, Object: World)
[2026-08-11 18:51:05] [LAW] Law "law-1" applied to "World" - SUCCESS
[2026-08-11 18:51:05] [EVENT] Event "law-applied" triggered (Subject: World, Object: null)
[2026-08-11 18:51:05] [EVENT] Event "relation-formed" triggered (Subject: concept-3-abstracted-from-object-16, Object: null)
[2026-08-11 18:51:05] [EVENT] Event "relation-formed" triggered (Subject: concept-3-authored-by-object-3, Object: null)
[2026-08-11 18:51:05] [EVENT] Event "relation-formed" triggered (Subject: object-18-generated-from-concept-3, Object: null)
[2026-08-11 18:51:05] [EVENT] Event "concept-instantiated" triggered (Subject: concept-3, Object: null)
[2026-08-11 18:51:05] [EVENT] Event "relation-formed" triggered (Subject: object-19-generated-from-concept-3, Object: null)
[2026-08-11 18:51:05] [EVENT] Event "concept-instantiated" triggered (Subject: concept-3, Object: null)
[2026-08-11 18:51:05] [EVENT] Event "relation-formed" triggered (Subject: law-2-authored-by-object-3, Object: null)
[2026-08-11 18:51:05] [EVENT] Event "law-registered" triggered (Subject: law-2, Object: null)
[2026-08-11 18:51:05] [LAW] Law "law-2" applied to "object-16" - SUCCESS
[2026-08-11 18:51:05] [EVENT] Event "law-applied" triggered (Subject: object-16, Object: null)
[2026-08-11 18:51:05] [EVENT] Event "relation-formed" triggered (Subject: concept-5-abstracted-from-object-16, Object: null)
[2026-08-11 18:51:05] [EVENT] Event "relation-formed" triggered (Subject: concept-5-authored-by-object-3, Object: null)
[2026-08-11 18:51:05] [EVENT] Event "relation-formed" triggered (Subject: object-23-generated-from-concept-5, Object: null)
[2026-08-11 18:51:05] [EVENT] Event "concept-instantiated" triggered (Subject: concept-5, Object: null)
[2026-08-11 18:51:05] [EVENT] Event "relation-formed" triggered (Subject: law-3-authored-by-object-3, Object: null)
[2026-08-11 18:51:05] [EVENT] Event "law-registered" triggered (Subject: law-3, Object: null)
[2026-08-11 18:51:05] [LAW] Law "law-3" applied to "object-16" - SUCCESS
[2026-08-11 18:51:05] [EVENT] Event "law-applied" triggered (Subject: object-16, Object: null)
[2026-08-11 18:51:05] [EVENT] Event "relation-formed" triggered (Subject: object-25-generated-from-concept-5, Object: null)
[2026-08-11 18:51:05] [EVENT] Event "concept-instantiated" triggered (Subject: concept-5, Object: null)
[2026-08-11 18:51:05] [EVENT] Event "relation-formed" triggered (Subject: law-4-authored-by-object-3, Object: null)
[2026-08-11 18:51:05] [EVENT] Event "law-registered" triggered (Subject: law-4, Object: null)
[2026-08-11 18:51:05] [LAW] Law "law-4" applied to "object-16" - NO EFFECT (Set: Read Only)
[2026-08-11 18:51:05] [EVENT] Event "law-applied" triggered (Subject: object-16, Object: null)
[2026-08-11 18:51:05] [EVENT] Event "relation-formed" triggered (Subject: object-27-attached-to-object-28, Object: null)
[2026-08-11 18:51:05] [EVENT] Event "relation-formed" triggered (Subject: concept-6-abstracted-from-object-27, Object: null)
[2026-08-11 18:51:05] [EVENT] Event "relation-formed" triggered (Subject: concept-6-abstracted-from-object-28, Object: null)
[2026-08-11 18:51:05] [EVENT] Event "relation-formed" triggered (Subject: concept-6-authored-by-object-3, Object: null)
[2026-08-11 18:51:05] [EVENT] Event "relation-formed" triggered (Subject: object-30-generated-from-concept-6, Object: null)
[2026-08-11 18:51:05] [EVENT] Event "relation-formed" triggered (Subject: object-31-generated-from-concept-6, Object: null)
[2026-08-11 18:51:05] [EVENT] Event "relation-formed" triggered (Subject: object-30-attached-to-object-31, Object: null)
[2026-08-11 18:51:05] [EVENT] Event "concept-instantiated" triggered (Subject: concept-6, Object: null)
[2026-08-11 18:51:06] [LAW] Law "law-1" applied to "object-4" - SUCCESS
[2026-08-11 18:51:06] [LAW] Law "law-1" applied to "World" - NO EFFECT (Destroy: only Objects can be unmade today)
[2026-08-11 18:51:06] [LAW] Law "law-2" applied to "object-6" - NO EFFECT (Set: No Such Property)
[2026-08-11 18:51:06] [LAW] Law "law-3" applied to "object-6" - SUCCESS
[2026-08-11 18:51:06] [LAW] Law "law-4" applied to "object-10" - NO EFFECT (Set: No Such Property)
[2026-08-11 18:51:06] [LAW] Law "law-11" applied to "object-22" - SUCCESS
[2026-08-11 18:51:06] [LAW] Law "law-12" applied to "object-26" - SUCCESS
[2026-08-11 18:51:06] [LAW] Law "law-12" applied to "object-26" - SUCCESS
[2026-08-11 18:51:06] [LAW] Law "law-12" applied to "object-26" - SUCCESS
[2026-08-11 18:51:06] [LAW] Law "law-12" applied to "object-26" - SUCCESS
[2026-08-11 18:51:06] [LAW] Law "law-13" applied to "object-26" - NO EFFECT (Flow: cannot read objectType)
[2026-08-11 18:51:06] [LAW] Law "law-1" applied to "object-5" - CONDITIONS FAILED
[2026-08-11 18:51:06] [LAW] Law "law-1" applied to "object-5" - SUCCESS
[2026-08-11 18:51:06] [LAW] Law "law-1" applied to "object-5" - SUCCESS
[2026-08-11 18:51:06] [LAW] Law "law-2" applied to "object-8" - NO ACTIONS
[2026-08-11 18:51:08] [LAW] Law "law-2" applied to "law-1" - SUCCESS
[2026-08-11 18:51:08] [LAW] Law "law-3" applied to "law-1" - SUCCESS
[2026-08-11 18:51:08] [LAW] Law "law-5" applied to "law-4" - SUCCESS
[2026-08-11 18:51:08] [LAW] Law "law-7" applied to "object-12" - SUCCESS
[2026-08-11 18:51:08] [LAW] Law "law-7" applied to "object-14" - SUCCESS
[2026-08-11 18:51:08] [LAW] Law "law-9" applied to "object-17" - SUCCESS
[2026-08-11 18:51:08] [LAW] Law "law-10" applied to "object-17" - SUCCESS
[2026-08-11 18:51:08] [LAW] Law "law-9" applied to "object-17" - SUCCESS
[2026-08-11 18:51:08] [LAW] Law "law-10" applied to "object-17" - SUCCESS
[2026-08-11 18:51:08] [LAW] Law "law-9" applied to "object-17" - SUCCESS
[2026-08-11 18:51:08] [LAW] Law "law-10" applied to "object-17" - SUCCESS
[2026-08-11 18:51:08] [LAW] Law "law-9" applied to "object-17" - SUCCESS
[2026-08-11 18:51:08] [LAW] Law "law-10" applied to "object-17" - SUCCESS
[2026-08-11 18:51:08] [LAW] Law "law-9" applied to "object-17" - SUCCESS
[2026-08-11 18:51:08] [LAW] Law "law-10" applied to "object-17" - SUCCESS
[2026-08-11 18:51:08] [LAW] Law "law-9" applied to "object-17" - SUCCESS
[2026-08-11 18:51:08] [LAW] Law "law-10" applied to "object-17" - SUCCESS
[2026-08-11 18:51:08] [LAW] Law "law-9" applied to "object-17" - SUCCESS
[2026-08-11 18:51:08] [LAW] Law "law-10" applied to "object-17" - SUCCESS
[2026-08-11 18:51:08] [LAW] Law "law-9" applied to "object-17" - SUCCESS
[2026-08-11 18:51:08] [LAW] Law "law-10" applied to "object-17" - SUCCESS
[2026-08-11 18:51:08] [LAW] Law "law-9" applied to "object-17" - SUCCESS
[2026-08-11 18:51:08] [LAW] Law "law-10" applied to "object-17" - SUCCESS
[2026-08-11 18:51:08] [LAW] Law "law-9" applied to "object-17" - SUCCESS
[2026-08-11 18:51:08] [LAW] Law "law-10" applied to "object-17" - SUCCESS
[2026-08-11 18:51:08] [LAW] Law "law-9" applied to "object-17" - SUCCESS
[2026-08-11 18:51:08] [LAW] Law "law-10" applied to "object-17" - SUCCESS
[2026-08-11 18:51:08] [LAW] Law "law-9" applied to "object-17" - SUCCESS
[2026-08-11 18:51:08] [LAW] Law "law-10" applied to "object-17" - SUCCESS
[2026-08-11 18:51:08] [LAW] Law "law-9" applied to "object-17" - SUCCESS
[2026-08-11 18:51:08] [LAW] Law "law-10" applied to "object-17" - SUCCESS
[2026-08-11 18:51:08] [LAW] Law "law-9" applied to "object-17" - SUCCESS
[2026-08-11 18:51:08] [LAW] Law "law-10" applied to "object-17" - SUCCESS
[2026-08-11 18:51:08] [LAW] Law "law-9" applied to "object-17" - SUCCESS
[2026-08-11 18:51:08] [LAW] Law "law-10" applied to "object-17" - SUCCESS
[2026-08-11 18:51:08] [LAW] Law "law-9" applied to "object-17" - SUCCESS
[2026-08-11 18:51:08] [LAW] Law "law-10" applied to "object-17" - SUCCESS
[2026-08-11 18:51:08] [LAW] Law "law-9" applied to "object-17" - SUCCESS
[2026-08-11 18:51:08] [LAW] Law "law-10" applied to "object-17" - SUCCESS
[2026-08-11 18:51:08] [LAW] Law "law-9" applied to "object-17" - SUCCESS
[2026-08-11 18:51:08] [LAW] Law "law-10" applied to "object-17" - SUCCESS
[2026-08-11 18:51:08] [LAW] Law "law-9" applied to "object-17" - SUCCESS
[2026-08-11 18:51:08] [LAW] Law "law-10" applied to "object-17" - SUCCESS
[2026-08-11 18:51:08] [LAW] Law "law-9" applied to "object-17" - SUCCESS
[2026-08-11 18:51:08] [LAW] Law "law-10" applied to "object-17" - SUCCESS
[2026-08-11 18:51:08] [LAW] Law "law-9" applied to "object-17" - SUCCESS
[2026-08-11 18:51:08] [LAW] Law "law-10" applied to "object-17" - SUCCESS
[2026-08-11 18:51:08] [LAW] Law "law-9" applied to "object-17" - SUCCESS
[2026-08-11 18:51:08] [LAW] Law "law-10" applied to "object-17" - SUCCESS
[2026-08-11 18:51:08] [LAW] Law "law-9" applied to "object-17" - SUCCESS
[2026-08-11 18:51:08] [LAW] Law "law-10" applied to "object-17" - SUCCESS
[2026-08-11 18:51:08] [LAW] Law "law-9" applied to "object-17" - SUCCESS
[2026-08-11 18:51:08] [LAW] Law "law-10" applied to "object-17" - SUCCESS
[2026-08-11 18:51:08] [LAW] Law "law-9" applied to "object-17" - SUCCESS
[2026-08-11 18:51:08] [LAW] Law "law-10" applied to "object-17" - SUCCESS
[2026-08-11 18:51:08] [LAW] Law "law-9" applied to "object-17" - SUCCESS
[2026-08-11 18:51:08] [LAW] Law "law-10" applied to "object-17" - SUCCESS
[2026-08-11 18:51:08] [LAW] Law "law-9" applied to "object-17" - SUCCESS
[2026-08-11 18:51:08] [LAW] Law "law-10" applied to "object-17" - SUCCESS
[2026-08-11 18:51:08] [LAW] Law "law-9" applied to "object-17" - SUCCESS
[2026-08-11 18:51:08] [LAW] Law "law-10" applied to "object-17" - SUCCESS
[2026-08-11 18:51:08] [LAW] Law "law-9" applied to "object-17" - SUCCESS
[2026-08-11 18:51:08] [LAW] Law "law-10" applied to "object-17" - SUCCESS
[2026-08-11 18:51:08] [LAW] Law "law-9" applied to "object-17" - SUCCESS
[2026-08-11 18:51:08] [LAW] Law "law-10" applied to "object-17" - SUCCESS
[2026-08-11 18:51:08] [LAW] Law "law-9" applied to "object-17" - SUCCESS
[2026-08-11 18:51:08] [LAW] Law "law-10" applied to "object-17" - SUCCESS
[2026-08-11 18:51:08] [LAW] Law "law-9" applied to "object-17" - SUCCESS
[2026-08-11 18:51:08] [LAW] Law "law-10" applied to "object-17" - SUCCESS
[2026-08-11 18:51:08] [LAW] Law "law-9" applied to "object-17" - SUCCESS
[2026-08-11 18:51:08] [LAW] Law "law-10" applied to "object-17" - SUCCESS
[2026-08-11 18:51:08] [LAW] Law "law-9" applied to "object-17" - SUCCESS
[2026-08-11 18:51:08] [LAW] Law "law-10" applied to "object-17" - SUCCESS
[2026-08-11 18:51:08] [LAW] Law "law-9" applied to "object-17" - SUCCESS
[2026-08-11 18:51:08] [LAW] Law "law-10" applied to "object-17" - SUCCESS
[2026-08-11 18:51:08] [LAW] Law "law-9" applied to "object-17" - SUCCESS
[2026-08-11 18:51:08] [LAW] Law "law-10" applied to "object-17" - SUCCESS
[2026-08-11 18:51:08] [LAW] Law "law-9" applied to "object-17" - SUCCESS
[2026-08-11 18:51:08] [LAW] Law "law-10" applied to "object-17" - SUCCESS
[2026-08-11 18:51:08] [LAW] Law "law-9" applied to "object-17" - SUCCESS
[2026-08-11 18:51:08] [LAW] Law "law-10" applied to "object-17" - SUCCESS
[2026-08-11 18:51:08] [LAW] Law "law-9" applied to "object-17" - SUCCESS
[2026-08-11 18:51:08] [LAW] Law "law-10" applied to "object-17" - SUCCESS
[2026-08-11 18:51:08] [LAW] Law "law-9" applied to "object-17" - SUCCESS
[2026-08-11 18:51:08] [LAW] Law "law-10" applied to "object-17" - SUCCESS
[2026-08-11 18:51:08] [LAW] Law "law-9" applied to "object-17" - SUCCESS
[2026-08-11 18:51:08] [LAW] Law "law-10" applied to "object-17" - SUCCESS
[2026-08-11 18:51:08] [LAW] Law "law-9" applied to "object-17" - SUCCESS
[2026-08-11 18:51:08] [LAW] Law "law-10" applied to "object-17" - SUCCESS
[2026-08-11 18:51:08] [LAW] Law "law-9" applied to "object-17" - SUCCESS
[2026-08-11 18:51:08] [LAW] Law "law-10" applied to "object-17" - SUCCESS
[2026-08-11 18:51:08] [LAW] Law "law-9" applied to "object-17" - SUCCESS
[2026-08-11 18:51:08] [LAW] Law "law-10" applied to "object-17" - SUCCESS
[2026-08-11 18:51:08] [LAW] Law "law-9" applied to "object-17" - SUCCESS
[2026-08-11 18:51:08] [LAW] Law "law-10" applied to "object-17" - SUCCESS
[2026-08-11 18:51:08] [LAW] Law "law-9" applied to "object-17" - SUCCESS
[2026-08-11 18:51:08] [LAW] Law "law-10" applied to "object-17" - SUCCESS
[2026-08-11 18:51:08] [LAW] Law "law-9" applied to "object-17" - SUCCESS
[2026-08-11 18:51:08] [LAW] Law "law-10" applied to "object-17" - SUCCESS
[2026-08-11 18:51:08] [LAW] Law "law-9" applied to "object-17" - SUCCESS
[2026-08-11 18:51:08] [LAW] Law "law-10" applied to "object-17" - SUCCESS
[2026-08-11 18:51:08] [LAW] Law "law-9" applied to "object-17" - SUCCESS
[2026-08-11 18:51:08] [LAW] Law "law-10" applied to "object-17" - SUCCESS
[2026-08-11 18:51:08] [LAW] Law "law-9" applied to "object-17" - SUCCESS
[2026-08-11 18:51:08] [LAW] Law "law-10" applied to "object-17" - SUCCESS
[2026-08-11 18:51:08] [LAW] Law "law-9" applied to "object-17" - SUCCESS
[2026-08-11 18:51:08] [LAW] Law "law-10" applied to "object-17" - SUCCESS
[2026-08-11 18:51:08] [LAW] Law "law-9" applied to "object-17" - SUCCESS
[2026-08-11 18:51:08] [LAW] Law "law-10" applied to "object-17" - SUCCESS
[2026-08-11 18:51:08] [LAW] Law "law-9" applied to "object-17" - SUCCESS
[2026-08-11 18:51:08] [LAW] Law "law-10" applied to "object-17" - SUCCESS
[2026-08-11 18:51:08] [LAW] Law "law-9" applied to "object-17" - SUCCESS
[2026-08-11 18:51:08] [LAW] Law "law-10" applied to "object-17" - SUCCESS
[2026-08-11 18:51:08] [LAW] Law "law-9" applied to "object-17" - SUCCESS
[2026-08-11 18:51:08] [LAW] Law "law-10" applied to "object-17" - SUCCESS
[2026-08-11 18:51:08] [LAW] Law "law-9" applied to "object-17" - SUCCESS
[2026-08-11 18:51:08] [LAW] Law "law-10" applied to "object-17" - SUCCESS
[2026-08-11 18:51:08] [LAW] Law "law-9" applied to "object-17" - SUCCESS
[2026-08-11 18:51:08] [LAW] Law "law-10" applied to "object-17" - SUCCESS
[2026-08-11 18:51:08] [LAW] Law "law-9" applied to "object-17" - SUCCESS
[2026-08-11 18:51:08] [LAW] Law "law-10" applied to "object-17" - SUCCESS
[2026-08-11 18:51:08] [LAW] Law "law-9" applied to "object-17" - SUCCESS
[2026-08-11 18:51:08] [LAW] Law "law-10" applied to "object-17" - SUCCESS
[2026-08-11 18:51:08] [LAW] Law "law-9" applied to "object-17" - SUCCESS
[2026-08-11 18:51:08] [LAW] Law "law-10" applied to "object-17" - SUCCESS
[2026-08-11 18:51:08] [LAW] Law "law-9" applied to "object-17" - SUCCESS
[2026-08-11 18:51:08] [LAW] Law "law-10" applied to "object-17" - SUCCESS
[2026-08-11 18:51:08] [LAW] Law "law-9" applied to "object-17" - SUCCESS
[2026-08-11 18:51:08] [LAW] Law "law-10" applied to "object-17" - SUCCESS
[2026-08-11 18:51:08] [LAW] Law "law-9" applied to "object-17" - SUCCESS
[2026-08-11 18:51:08] [LAW] Law "law-10" applied to "object-17" - SUCCESS
[2026-08-11 18:51:08] [LAW] Law "law-9" applied to "object-17" - SUCCESS
[2026-08-11 18:51:08] [LAW] Law "law-10" applied to "object-17" - SUCCESS
[2026-08-11 18:51:08] [LAW] Law "law-9" applied to "object-17" - SUCCESS
[2026-08-11 18:51:08] [LAW] Law "law-10" applied to "object-17" - SUCCESS
[2026-08-11 18:51:08] [LAW] Law "law-9" applied to "object-17" - SUCCESS
[2026-08-11 18:51:08] [LAW] Law "law-10" applied to "object-17" - SUCCESS
[2026-08-11 18:51:08] [LAW] Law "law-9" applied to "object-17" - SUCCESS
[2026-08-11 18:51:08] [LAW] Law "law-10" applied to "object-17" - SUCCESS
[2026-08-11 18:51:08] [LAW] Law "law-9" applied to "object-17" - SUCCESS
[2026-08-11 18:51:08] [LAW] Law "law-10" applied to "object-17" - SUCCESS
[2026-08-11 18:51:08] [LAW] Law "law-9" applied to "object-17" - SUCCESS
[2026-08-11 18:51:08] [LAW] Law "law-10" applied to "object-17" - SUCCESS
[2026-08-11 18:51:08] [LAW] Law "law-9" applied to "object-17" - SUCCESS
[2026-08-11 18:51:08] [LAW] Law "law-10" applied to "object-17" - SUCCESS
[2026-08-11 18:51:08] [LAW] Law "law-9" applied to "object-17" - SUCCESS
[2026-08-11 18:51:08] [LAW] Law "law-10" applied to "object-17" - SUCCESS
[2026-08-11 18:51:08] [LAW] Law "law-9" applied to "object-17" - SUCCESS
[2026-08-11 18:51:08] [LAW] Law "law-10" applied to "object-17" - SUCCESS
[2026-08-11 18:51:08] [LAW] Law "law-9" applied to "object-17" - SUCCESS
[2026-08-11 18:51:08] [LAW] Law "law-10" applied to "object-17" - SUCCESS
[2026-08-11 18:51:08] [LAW] Law "law-9" applied to "object-17" - SUCCESS
[2026-08-11 18:51:08] [LAW] Law "law-10" applied to "object-17" - SUCCESS
[2026-08-11 18:51:08] [LAW] Law "law-9" applied to "object-17" - SUCCESS
[2026-08-11 18:51:08] [LAW] Law "law-10" applied to "object-17" - SUCCESS
[2026-08-11 18:51:08] [LAW] Law "law-9" applied to "object-17" - SUCCESS
[2026-08-11 18:51:08] [LAW] Law "law-10" applied to "object-17" - SUCCESS
[2026-08-11 18:51:08] [LAW] Law "law-9" applied to "object-17" - SUCCESS
[2026-08-11 18:51:08] [LAW] Law "law-10" applied to "object-17" - SUCCESS
[2026-08-11 18:51:08] [LAW] Law "law-9" applied to "object-17" - SUCCESS
[2026-08-11 18:51:08] [LAW] Law "law-10" applied to "object-17" - SUCCESS
[2026-08-11 18:51:08] [LAW] Law "law-9" applied to "object-17" - SUCCESS
[2026-08-11 18:51:08] [LAW] Law "law-10" applied to "object-17" - SUCCESS
[2026-08-11 18:51:08] [LAW] Law "law-9" applied to "object-17" - SUCCESS
[2026-08-11 18:51:08] [LAW] Law "law-10" applied to "object-17" - SUCCESS
[2026-08-11 18:51:08] [LAW] Law "law-9" applied to "object-17" - SUCCESS
[2026-08-11 18:51:08] [LAW] Law "law-10" applied to "object-17" - SUCCESS
[2026-08-11 18:51:08] [LAW] Law "law-9" applied to "object-17" - SUCCESS
[2026-08-11 18:51:08] [LAW] Law "law-10" applied to "object-17" - SUCCESS
[2026-08-11 18:51:08] [LAW] Law "law-9" applied to "object-17" - SUCCESS
[2026-08-11 18:51:08] [LAW] Law "law-10" applied to "object-17" - SUCCESS
[2026-08-11 18:51:08] [LAW] Law "law-9" applied to "object-17" - SUCCESS
[2026-08-11 18:51:08] [LAW] Law "law-10" applied to "object-17" - SUCCESS
[2026-08-11 18:51:08] [LAW] Law "law-9" applied to "object-17" - SUCCESS
[2026-08-11 18:51:08] [LAW] Law "law-10" applied to "object-17" - SUCCESS
[2026-08-11 18:51:08] [LAW] Law "law-9" applied to "object-17" - SUCCESS
[2026-08-11 18:51:08] [LAW] Law "law-10" applied to "object-17" - SUCCESS
[2026-08-11 18:51:08] [LAW] Law "law-9" applied to "object-17" - SUCCESS
[2026-08-11 18:51:08] [LAW] Law "law-10" applied to "object-17" - SUCCESS
[2026-08-11 18:51:08] [LAW] Law "law-9" applied to "object-17" - SUCCESS
[2026-08-11 18:51:08] [LAW] Law "law-10" applied to "object-17" - SUCCESS
[2026-08-11 18:51:08] [LAW] Law "law-9" applied to "object-17" - SUCCESS
[2026-08-11 18:51:08] [LAW] Law "law-10" applied to "object-17" - SUCCESS
[2026-08-11 18:51:08] [LAW] Law "law-9" applied to "object-17" - SUCCESS
[2026-08-11 18:51:08] [LAW] Law "law-10" applied to "object-17" - SUCCESS
[2026-08-11 18:51:08] [LAW] Law "law-9" applied to "object-17" - SUCCESS
[2026-08-11 18:51:08] [LAW] Law "law-10" applied to "object-17" - SUCCESS
[2026-08-11 18:51:08] [LAW] Law "law-9" applied to "object-17" - SUCCESS
[2026-08-11 18:51:08] [LAW] Law "law-10" applied to "object-17" - SUCCESS
[2026-08-11 18:51:08] [LAW] Law "law-9" applied to "object-17" - SUCCESS
[2026-08-11 18:51:08] [LAW] Law "law-10" applied to "object-17" - SUCCESS
[2026-08-11 18:51:08] [LAW] Law "law-9" applied to "object-17" - SUCCESS
[2026-08-11 18:51:08] [LAW] Law "law-10" applied to "object-17" - SUCCESS
[2026-08-11 18:51:08] [LAW] Law "law-9" applied to "object-17" - SUCCESS
[2026-08-11 18:51:08] [LAW] Law "law-10" applied to "object-17" - SUCCESS
[2026-08-11 18:51:08] [LAW] Law "law-9" applied to "object-17" - SUCCESS
[2026-08-11 18:51:08] [LAW] Law "law-10" applied to "object-17" - SUCCESS
[2026-08-11 18:51:08] [LAW] Law "law-9" applied to "object-17" - SUCCESS
[2026-08-11 18:51:08] [LAW] Law "law-10" applied to "object-17" - SUCCESS
[2026-08-11 18:51:08] [LAW] Law "law-9" applied to "object-17" - SUCCESS
[2026-08-11 18:51:08] [LAW] Law "law-10" applied to "object-17" - SUCCESS
[2026-08-11 18:51:08] [LAW] Law "law-9" applied to "object-17" - SUCCESS
[2026-08-11 18:51:08] [LAW] Law "law-10" applied to "object-17" - SUCCESS
[2026-08-11 18:51:08] [LAW] Law "law-9" applied to "object-17" - SUCCESS
[2026-08-11 18:51:08] [LAW] Law "law-10" applied to "object-17" - SUCCESS
[2026-08-11 18:51:08] [LAW] Law "law-9" applied to "object-17" - SUCCESS
[2026-08-11 18:51:08] [LAW] Law "law-10" applied to "object-17" - SUCCESS
[2026-08-11 18:51:08] [LAW] Law "law-9" applied to "object-17" - SUCCESS
[2026-08-11 18:51:08] [LAW] Law "law-10" applied to "object-17" - SUCCESS
[2026-08-11 18:51:08] [LAW] Law "law-9" applied to "object-17" - SUCCESS
[2026-08-11 18:51:08] [LAW] Law "law-10" applied to "object-17" - SUCCESS
[2026-08-11 18:51:08] [LAW] Law "law-9" applied to "object-17" - SUCCESS
[2026-08-11 18:51:08] [LAW] Law "law-10" applied to "object-17" - SUCCESS
[2026-08-11 18:51:08] [LAW] Law "law-9" applied to "object-17" - SUCCESS
[2026-08-11 18:51:08] [LAW] Law "law-10" applied to "object-17" - SUCCESS
[2026-08-11 18:51:08] [LAW] Law "law-9" applied to "object-17" - SUCCESS
[2026-08-11 18:51:08] [LAW] Law "law-10" applied to "object-17" - SUCCESS
[2026-08-11 18:51:08] [LAW] Law "law-9" applied to "object-17" - SUCCESS
[2026-08-11 18:51:08] [LAW] Law "law-10" applied to "object-17" - SUCCESS
[2026-08-11 18:51:08] [LAW] Law "law-9" applied to "object-17" - SUCCESS
[2026-08-11 18:51:08] [LAW] Law "law-10" applied to "object-17" - SUCCESS
[2026-08-11 18:51:08] [LAW] Law "law-9" applied to "object-17" - SUCCESS
[2026-08-11 18:51:08] [LAW] Law "law-10" applied to "object-17" - SUCCESS
[2026-08-11 18:51:08] [LAW] Law "law-9" applied to "object-17" - SUCCESS
[2026-08-11 18:51:08] [LAW] Law "law-10" applied to "object-17" - SUCCESS
[2026-08-11 18:51:08] [LAW] Law "law-9" applied to "object-17" - SUCCESS
[2026-08-11 18:51:08] [LAW] Law "law-10" applied to "object-17" - SUCCESS
[2026-08-11 18:51:08] [LAW] Law "law-9" applied to "object-17" - SUCCESS
[2026-08-11 18:51:08] [LAW] Law "law-10" applied to "object-17" - SUCCESS
[2026-08-11 18:51:08] [LAW] Law "law-9" applied to "object-17" - SUCCESS
[2026-08-11 18:51:08] [LAW] Law "law-10" applied to "object-17" - SUCCESS
[2026-08-11 18:51:08] [LAW] Law "law-9" applied to "object-17" - SUCCESS
[2026-08-11 18:51:08] [LAW] Law "law-10" applied to "object-17" - SUCCESS
[2026-08-11 18:51:08] [LAW] Law "law-9" applied to "object-17" - SUCCESS
[2026-08-11 18:51:08] [LAW] Law "law-10" applied to "object-17" - SUCCESS
[2026-08-11 18:51:08] [LAW] Law "law-9" applied to "object-17" - SUCCESS
[2026-08-11 18:51:08] [LAW] Law "law-10" applied to "object-17" - SUCCESS
[2026-08-11 18:51:08] [LAW] Law "law-9" applied to "object-17" - SUCCESS
[2026-08-11 18:51:08] [LAW] Law "law-10" applied to "object-17" - SUCCESS
[2026-08-11 18:51:08] [LAW] Law "law-9" applied to "object-17" - SUCCESS
[2026-08-11 18:51:08] [LAW] Law "law-10" applied to "object-17" - SUCCESS
[2026-08-11 18:51:08] [LAW] Law "law-9" applied to "object-17" - SUCCESS
[2026-08-11 18:51:08] [LAW] Law "law-10" applied to "object-17" - SUCCESS
[2026-08-11 18:51:08] [LAW] Law "law-9" applied to "object-17" - SUCCESS
[2026-08-11 18:51:08] [LAW] Law "law-10" applied to "object-17" - SUCCESS
[2026-08-11 18:51:09] [LAW] Law "law-1" applied to "object-5" - SUCCESS
[2026-08-11 18:51:09] [LAW] Law "law-1" applied to "object-5" - CONDITIONS FAILED
[2026-08-11 18:51:09] [LAW] Law "law-1" applied to "object-7" - SUCCESS
[2026-08-11 18:51:09] [LAW] Law "law-3" applied to "object-9" - SUCCESS
[2026-08-11 18:51:09] [LAW] Law "law-3" applied to "object-10" - CONDITIONS FAILED
[2026-08-11 18:51:09] [LAW] Law "law-3" applied to "object-12" - SUCCESS
[2026-08-11 18:51:09] [LAW] Law "law-5" applied to "object-14" - SUCCESS
[2026-08-11 18:51:09] [LAW] Law "law-6" applied to "TestSubject" - CONDITIONS FAILED
[2026-08-11 18:51:09] [LAW] Law "law-6" applied to "TestSubject" - SUCCESS
[2026-08-11 18:51:09] [LAW] Law "law-7" applied to "TestSubject" - SUCCESS
[2026-08-11 18:51:09] [LAW] Law "law-8" applied to "TestSubject" - SUCCESS
[2026-08-11 18:51:09] [LAW] Law "law-8" applied to "TestSubject" - CONDITIONS FAILED
[2026-08-11 18:51:09] [LAW] Law "law-9" applied to "object-42" - CONDITIONS FAILED
[2026-08-11 18:51:09] [LAW] Law "law-9" applied to "object-42" - CONDITIONS FAILED
[2026-08-11 18:51:09] [LAW] Law "law-9" applied to "object-42" - SUCCESS
[2026-08-11 18:51:09] [LAW] Law "law-9" applied to "object-42" - SUCCESS
[2026-08-11 18:51:10] [LAW] Law "law-2" applied to "object-3" - SUCCESS
[2026-08-11 18:51:10] [LAW] Law "law-3" applied to "object-3" - SUCCESS
[2026-08-11 18:51:11] [LAW] Law "law-1" applied to "zack" - SUCCESS
[2026-08-11 18:51:12] [LAW] Law "law-1" applied to "object-4" - SUCCESS
[2026-08-11 18:51:12] [LAW] Law "law-1" applied to "object-4" - SUCCESS
[2026-08-11 18:51:12] [LAW] Law "law-1" applied to "object-4" - SUCCESS
[2026-08-11 18:51:12] [LAW] Law "law-2" applied to "object-5" - SUCCESS
[2026-08-11 18:51:12] [LAW] Law "law-2" applied to "object-5" - SUCCESS
[2026-08-11 18:51:12] [LAW] Law "law-2" applied to "object-5" - SUCCESS
[2026-08-11 18:51:12] [LAW] Law "law-2" applied to "object-5" - SUCCESS
[2026-08-11 18:51:12] [LAW] Law "law-3" applied to "object-5" - SUCCESS
[2026-08-11 18:51:12] [LAW] Law "law-3" applied to "object-5" - SUCCESS
[2026-08-11 18:51:12] [LAW] Law "law-3" applied to "object-5" - SUCCESS
[2026-08-11 18:51:12] [LAW] Law "law-3" applied to "object-5" - SUCCESS
[2026-08-11 18:51:12] [LAW] Law "law-3" applied to "object-5" - SUCCESS
[2026-08-11 18:51:12] [LAW] Law "law-3" applied to "object-5" - SUCCESS
[2026-08-11 18:51:12] [LAW] Law "law-3" applied to "object-5" - SUCCESS
[2026-08-11 18:51:12] [LAW] Law "law-3" applied to "object-5" - SUCCESS
[2026-08-11 18:51:12] [LAW] Law "law-3" applied to "object-5" - SUCCESS
[2026-08-11 18:51:12] [LAW] Law "law-3" applied to "object-5" - SUCCESS
[2026-08-11 18:51:12] [LAW] Law "law-3" applied to "object-5" - SUCCESS
[2026-08-11 18:51:12] [EVENT] Event "relation-formed" triggered (Subject: law-4-authored-by-object-3, Object: null)
[2026-08-11 18:51:12] [EVENT] Event "law-registered" triggered (Subject: law-4, Object: null)
[2026-08-11 18:51:12] [EVENT] Event "kick" triggered (Subject: object-4, Object: null)
[2026-08-11 18:51:12] [LAW] Law "law-4" applied to "object-4" - SUCCESS
[2026-08-11 18:51:12] [EVENT] Event "law-applied" triggered (Subject: object-4, Object: null)
[2026-08-11 18:51:12] [LAW] Law "law-4" applied to "object-4" - SUCCESS
[2026-08-11 18:51:12] [EVENT] Event "law-applied" triggered (Subject: object-4, Object: null)
[2026-08-11 18:51:12] [LAW] Law "law-4" applied to "object-4" - SUCCESS
[2026-08-11 18:51:12] [EVENT] Event "law-applied" triggered (Subject: object-4, Object: null)
[2026-08-11 18:51:12] [EVENT] Event "law-drive-finished" triggered (Subject: object-4, Object: null)
[2026-08-11 18:51:12] [EVENT] Event "kick" triggered (Subject: object-4, Object: null)
[2026-08-11 18:51:12] [LAW] Law "law-4" applied to "object-4" - SUCCESS
[2026-08-11 18:51:12] [EVENT] Event "law-applied" triggered (Subject: object-4, Object: null)
[2026-08-11 18:51:12] [EVENT] Event "relation-formed" triggered (Subject: law-5-authored-by-object-3, Object: null)
[2026-08-11 18:51:12] [EVENT] Event "law-registered" triggered (Subject: law-5, Object: null)
[2026-08-11 18:51:12] [EVENT] Event "kick" triggered (Subject: object-5, Object: null)
[2026-08-11 18:51:12] [LAW] Law "law-5" applied to "object-5" - SUCCESS
[2026-08-11 18:51:12] [EVENT] Event "law-applied" triggered (Subject: object-5, Object: null)
[2026-08-11 18:51:12] [LAW] Law "law-5" applied to "object-5" - SUCCESS
[2026-08-11 18:51:12] [EVENT] Event "law-applied" triggered (Subject: object-5, Object: null)
[2026-08-11 18:51:12] [EVENT] Event "law-drive-finished" triggered (Subject: object-5, Object: null)
[2026-08-11 18:51:12] [EVENT] Event "relation-formed" triggered (Subject: law-6-authored-by-object-3, Object: null)
[2026-08-11 18:51:12] [EVENT] Event "law-registered" triggered (Subject: law-6, Object: null)
[2026-08-11 18:51:12] [EVENT] Event "kick" triggered (Subject: object-5, Object: null)
[2026-08-11 18:51:12] [LAW] Law "law-6" applied to "object-5" - SUCCESS
[2026-08-11 18:51:12] [EVENT] Event "law-applied" triggered (Subject: object-5, Object: null)
[2026-08-11 18:51:12] [EVENT] Event "kick" triggered (Subject: object-5, Object: null)
[2026-08-11 18:51:12] [LAW] Law "law-6" applied to "object-5" - SUCCESS
[2026-08-11 18:51:12] [EVENT] Event "law-applied" triggered (Subject: object-5, Object: null)
[2026-08-11 18:51:12] [EVENT] Event "kick" triggered (Subject: object-5, Object: null)
[2026-08-11 18:51:12] [LAW] Law "law-6" applied to "object-5" - SUCCESS
[2026-08-11 18:51:12] [EVENT] Event "law-applied" triggered (Subject: object-5, Object: null)
[2026-08-11 18:51:12] [EVENT] Event "kick" triggered (Subject: object-5, Object: null)
[2026-08-11 18:51:12] [LAW] Law "law-6" applied to "object-5" - SUCCESS
[2026-08-11 18:51:12] [EVENT] Event "law-applied" triggered (Subject: object-5, Object: null)
[2026-08-11 18:51:12] [EVENT] Event "relation-formed" triggered (Subject: law-7-authored-by-object-3, Object: null)
[2026-08-11 18:51:12] [EVENT] Event "law-registered" triggered (Subject: law-7, Object: null)
[2026-08-11 18:51:12] [EVENT] Event "kick" triggered (Subject: object-5, Object: null)
[2026-08-11 18:51:12] [LAW] Law "law-7" applied to "object-5" - SUCCESS
[2026-08-11 18:51:12] [EVENT] Event "law-applied" triggered (Subject: object-5, Object: null)
[2026-08-11 18:51:12] [LAW] Law "law-7" applied to "object-5" - SUCCESS
[2026-08-11 18:51:12] [EVENT] Event "law-applied" triggered (Subject: object-5, Object: null)
[2026-08-11 18:51:12] [EVENT] Event "kick" triggered (Subject: object-5, Object: null)
[2026-08-11 18:51:12] [LAW] Law "law-7" applied to "object-5" - SUCCESS
[2026-08-11 18:51:12] [EVENT] Event "law-applied" triggered (Subject: object-5, Object: null)
[2026-08-11 18:51:12] [EVENT] Event "relation-formed" triggered (Subject: law-10-authored-by-object-3, Object: null)
[2026-08-11 18:51:12] [EVENT] Event "law-registered" triggered (Subject: law-10, Object: null)
[2026-08-11 18:51:12] [EVENT] Event "touch" triggered (Subject: object-4, Object: object-5)
[2026-08-11 18:51:12] [LAW] Law "law-10" applied to "object-4" - SUCCESS
[2026-08-11 18:51:12] [EVENT] Event "law-applied" triggered (Subject: object-4, Object: null)
[2026-08-11 18:51:12] [EVENT] Event "relation-formed" triggered (Subject: law-11-authored-by-object-3, Object: null)
[2026-08-11 18:51:12] [EVENT] Event "law-registered" triggered (Subject: law-11, Object: null)
[2026-08-11 18:51:12] [EVENT] Event "touch" triggered (Subject: object-4, Object: object-5)
[2026-08-11 18:51:12] [LAW] Law "law-11" applied to "object-4" - SUCCESS
[2026-08-11 18:51:12] [EVENT] Event "law-applied" triggered (Subject: object-4, Object: null)
[2026-08-11 18:51:12] [LAW] Law "law-11" applied to "object-4" - SUCCESS
[2026-08-11 18:51:12] [EVENT] Event "law-applied" triggered (Subject: object-4, Object: null)
[2026-08-11 18:51:12] [LAW] Law "law-11" applied to "object-4" - SUCCESS
[2026-08-11 18:51:12] [EVENT] Event "law-applied" triggered (Subject: object-4, Object: null)
[2026-08-11 18:51:12] [EVENT] Event "law-drive-finished" triggered (Subject: object-4, Object: null)
[2026-08-11 18:51:13] [EVENT] Event "boom" triggered (Subject: object-5, Object: null)
[2026-08-11 18:51:13] [LAW] Law "law-1" applied to "object-3" - SUCCESS
[2026-08-11 18:51:13] [LAW] Law "law-1" applied to "object-5" - SUCCESS
[2026-08-11 18:51:13] [LAW] Law "law-1" applied to "object-6" - SUCCESS
[2026-08-11 18:51:13] [EVENT] Event "relation-formed" triggered (Subject: concept-1-abstracted-from-object-5, Object: null)
[2026-08-11 18:51:13] [EVENT] Event "relation-formed" triggered (Subject: concept-1-authored-by-object-3, Object: null)
[2026-08-11 18:51:13] [EVENT] Event "concept-registered" triggered (Subject: concept-1, Object: null)
[2026-08-11 18:51:13] [EVENT] Event "concept-registered" triggered (Subject: concept-1, Object: null)
[2026-08-11 18:51:13] [EVENT] Event "relation-formed" triggered (Subject: law-5-authored-by-object-3, Object: null)
[2026-08-11 18:51:13] [EVENT] Event "law-registered" triggered (Subject: law-5, Object: null)
[2026-08-11 18:51:13] [EVENT] Event "relation-formed" triggered (Subject: law-6-authored-by-object-3, Object: null)
[2026-08-11 18:51:13] [EVENT] Event "law-registered" triggered (Subject: law-6, Object: null)
[2026-08-11 18:51:13] [EVENT] Event "relation-formed" triggered (Subject: law-7-authored-by-object-3, Object: null)
[2026-08-11 18:51:13] [EVENT] Event "law-registered" triggered (Subject: law-7, Object: null)
[2026-08-11 18:51:13] [EVENT] Event "law-registered" triggered (Subject: law-5, Object: null)
[2026-08-11 18:51:13] [EVENT] Event "law-registered" triggered (Subject: law-6, Object: null)
[2026-08-11 18:51:13] [EVENT] Event "law-registered" triggered (Subject: law-7, Object: null)
[2026-08-11 18:51:13] [LAW] Law "law-5" applied to "object-5" - SUCCESS
[2026-08-11 18:51:13] [LAW] Law "law-5" applied to "object-5" - SUCCESS
[2026-08-11 18:51:13] [LAW] Law "law-5" applied to "object-5" - SUCCESS
[2026-08-11 18:51:13] [LAW] Law "law-5" applied to "object-5" - SUCCESS
[2026-08-11 18:51:13] [LAW] Law "law-5" applied to "object-5" - SUCCESS
[2026-08-11 18:51:13] [LAW] Law "law-5" applied to "object-5" - SUCCESS
[2026-08-11 18:51:13] [LAW] Law "law-5" applied to "object-5" - SUCCESS
[2026-08-11 18:51:13] [LAW] Law "law-5" applied to "object-5" - SUCCESS
[2026-08-11 18:51:13] [LAW] Law "law-5" applied to "object-5" - SUCCESS
[2026-08-11 18:51:13] [LAW] Law "law-5" applied to "object-5" - SUCCESS
[2026-08-11 18:51:13] [LAW] Law "law-5" applied to "object-5" - SUCCESS
[2026-08-11 18:51:13] [LAW] Law "law-5" applied to "object-5" - SUCCESS
[2026-08-11 18:51:13] [LAW] Law "law-5" applied to "object-5" - SUCCESS
[2026-08-11 18:51:13] [LAW] Law "law-5" applied to "object-5" - SUCCESS
[2026-08-11 18:51:13] [LAW] Law "law-5" applied to "object-5" - SUCCESS
[2026-08-11 18:51:13] [LAW] Law "law-5" applied to "object-5" - SUCCESS
[2026-08-11 18:51:13] [LAW] Law "law-5" applied to "object-5" - SUCCESS
[2026-08-11 18:51:13] [LAW] Law "law-5" applied to "object-5" - SUCCESS
[2026-08-11 18:51:13] [LAW] Law "law-5" applied to "object-5" - SUCCESS
[2026-08-11 18:51:13] [LAW] Law "law-5" applied to "object-5" - SUCCESS
[2026-08-11 18:51:13] [LAW] Law "law-5" applied to "object-5" - SUCCESS
[2026-08-11 18:51:13] [LAW] Law "law-5" applied to "object-5" - SUCCESS
[2026-08-11 18:51:13] [LAW] Law "law-5" applied to "object-5" - SUCCESS
[2026-08-11 18:51:13] [LAW] Law "law-5" applied to "object-5" - SUCCESS
[2026-08-11 18:51:13] [LAW] Law "law-5" applied to "object-5" - SUCCESS
[2026-08-11 18:51:13] [LAW] Law "law-5" applied to "object-5" - SUCCESS
[2026-08-11 18:51:13] [LAW] Law "law-5" applied to "object-5" - SUCCESS
[2026-08-11 18:51:13] [LAW] Law "law-5" applied to "object-5" - SUCCESS
[2026-08-11 18:51:13] [LAW] Law "law-5" applied to "object-5" - SUCCESS
[2026-08-11 18:51:13] [LAW] Law "law-5" applied to "object-5" - SUCCESS
[2026-08-11 18:51:13] [LAW] Law "law-5" applied to "object-5" - SUCCESS
[2026-08-11 18:51:13] [LAW] Law "law-5" applied to "object-5" - SUCCESS
[2026-08-11 18:51:13] [LAW] Law "law-5" applied to "object-5" - SUCCESS
[2026-08-11 18:51:13] [LAW] Law "law-5" applied to "object-5" - SUCCESS
[2026-08-11 18:51:13] [LAW] Law "law-5" applied to "object-5" - SUCCESS
[2026-08-11 18:51:13] [LAW] Law "law-5" applied to "object-5" - SUCCESS
[2026-08-11 18:51:13] [LAW] Law "law-5" applied to "object-5" - SUCCESS
[2026-08-11 18:51:13] [LAW] Law "law-5" applied to "object-5" - SUCCESS
[2026-08-11 18:51:13] [LAW] Law "law-5" applied to "object-5" - SUCCESS
[2026-08-11 18:51:13] [LAW] Law "law-5" applied to "object-5" - SUCCESS
[2026-08-11 18:51:13] [LAW] Law "law-5" applied to "object-5" - SUCCESS
[2026-08-11 18:51:13] [LAW] Law "law-5" applied to "object-5" - SUCCESS
[2026-08-11 18:51:13] [LAW] Law "law-5" applied to "object-5" - SUCCESS
[2026-08-11 18:51:13] [LAW] Law "law-5" applied to "object-5" - SUCCESS
[2026-08-11 18:51:13] [LAW] Law "law-5" applied to "object-5" - SUCCESS
[2026-08-11 18:51:13] [LAW] Law "law-5" applied to "object-5" - SUCCESS
[2026-08-11 18:51:13] [LAW] Law "law-5" applied to "object-5" - SUCCESS
[2026-08-11 18:51:13] [LAW] Law "law-5" applied to "object-5" - SUCCESS
[2026-08-11 18:51:13] [LAW] Law "law-5" applied to "object-5" - SUCCESS
[2026-08-11 18:51:13] [LAW] Law "law-5" applied to "object-5" - SUCCESS
[2026-08-11 18:51:13] [LAW] Law "law-5" applied to "object-5" - SUCCESS
[2026-08-11 18:51:13] [LAW] Law "law-5" applied to "object-5" - SUCCESS
[2026-08-11 18:51:13] [LAW] Law "law-5" applied to "object-5" - SUCCESS
[2026-08-11 18:51:13] [LAW] Law "law-5" applied to "object-5" - SUCCESS
[2026-08-11 18:51:13] [LAW] Law "law-5" applied to "object-5" - SUCCESS
[2026-08-11 18:51:13] [LAW] Law "law-5" applied to "object-5" - SUCCESS
[2026-08-11 18:51:13] [LAW] Law "law-5" applied to "object-5" - SUCCESS
[2026-08-11 18:51:13] [LAW] Law "law-5" applied to "object-5" - SUCCESS
[2026-08-11 18:51:13] [LAW] Law "law-5" applied to "object-5" - SUCCESS
[2026-08-11 18:51:13] [LAW] Law "law-5" applied to "object-5" - SUCCESS
[2026-08-11 18:51:13] [LAW] Law "law-5" applied to "object-5" - SUCCESS
[2026-08-11 18:51:13] [LAW] Law "law-5" applied to "object-5" - SUCCESS
[2026-08-11 18:51:13] [LAW] Law "law-5" applied to "object-5" - SUCCESS
[2026-08-11 18:51:13] [LAW] Law "law-5" applied to "object-5" - SUCCESS
[2026-08-11 18:51:13] [LAW] Law "law-5" applied to "object-5" - SUCCESS
[2026-08-11 18:51:13] [LAW] Law "law-5" applied to "object-5" - SUCCESS
[2026-08-11 18:51:13] [LAW] Law "law-5" applied to "object-5" - SUCCESS
[2026-08-11 18:51:13] [LAW] Law "law-5" applied to "object-5" - SUCCESS
[2026-08-11 18:51:13] [LAW] Law "law-5" applied to "object-5" - SUCCESS
[2026-08-11 18:51:13] [LAW] Law "law-5" applied to "object-5" - SUCCESS
[2026-08-11 18:51:13] [LAW] Law "law-5" applied to "object-5" - SUCCESS
[2026-08-11 18:51:13] [LAW] Law "law-5" applied to "object-5" - SUCCESS
[2026-08-11 18:51:13] [LAW] Law "law-5" applied to "object-5" - SUCCESS
[2026-08-11 18:51:13] [LAW] Law "law-5" applied to "object-5" - SUCCESS
[2026-08-11 18:51:13] [LAW] Law "law-5" applied to "object-5" - SUCCESS
[2026-08-11 18:51:13] [LAW] Law "law-5" applied to "object-5" - SUCCESS
[2026-08-11 18:51:13] [LAW] Law "law-5" applied to "object-5" - SUCCESS
[2026-08-11 18:51:13] [LAW] Law "law-5" applied to "object-5" - SUCCESS
[2026-08-11 18:51:13] [LAW] Law "law-5" applied to "object-5" - SUCCESS
[2026-08-11 18:51:13] [LAW] Law "law-5" applied to "object-5" - SUCCESS
[2026-08-11 18:51:13] [LAW] Law "law-5" applied to "object-5" - SUCCESS
[2026-08-11 18:51:13] [LAW] Law "law-5" applied to "object-5" - SUCCESS
[2026-08-11 18:51:13] [LAW] Law "law-5" applied to "object-5" - SUCCESS
[2026-08-11 18:51:13] [LAW] Law "law-5" applied to "object-5" - SUCCESS
[2026-08-11 18:51:13] [LAW] Law "law-5" applied to "object-5" - SUCCESS
[2026-08-11 18:51:13] [LAW] Law "law-5" applied to "object-5" - SUCCESS
[2026-08-11 18:51:13] [LAW] Law "law-5" applied to "object-5" - SUCCESS
[2026-08-11 18:51:13] [LAW] Law "law-5" applied to "object-5" - SUCCESS
[2026-08-11 18:51:13] [LAW] Law "law-5" applied to "object-5" - SUCCESS
[2026-08-11 18:51:13] [LAW] Law "law-5" applied to "object-5" - SUCCESS
[2026-08-11 18:51:13] [LAW] Law "law-5" applied to "object-5" - SUCCESS
[2026-08-11 18:51:13] [LAW] Law "law-5" applied to "object-5" - SUCCESS
[2026-08-11 18:51:13] [LAW] Law "law-5" applied to "object-5" - SUCCESS
[2026-08-11 18:51:13] [LAW] Law "law-5" applied to "object-5" - SUCCESS
[2026-08-11 18:51:13] [LAW] Law "law-5" applied to "object-5" - SUCCESS
[2026-08-11 18:51:13] [LAW] Law "law-5" applied to "object-5" - SUCCESS
[2026-08-11 18:51:13] [LAW] Law "law-5" applied to "object-5" - SUCCESS
[2026-08-11 18:51:13] [LAW] Law "law-5" applied to "object-5" - SUCCESS
[2026-08-11 18:51:13] [LAW] Law "law-5" applied to "object-5" - SUCCESS
[2026-08-11 18:51:13] [LAW] Law "law-5" applied to "object-5" - SUCCESS
[2026-08-11 18:51:13] [LAW] Law "law-5" applied to "object-5" - SUCCESS
[2026-08-11 18:51:13] [LAW] Law "law-5" applied to "object-5" - SUCCESS
[2026-08-11 18:51:13] [LAW] Law "law-5" applied to "object-5" - SUCCESS
[2026-08-11 18:51:13] [LAW] Law "law-5" applied to "object-5" - SUCCESS
[2026-08-11 18:51:13] [LAW] Law "law-5" applied to "object-5" - SUCCESS
[2026-08-11 18:51:13] [LAW] Law "law-5" applied to "object-5" - SUCCESS
[2026-08-11 18:51:13] [LAW] Law "law-5" applied to "object-5" - SUCCESS
[2026-08-11 18:51:13] [LAW] Law "law-5" applied to "object-5" - SUCCESS
[2026-08-11 18:51:13] [LAW] Law "law-5" applied to "object-5" - SUCCESS
[2026-08-11 18:51:13] [LAW] Law "law-5" applied to "object-5" - SUCCESS
[2026-08-11 18:51:13] [LAW] Law "law-5" applied to "object-5" - SUCCESS
[2026-08-11 18:51:13] [LAW] Law "law-5" applied to "object-5" - SUCCESS
[2026-08-11 18:51:13] [LAW] Law "law-5" applied to "object-5" - SUCCESS
[2026-08-11 18:51:13] [LAW] Law "law-5" applied to "object-5" - SUCCESS
[2026-08-11 18:51:13] [LAW] Law "law-5" applied to "object-5" - SUCCESS
[2026-08-11 18:51:13] [LAW] Law "law-5" applied to "object-5" - SUCCESS
[2026-08-11 18:51:13] [LAW] Law "law-5" applied to "object-5" - SUCCESS
[2026-08-11 18:51:13] [LAW] Law "law-5" applied to "object-5" - SUCCESS
[2026-08-11 18:51:13] [LAW] Law "law-5" applied to "object-5" - SUCCESS
[2026-08-11 18:51:13] [LAW] Law "law-5" applied to "object-5" - SUCCESS
[2026-08-11 18:51:13] [LAW] Law "law-5" applied to "object-5" - SUCCESS
[2026-08-11 18:51:13] [LAW] Law "law-5" applied to "object-5" - SUCCESS
[2026-08-11 18:51:13] [LAW] Law "law-5" applied to "object-5" - SUCCESS
[2026-08-11 18:51:13] [LAW] Law "law-5" applied to "object-5" - SUCCESS
[2026-08-11 18:51:13] [LAW] Law "law-5" applied to "object-5" - SUCCESS
[2026-08-11 18:51:13] [LAW] Law "law-5" applied to "object-5" - SUCCESS
[2026-08-11 18:51:13] [LAW] Law "law-5" applied to "object-5" - SUCCESS
[2026-08-11 18:51:13] [LAW] Law "law-5" applied to "object-5" - SUCCESS
[2026-08-11 18:51:13] [LAW] Law "law-5" applied to "object-5" - SUCCESS
[2026-08-11 18:51:13] [LAW] Law "law-5" applied to "object-5" - SUCCESS
[2026-08-11 18:51:13] [LAW] Law "law-5" applied to "object-5" - SUCCESS
[2026-08-11 18:51:13] [LAW] Law "law-5" applied to "object-5" - SUCCESS
[2026-08-11 18:51:13] [LAW] Law "law-5" applied to "object-5" - SUCCESS
[2026-08-11 18:51:13] [LAW] Law "law-5" applied to "object-5" - SUCCESS
[2026-08-11 18:51:13] [LAW] Law "law-5" applied to "object-5" - SUCCESS
[2026-08-11 18:51:13] [LAW] Law "law-5" applied to "object-5" - SUCCESS
[2026-08-11 18:51:13] [LAW] Law "law-5" applied to "object-5" - SUCCESS
[2026-08-11 18:51:13] [LAW] Law "law-5" applied to "object-5" - SUCCESS
[2026-08-11 18:51:13] [LAW] Law "law-5" applied to "object-5" - SUCCESS
[2026-08-11 18:51:13] [LAW] Law "law-5" applied to "object-5" - SUCCESS
[2026-08-11 18:51:13] [LAW] Law "law-5" applied to "object-5" - SUCCESS
[2026-08-11 18:51:13] [LAW] Law "law-5" applied to "object-5" - SUCCESS
[2026-08-11 18:51:13] [LAW] Law "law-5" applied to "object-5" - SUCCESS
[2026-08-11 18:51:13] [LAW] Law "law-5" applied to "object-5" - SUCCESS
[2026-08-11 18:51:13] [LAW] Law "law-5" applied to "object-5" - SUCCESS
[2026-08-11 18:51:13] [LAW] Law "law-5" applied to "object-5" - SUCCESS
[2026-08-11 18:51:13] [LAW] Law "law-5" applied to "object-5" - SUCCESS
[2026-08-11 18:51:13] [LAW] Law "law-5" applied to "object-5" - SUCCESS
[2026-08-11 18:51:13] [LAW] Law "law-5" applied to "object-5" - SUCCESS
[2026-08-11 18:51:13] [LAW] Law "law-5" applied to "object-5" - SUCCESS
[2026-08-11 18:51:13] [LAW] Law "law-5" applied to "object-5" - SUCCESS
[2026-08-11 18:51:13] [LAW] Law "law-5" applied to "object-5" - SUCCESS
[2026-08-11 18:51:13] [LAW] Law "law-5" applied to "object-5" - SUCCESS
[2026-08-11 18:51:13] [LAW] Law "law-5" applied to "object-5" - SUCCESS
[2026-08-11 18:51:13] [LAW] Law "law-5" applied to "object-5" - SUCCESS
[2026-08-11 18:51:13] [LAW] Law "law-5" applied to "object-5" - SUCCESS
[2026-08-11 18:51:13] [LAW] Law "law-5" applied to "object-5" - SUCCESS
[2026-08-11 18:51:13] [LAW] Law "law-5" applied to "object-5" - SUCCESS
[2026-08-11 18:51:13] [LAW] Law "law-5" applied to "object-5" - SUCCESS
[2026-08-11 18:51:13] [LAW] Law "law-5" applied to "object-5" - SUCCESS
[2026-08-11 18:51:13] [LAW] Law "law-5" applied to "object-5" - SUCCESS
[2026-08-11 18:51:13] [LAW] Law "law-5" applied to "object-5" - SUCCESS
[2026-08-11 18:51:13] [LAW] Law "law-5" applied to "object-5" - SUCCESS
[2026-08-11 18:51:13] [LAW] Law "law-5" applied to "object-5" - SUCCESS
[2026-08-11 18:51:13] [LAW] Law "law-5" applied to "object-5" - SUCCESS
[2026-08-11 18:51:13] [LAW] Law "law-5" applied to "object-5" - SUCCESS
[2026-08-11 18:51:13] [LAW] Law "law-5" applied to "object-5" - SUCCESS
[2026-08-11 18:51:13] [LAW] Law "law-5" applied to "object-5" - SUCCESS
[2026-08-11 18:51:13] [LAW] Law "law-5" applied to "object-5" - SUCCESS
[2026-08-11 18:51:13] [LAW] Law "law-5" applied to "object-5" - SUCCESS
[2026-08-11 18:51:13] [LAW] Law "law-5" applied to "object-5" - SUCCESS
[2026-08-11 18:51:13] [LAW] Law "law-5" applied to "object-5" - SUCCESS
[2026-08-11 18:51:13] [LAW] Law "law-5" applied to "object-5" - SUCCESS
[2026-08-11 18:51:13] [LAW] Law "law-5" applied to "object-5" - SUCCESS
[2026-08-11 18:51:13] [LAW] Law "law-5" applied to "object-5" - SUCCESS
[2026-08-11 18:51:13] [LAW] Law "law-5" applied to "object-5" - SUCCESS
[2026-08-11 18:51:13] [LAW] Law "law-5" applied to "object-5" - SUCCESS
[2026-08-11 18:51:13] [LAW] Law "law-5" applied to "object-5" - SUCCESS
[2026-08-11 18:51:13] [LAW] Law "law-5" applied to "object-5" - SUCCESS
[2026-08-11 18:51:13] [LAW] Law "law-5" applied to "object-5" - SUCCESS
[2026-08-11 18:51:13] [LAW] Law "law-5" applied to "object-5" - SUCCESS
[2026-08-11 18:51:13] [LAW] Law "law-5" applied to "object-5" - SUCCESS
[2026-08-11 18:51:13] [LAW] Law "law-5" applied to "object-5" - SUCCESS
[2026-08-11 18:51:13] [LAW] Law "law-5" applied to "object-5" - SUCCESS
[2026-08-11 18:51:13] [LAW] Law "law-5" applied to "object-5" - SUCCESS
[2026-08-11 18:51:13] [LAW] Law "law-5" applied to "object-5" - SUCCESS
[2026-08-11 18:51:13] [LAW] Law "law-5" applied to "object-5" - SUCCESS
[2026-08-11 18:51:13] [LAW] Law "law-5" applied to "object-5" - SUCCESS
[2026-08-11 18:51:13] [LAW] Law "law-5" applied to "object-5" - SUCCESS
[2026-08-11 18:51:13] [LAW] Law "law-5" applied to "object-5" - SUCCESS
[2026-08-11 18:51:13] [LAW] Law "law-5" applied to "object-5" - SUCCESS
[2026-08-11 18:51:13] [LAW] Law "law-5" applied to "object-5" - SUCCESS
[2026-08-11 18:51:13] [LAW] Law "law-5" applied to "object-5" - SUCCESS
[2026-08-11 18:51:13] [LAW] Law "law-5" applied to "object-5" - SUCCESS
[2026-08-11 18:51:13] [LAW] Law "law-5" applied to "object-5" - SUCCESS
[2026-08-11 18:51:13] [LAW] Law "law-5" applied to "object-5" - SUCCESS
[2026-08-11 18:51:13] [LAW] Law "law-5" applied to "object-5" - SUCCESS
[2026-08-11 18:51:13] [LAW] Law "law-5" applied to "object-5" - SUCCESS
[2026-08-11 18:51:13] [LAW] Law "law-5" applied to "object-5" - SUCCESS
[2026-08-11 18:51:13] [LAW] Law "law-5" applied to "object-5" - SUCCESS
[2026-08-11 18:51:13] [LAW] Law "law-5" applied to "object-5" - SUCCESS
[2026-08-11 18:51:13] [LAW] Law "law-5" applied to "object-5" - SUCCESS
[2026-08-11 18:51:13] [LAW] Law "law-5" applied to "object-5" - SUCCESS
[2026-08-11 18:51:13] [LAW] Law "law-5" applied to "object-5" - SUCCESS
[2026-08-11 18:51:13] [LAW] Law "law-5" applied to "object-5" - SUCCESS
[2026-08-11 18:51:13] [LAW] Law "law-5" applied to "object-5" - SUCCESS
[2026-08-11 18:51:13] [LAW] Law "law-5" applied to "object-5" - SUCCESS
[2026-08-11 18:51:13] [LAW] Law "law-5" applied to "object-5" - SUCCESS
[2026-08-11 18:51:13] [LAW] Law "law-5" applied to "object-5" - SUCCESS
[2026-08-11 18:51:13] [LAW] Law "law-5" applied to "object-5" - SUCCESS
[2026-08-11 18:51:13] [LAW] Law "law-5" applied to "object-5" - SUCCESS
[2026-08-11 18:51:13] [LAW] Law "law-5" applied to "object-5" - SUCCESS
[2026-08-11 18:51:13] [LAW] Law "law-5" applied to "object-5" - SUCCESS
[2026-08-11 18:51:13] [LAW] Law "law-5" applied to "object-5" - SUCCESS
[2026-08-11 18:51:13] [LAW] Law "law-5" applied to "object-5" - SUCCESS
[2026-08-11 18:51:13] [LAW] Law "law-5" applied to "object-5" - SUCCESS
[2026-08-11 18:51:13] [LAW] Law "law-5" applied to "object-5" - SUCCESS
[2026-08-11 18:51:13] [LAW] Law "law-5" applied to "object-5" - SUCCESS
[2026-08-11 18:51:13] [LAW] Law "law-5" applied to "object-5" - SUCCESS
[2026-08-11 18:51:13] [LAW] Law "law-5" applied to "object-5" - SUCCESS
[2026-08-11 18:51:13] [LAW] Law "law-5" applied to "object-5" - SUCCESS
[2026-08-11 18:51:13] [LAW] Law "law-5" applied to "object-5" - SUCCESS
[2026-08-11 18:51:13] [LAW] Law "law-5" applied to "object-5" - SUCCESS
[2026-08-11 18:51:13] [LAW] Law "law-5" applied to "object-5" - SUCCESS
[2026-08-11 18:51:13] [LAW] Law "law-5" applied to "object-5" - SUCCESS
[2026-08-11 18:51:13] [LAW] Law "law-5" applied to "object-5" - SUCCESS
[2026-08-11 18:51:13] [LAW] Law "law-5" applied to "object-5" - SUCCESS
[2026-08-11 18:51:13] [LAW] Law "law-5" applied to "object-5" - SUCCESS
[2026-08-11 18:51:13] [LAW] Law "law-5" applied to "object-5" - SUCCESS
[2026-08-11 18:51:13] [LAW] Law "law-5" applied to "object-5" - SUCCESS
[2026-08-11 18:51:13] [LAW] Law "law-5" applied to "object-5" - SUCCESS
[2026-08-11 18:51:13] [LAW] Law "law-5" applied to "object-5" - SUCCESS
[2026-08-11 18:51:13] [LAW] Law "law-5" applied to "object-5" - SUCCESS
[2026-08-11 18:51:13] [LAW] Law "law-5" applied to "object-5" - SUCCESS
[2026-08-11 18:51:13] [LAW] Law "law-5" applied to "object-5" - SUCCESS
[2026-08-11 18:51:13] [LAW] Law "law-5" applied to "object-5" - SUCCESS
[2026-08-11 18:51:13] [LAW] Law "law-5" applied to "object-5" - SUCCESS
[2026-08-11 18:51:13] [LAW] Law "law-5" applied to "object-5" - SUCCESS
[2026-08-11 18:51:13] [LAW] Law "law-5" applied to "object-5" - SUCCESS
[2026-08-11 18:51:13] [LAW] Law "law-5" applied to "object-5" - SUCCESS
[2026-08-11 18:51:13] [LAW] Law "law-5" applied to "object-5" - SUCCESS
[2026-08-11 18:51:13] [LAW] Law "law-5" applied to "object-5" - SUCCESS
[2026-08-11 18:51:13] [LAW] Law "law-5" applied to "object-5" - SUCCESS
[2026-08-11 18:51:13] [LAW] Law "law-5" applied to "object-5" - SUCCESS
[2026-08-11 18:51:13] [LAW] Law "law-5" applied to "object-5" - SUCCESS
[2026-08-11 18:51:13] [LAW] Law "law-5" applied to "object-5" - SUCCESS
[2026-08-11 18:51:13] [LAW] Law "law-5" applied to "object-5" - SUCCESS
[2026-08-11 18:51:13] [LAW] Law "law-5" applied to "object-5" - SUCCESS
[2026-08-11 18:51:13] [LAW] Law "law-5" applied to "object-5" - SUCCESS
[2026-08-11 18:51:13] [LAW] Law "law-5" applied to "object-5" - SUCCESS
[2026-08-11 18:51:13] [LAW] Law "law-5" applied to "object-5" - SUCCESS
[2026-08-11 18:51:13] [LAW] Law "law-5" applied to "object-5" - SUCCESS
[2026-08-11 18:51:13] [LAW] Law "law-5" applied to "object-5" - SUCCESS
[2026-08-11 18:51:13] [LAW] Law "law-5" applied to "object-5" - SUCCESS
[2026-08-11 18:51:13] [LAW] Law "law-5" applied to "object-5" - SUCCESS
[2026-08-11 18:51:13] [LAW] Law "law-5" applied to "object-5" - SUCCESS
[2026-08-11 18:51:13] [LAW] Law "law-5" applied to "object-5" - SUCCESS
[2026-08-11 18:51:13] [LAW] Law "law-5" applied to "object-5" - SUCCESS
[2026-08-11 18:51:13] [LAW] Law "law-5" applied to "object-5" - SUCCESS
[2026-08-11 18:51:13] [LAW] Law "law-5" applied to "object-5" - SUCCESS
[2026-08-11 18:51:13] [LAW] Law "law-5" applied to "object-5" - SUCCESS
[2026-08-11 18:51:13] [LAW] Law "law-5" applied to "object-5" - SUCCESS
[2026-08-11 18:51:13] [LAW] Law "law-5" applied to "object-5" - SUCCESS
[2026-08-11 18:51:13] [LAW] Law "law-5" applied to "object-5" - SUCCESS
[2026-08-11 18:51:13] [LAW] Law "law-5" applied to "object-5" - SUCCESS
[2026-08-11 18:51:13] [LAW] Law "law-5" applied to "object-5" - SUCCESS
[2026-08-11 18:51:13] [LAW] Law "law-5" applied to "object-5" - SUCCESS
[2026-08-11 18:51:13] [LAW] Law "law-5" applied to "object-5" - SUCCESS
[2026-08-11 18:51:13] [LAW] Law "law-5" applied to "object-5" - SUCCESS
[2026-08-11 18:51:13] [LAW] Law "law-5" applied to "object-5" - SUCCESS
[2026-08-11 18:51:13] [LAW] Law "law-5" applied to "object-5" - SUCCESS
[2026-08-11 18:51:13] [LAW] Law "law-5" applied to "object-5" - SUCCESS
[2026-08-11 18:51:13] [LAW] Law "law-5" applied to "object-5" - SUCCESS
[2026-08-11 18:51:13] [LAW] Law "law-5" applied to "object-5" - SUCCESS
[2026-08-11 18:51:13] [LAW] Law "law-5" applied to "object-5" - SUCCESS
[2026-08-11 18:51:13] [LAW] Law "law-5" applied to "object-5" - SUCCESS
[2026-08-11 18:51:13] [LAW] Law "law-5" applied to "object-5" - SUCCESS
[2026-08-11 18:51:13] [LAW] Law "law-5" applied to "object-5" - SUCCESS
[2026-08-11 18:51:13] [LAW] Law "law-5" applied to "object-5" - SUCCESS
[2026-08-11 18:51:13] [LAW] Law "law-5" applied to "object-5" - SUCCESS
[2026-08-11 18:51:13] [LAW] Law "law-5" applied to "object-5" - SUCCESS
[2026-08-11 18:51:13] [LAW] Law "law-5" applied to "object-5" - SUCCESS
[2026-08-11 18:51:13] [LAW] Law "law-5" applied to "object-5" - SUCCESS
[2026-08-11 18:51:13] [LAW] Law "law-5" applied to "object-5" - SUCCESS
[2026-08-11 18:51:13] [LAW] Law "law-5" applied to "object-5" - SUCCESS
[2026-08-11 18:51:13] [LAW] Law "law-5" applied to "object-5" - SUCCESS
[2026-08-11 18:51:13] [LAW] Law "law-5" applied to "object-5" - SUCCESS
[2026-08-11 18:51:13] [LAW] Law "law-5" applied to "object-5" - SUCCESS
[2026-08-11 18:51:13] [LAW] Law "law-5" applied to "object-5" - SUCCESS
[2026-08-11 18:51:13] [LAW] Law "law-5" applied to "object-5" - SUCCESS
[2026-08-11 18:51:13] [LAW] Law "law-5" applied to "object-5" - SUCCESS
[2026-08-11 18:51:13] [LAW] Law "law-5" applied to "object-5" - SUCCESS
[2026-08-11 18:51:13] [LAW] Law "law-5" applied to "object-5" - SUCCESS
[2026-08-11 18:51:13] [LAW] Law "law-5" applied to "object-5" - SUCCESS
[2026-08-11 18:51:13] [LAW] Law "law-5" applied to "object-5" - SUCCESS
[2026-08-11 18:51:13] [LAW] Law "law-5" applied to "object-5" - SUCCESS
[2026-08-11 18:51:13] [LAW] Law "law-5" applied to "object-5" - SUCCESS
[2026-08-11 18:51:13] [LAW] Law "law-5" applied to "object-5" - SUCCESS
[2026-08-11 18:51:13] [LAW] Law "law-5" applied to "object-5" - SUCCESS
[2026-08-11 18:51:13] [LAW] Law "law-5" applied to "object-5" - SUCCESS
[2026-08-11 18:51:13] [LAW] Law "law-5" applied to "object-5" - SUCCESS
[2026-08-11 18:51:13] [LAW] Law "law-5" applied to "object-5" - SUCCESS
[2026-08-11 18:51:13] [LAW] Law "law-5" applied to "object-5" - SUCCESS
[2026-08-11 18:51:13] [LAW] Law "law-5" applied to "object-5" - SUCCESS
[2026-08-11 18:51:13] [LAW] Law "law-5" applied to "object-5" - SUCCESS
[2026-08-11 18:51:13] [LAW] Law "law-5" applied to "object-5" - SUCCESS
[2026-08-11 18:51:13] [LAW] Law "law-5" applied to "object-5" - SUCCESS
[2026-08-11 18:51:13] [LAW] Law "law-5" applied to "object-5" - SUCCESS
[2026-08-11 18:51:13] [LAW] Law "law-5" applied to "object-5" - SUCCESS
[2026-08-11 18:51:13] [LAW] Law "law-5" applied to "object-5" - SUCCESS
[2026-08-11 18:51:13] [LAW] Law "law-5" applied to "object-5" - SUCCESS
[2026-08-11 18:51:13] [LAW] Law "law-5" applied to "object-5" - SUCCESS
[2026-08-11 18:51:13] [LAW] Law "law-5" applied to "object-5" - SUCCESS
[2026-08-11 18:51:13] [LAW] Law "law-5" applied to "object-5" - SUCCESS
[2026-08-11 18:51:13] [LAW] Law "law-5" applied to "object-5" - SUCCESS
[2026-08-11 18:51:13] [LAW] Law "law-5" applied to "object-5" - SUCCESS
[2026-08-11 18:51:13] [LAW] Law "law-5" applied to "object-5" - SUCCESS
[2026-08-11 18:51:13] [LAW] Law "law-5" applied to "object-5" - SUCCESS
[2026-08-11 18:51:13] [LAW] Law "law-5" applied to "object-5" - SUCCESS
[2026-08-11 18:51:13] [LAW] Law "law-5" applied to "object-5" - SUCCESS
[2026-08-11 18:51:13] [LAW] Law "law-5" applied to "object-5" - SUCCESS
[2026-08-11 18:51:13] [LAW] Law "law-5" applied to "object-5" - SUCCESS
[2026-08-11 18:51:13] [LAW] Law "law-5" applied to "object-5" - SUCCESS
[2026-08-11 18:51:13] [LAW] Law "law-5" applied to "object-5" - SUCCESS
[2026-08-11 18:51:13] [LAW] Law "law-5" applied to "object-5" - SUCCESS
[2026-08-11 18:51:13] [LAW] Law "law-5" applied to "object-5" - SUCCESS
[2026-08-11 18:51:13] [LAW] Law "law-5" applied to "object-5" - SUCCESS
[2026-08-11 18:51:13] [LAW] Law "law-5" applied to "object-5" - SUCCESS
[2026-08-11 18:51:13] [LAW] Law "law-5" applied to "object-5" - SUCCESS
[2026-08-11 18:51:13] [LAW] Law "law-5" applied to "object-5" - SUCCESS
[2026-08-11 18:51:13] [LAW] Law "law-5" applied to "object-5" - SUCCESS
[2026-08-11 18:51:13] [LAW] Law "law-5" applied to "object-5" - SUCCESS
[2026-08-11 18:51:13] [LAW] Law "law-5" applied to "object-5" - SUCCESS
[2026-08-11 18:51:13] [LAW] Law "law-5" applied to "object-5" - SUCCESS
[2026-08-11 18:51:13] [LAW] Law "law-5" applied to "object-5" - SUCCESS
[2026-08-11 18:51:13] [LAW] Law "law-5" applied to "object-5" - SUCCESS
[2026-08-11 18:51:13] [LAW] Law "law-5" applied to "object-5" - SUCCESS
[2026-08-11 18:51:13] [LAW] Law "law-5" applied to "object-5" - SUCCESS
[2026-08-11 18:51:13] [LAW] Law "law-5" applied to "object-5" - SUCCESS
[2026-08-11 18:51:13] [LAW] Law "law-5" applied to "object-5" - SUCCESS
[2026-08-11 18:51:13] [LAW] Law "law-5" applied to "object-5" - SUCCESS
[2026-08-11 18:51:13] [LAW] Law "law-5" applied to "object-5" - SUCCESS
[2026-08-11 18:51:13] [LAW] Law "law-5" applied to "object-5" - SUCCESS
[2026-08-11 18:51:13] [LAW] Law "law-5" applied to "object-5" - SUCCESS
[2026-08-11 18:51:13] [LAW] Law "law-5" applied to "object-5" - SUCCESS
[2026-08-11 18:51:13] [LAW] Law "law-5" applied to "object-5" - SUCCESS
[2026-08-11 18:51:13] [LAW] Law "law-5" applied to "object-5" - SUCCESS
[2026-08-11 18:51:13] [LAW] Law "law-5" applied to "object-5" - SUCCESS
[2026-08-11 18:51:13] [LAW] Law "law-5" applied to "object-5" - SUCCESS
[2026-08-11 18:51:13] [LAW] Law "law-5" applied to "object-5" - SUCCESS
[2026-08-11 18:51:13] [LAW] Law "law-5" applied to "object-5" - SUCCESS
[2026-08-11 18:51:13] [LAW] Law "law-5" applied to "object-5" - SUCCESS
[2026-08-11 18:51:13] [LAW] Law "law-5" applied to "object-5" - SUCCESS
[2026-08-11 18:51:13] [LAW] Law "law-5" applied to "object-5" - SUCCESS
[2026-08-11 18:51:13] [LAW] Law "law-5" applied to "object-5" - SUCCESS
[2026-08-11 18:51:13] [LAW] Law "law-5" applied to "object-5" - SUCCESS
[2026-08-11 18:51:13] [LAW] Law "law-5" applied to "object-5" - SUCCESS
[2026-08-11 18:51:13] [LAW] Law "law-5" applied to "object-5" - SUCCESS
[2026-08-11 18:51:13] [LAW] Law "law-5" applied to "object-5" - SUCCESS
[2026-08-11 18:51:13] [LAW] Law "law-5" applied to "object-5" - SUCCESS
[2026-08-11 18:51:13] [LAW] Law "law-5" applied to "object-5" - SUCCESS
[2026-08-11 18:51:13] [LAW] Law "law-5" applied to "object-5" - SUCCESS
[2026-08-11 18:51:13] [LAW] Law "law-5" applied to "object-5" - SUCCESS
[2026-08-11 18:51:13] [LAW] Law "law-5" applied to "object-5" - SUCCESS
[2026-08-11 18:51:13] [LAW] Law "law-5" applied to "object-5" - SUCCESS
[2026-08-11 18:51:13] [LAW] Law "law-5" applied to "object-5" - SUCCESS
[2026-08-11 18:51:13] [LAW] Law "law-5" applied to "object-5" - SUCCESS
[2026-08-11 18:51:13] [LAW] Law "law-5" applied to "object-5" - SUCCESS
[2026-08-11 18:51:13] [LAW] Law "law-5" applied to "object-5" - SUCCESS
[2026-08-11 18:51:13] [LAW] Law "law-5" applied to "object-5" - SUCCESS
[2026-08-11 18:51:13] [LAW] Law "law-5" applied to "object-5" - SUCCESS
[2026-08-11 18:51:13] [LAW] Law "law-5" applied to "object-5" - SUCCESS
[2026-08-11 18:51:13] [LAW] Law "law-5" applied to "object-5" - SUCCESS
[2026-08-11 18:51:13] [LAW] Law "law-5" applied to "object-5" - SUCCESS
[2026-08-11 18:51:13] [LAW] Law "law-5" applied to "object-5" - SUCCESS
[2026-08-11 18:51:13] [LAW] Law "law-5" applied to "object-5" - SUCCESS
[2026-08-11 18:51:13] [LAW] Law "law-5" applied to "object-5" - SUCCESS
[2026-08-11 18:51:13] [LAW] Law "law-5" applied to "object-5" - SUCCESS
[2026-08-11 18:51:13] [LAW] Law "law-5" applied to "object-5" - SUCCESS
[2026-08-11 18:51:13] [LAW] Law "law-5" applied to "object-5" - SUCCESS
[2026-08-11 18:51:13] [LAW] Law "law-5" applied to "object-5" - SUCCESS
[2026-08-11 18:51:13] [LAW] Law "law-5" applied to "object-5" - SUCCESS
[2026-08-11 18:51:13] [LAW] Law "law-5" applied to "object-5" - SUCCESS
[2026-08-11 18:51:13] [LAW] Law "law-5" applied to "object-5" - SUCCESS
[2026-08-11 18:51:13] [LAW] Law "law-5" applied to "object-5" - SUCCESS
[2026-08-11 18:51:13] [LAW] Law "law-5" applied to "object-5" - SUCCESS
[2026-08-11 18:51:13] [LAW] Law "law-5" applied to "object-5" - SUCCESS
[2026-08-11 18:51:13] [LAW] Law "law-5" applied to "object-5" - SUCCESS
[2026-08-11 18:51:13] [LAW] Law "law-5" applied to "object-5" - SUCCESS
[2026-08-11 18:51:13] [LAW] Law "law-5" applied to "object-5" - SUCCESS
[2026-08-11 18:51:13] [LAW] Law "law-5" applied to "object-5" - SUCCESS
[2026-08-11 18:51:13] [LAW] Law "law-5" applied to "object-5" - SUCCESS
[2026-08-11 18:51:13] [LAW] Law "law-5" applied to "object-5" - SUCCESS
[2026-08-11 18:51:13] [LAW] Law "law-5" applied to "object-5" - SUCCESS
[2026-08-11 18:51:13] [LAW] Law "law-5" applied to "object-5" - SUCCESS
[2026-08-11 18:51:13] [LAW] Law "law-5" applied to "object-5" - SUCCESS
[2026-08-11 18:51:13] [LAW] Law "law-5" applied to "object-5" - SUCCESS
[2026-08-11 18:51:13] [LAW] Law "law-5" applied to "object-5" - SUCCESS
[2026-08-11 18:51:13] [LAW] Law "law-5" applied to "object-5" - SUCCESS
[2026-08-11 18:51:13] [LAW] Law "law-5" applied to "object-5" - SUCCESS
[2026-08-11 18:51:14] [EVENT] Event "concept-registered" triggered (Subject: concept-1, Object: null)
[2026-08-11 18:51:14] [EVENT] Event "relation-formed" triggered (Subject: law-1-authored-by-Player, Object: null)
[2026-08-11 18:51:14] [EVENT] Event "law-registered" triggered (Subject: law-1, Object: null)
[2026-08-11 18:51:14] [EVENT] Event "onMouseClicked" triggered (Subject: Player, Object: null)
[2026-08-11 18:51:14] [LAW] Law "law-1" applied to "Player" - CONDITIONS FAILED
[2026-08-11 18:51:14] [EVENT] Event "onMouseClicked" triggered (Subject: Player, Object: null)
[2026-08-11 18:51:14] [LAW] Law "law-1" applied to "Player" - CONDITIONS FAILED
[2026-08-11 18:51:14] [EVENT] Event "onMouseClicked" triggered (Subject: Player, Object: null)
[2026-08-11 18:51:14] [EVENT] Event "relation-formed" triggered (Subject: object-6-generated-from-concept-1, Object: null)
[2026-08-11 18:51:14] [EVENT] Event "concept-instantiated" triggered (Subject: concept-1, Object: null)
[2026-08-11 18:51:14] [EVENT] Event "object-created" triggered (Subject: object-6, Object: Player)
[2026-08-11 18:51:14] [LAW] Law "law-1" applied to "Player" - SUCCESS
[2026-08-11 18:51:14] [EVENT] Event "onMouseClicked" triggered (Subject: Player, Object: null)
[2026-08-11 18:51:14] [EVENT] Event "relation-formed" triggered (Subject: object-7-generated-from-concept-1, Object: null)
[2026-08-11 18:51:14] [EVENT] Event "concept-instantiated" triggered (Subject: concept-1, Object: null)
[2026-08-11 18:51:14] [EVENT] Event "object-created" triggered (Subject: object-7, Object: Player)
[2026-08-11 18:51:14] [LAW] Law "law-1" applied to "Player" - SUCCESS
[2026-08-11 18:51:14] [EVENT] Event "onMouseClicked" triggered (Subject: Player, Object: null)
[2026-08-11 18:51:14] [EVENT] Event "relation-formed" triggered (Subject: object-8-generated-from-concept-1, Object: null)
[2026-08-11 18:51:14] [EVENT] Event "concept-instantiated" triggered (Subject: concept-1, Object: null)
[2026-08-11 18:51:14] [EVENT] Event "object-created" triggered (Subject: object-8, Object: Player)
[2026-08-11 18:51:14] [LAW] Law "law-1" applied to "Player" - SUCCESS
[2026-08-11 18:51:14] [EVENT] Event "onMouseClicked" triggered (Subject: Player, Object: null)
[2026-08-11 18:51:14] [EVENT] Event "relation-formed" triggered (Subject: object-9-generated-from-concept-1, Object: null)
[2026-08-11 18:51:14] [EVENT] Event "concept-instantiated" triggered (Subject: concept-1, Object: null)
[2026-08-11 18:51:14] [EVENT] Event "object-created" triggered (Subject: object-9, Object: Player)
[2026-08-11 18:51:14] [LAW] Law "law-1" applied to "Player" - SUCCESS
[2026-08-11 18:51:14] [EVENT] Event "onMouseClicked" triggered (Subject: Player, Object: null)
[2026-08-11 18:51:14] [EVENT] Event "relation-formed" triggered (Subject: object-10-generated-from-concept-1, Object: null)
[2026-08-11 18:51:14] [EVENT] Event "concept-instantiated" triggered (Subject: concept-1, Object: null)
[2026-08-11 18:51:14] [EVENT] Event "object-created" triggered (Subject: object-10, Object: Player)
[2026-08-11 18:51:14] [LAW] Law "law-1" applied to "Player" - SUCCESS
[2026-08-11 18:51:14] [EVENT] Event "law-registered" triggered (Subject: law-1, Object: null)
[2026-08-11 18:51:14] [EVENT] Event "law-registered" triggered (Subject: law-1, Object: null)
[2026-08-11 18:51:14] [EVENT] Event "onMouseClicked" triggered (Subject: Player, Object: null)
[2026-08-11 18:51:14] [EVENT] Event "onMouseClicked" triggered (Subject: Player, Object: null)
[2026-08-11 18:51:14] [EVENT] Event "relation-formed" triggered (Subject: object-12-generated-from-concept-1, Object: null)
[2026-08-11 18:51:14] [EVENT] Event "relation-formed" triggered (Subject: object-12-generated-from-concept-1, Object: null)
[2026-08-11 18:51:14] [EVENT] Event "concept-instantiated" triggered (Subject: concept-1, Object: null)
[2026-08-11 18:51:14] [EVENT] Event "concept-instantiated" triggered (Subject: concept-1, Object: null)
[2026-08-11 18:51:14] [EVENT] Event "object-created" triggered (Subject: object-12, Object: Player)
[2026-08-11 18:51:14] [EVENT] Event "object-created" triggered (Subject: object-12, Object: Player)
[2026-08-11 18:51:14] [LAW] Law "law-1" applied to "Player" - SUCCESS
[2026-08-11 18:51:14] [EVENT] Event "relation-formed" triggered (Subject: law-2-targets-object-6, Object: null)
[2026-08-11 18:51:14] [EVENT] Event "relation-formed" triggered (Subject: law-1-authored-by-object-3, Object: null)
[2026-08-11 18:51:14] [EVENT] Event "law-registered" triggered (Subject: law-1, Object: null)
[2026-08-11 18:51:14] [EVENT] Event "relation-formed" triggered (Subject: law-2-authored-by-object-3, Object: null)
[2026-08-11 18:51:14] [EVENT] Event "law-registered" triggered (Subject: law-2, Object: null)
[2026-08-11 18:51:14] [LAW] Law "law-1" applied to "object-3" - SUCCESS
[2026-08-11 18:51:14] [EVENT] Event "law-applied" triggered (Subject: object-3, Object: null)
[2026-08-11 18:51:14] [LAW] Law "law-1" applied to "object-4" - SUCCESS
[2026-08-11 18:51:14] [EVENT] Event "law-applied" triggered (Subject: object-4, Object: null)
[2026-08-11 18:51:14] [EVENT] Event "relation-formed" triggered (Subject: law-5-authored-by-object-3, Object: null)
[2026-08-11 18:51:14] [EVENT] Event "law-registered" triggered (Subject: law-5, Object: null)
[2026-08-11 18:51:14] [LAW] Law "law-5" applied to "object-7" - SUCCESS
[2026-08-11 18:51:14] [EVENT] Event "law-applied" triggered (Subject: object-7, Object: null)
[2026-08-11 18:51:14] [EVENT] Event "object-created" triggered (Subject: object-6, Object: null)
[2026-08-11 18:51:14] [LAW] Law "law-2" applied to "object-6" - SUCCESS
[2026-08-11 18:51:14] [EVENT] Event "law-applied" triggered (Subject: object-6, Object: null)
[2026-08-11 18:51:14] [LAW] Law "law-2" applied to "object-6" - SUCCESS
[2026-08-11 18:51:14] [EVENT] Event "law-applied" triggered (Subject: object-6, Object: null)
[2026-08-11 18:51:14] [EVENT] Event "relation-formed" triggered (Subject: law-6-authored-by-object-3, Object: null)
[2026-08-11 18:51:14] [EVENT] Event "law-registered" triggered (Subject: law-6, Object: null)
[2026-08-11 18:51:14] [LAW] Law "law-6" applied to "object-8" - SUCCESS
[2026-08-11 18:51:14] [EVENT] Event "law-applied" triggered (Subject: object-8, Object: null)
[2026-08-11 18:51:14] [EVENT] Event "relation-formed" triggered (Subject: law-7-authored-by-object-3, Object: null)
[2026-08-11 18:51:14] [EVENT] Event "law-registered" triggered (Subject: law-7, Object: null)
[2026-08-11 18:51:14] [EVENT] Event "relation-formed" triggered (Subject: law-7-targets-object-4, Object: null)
[2026-08-11 18:51:14] [LAW] Law "law-7" applied to "object-4" - SUCCESS
[2026-08-11 18:51:14] [EVENT] Event "law-applied" triggered (Subject: object-4, Object: null)
[2026-08-11 18:51:16] [EVENT] Event "relation-formed" triggered (Subject: law-1-authored-by-object-3, Object: null)
[2026-08-11 18:51:16] [EVENT] Event "law-registered" triggered (Subject: law-1, Object: null)
[2026-08-11 18:51:16] [EVENT] Event "enters-world" triggered (Subject: object-5, Object: null)
[2026-08-11 18:51:16] [LAW] Law "law-1" applied to "object-5" - SUCCESS
[2026-08-11 18:51:16] [EVENT] Event "law-applied" triggered (Subject: object-5, Object: null)
[2026-08-11 18:51:16] [EVENT] Event "relation-formed" triggered (Subject: law-2-authored-by-object-3, Object: null)
[2026-08-11 18:51:16] [EVENT] Event "law-registered" triggered (Subject: law-2, Object: null)
[2026-08-11 18:51:16] [EVENT] Event "enters-world" triggered (Subject: object-5, Object: null)
[2026-08-11 18:51:16] [LAW] Law "law-1" applied to "object-5" - SUCCESS
[2026-08-11 18:51:16] [EVENT] Event "law-applied" triggered (Subject: object-5, Object: null)
[2026-08-11 18:51:16] [LAW] Law "law-2" applied to "object-5" - SUCCESS
[2026-08-11 18:51:16] [EVENT] Event "law-applied" triggered (Subject: object-5, Object: null)
[2026-08-11 18:51:16] [LAW] Law "law-2" applied to "object-5" - SUCCESS
[2026-08-11 18:51:16] [EVENT] Event "law-applied" triggered (Subject: object-5, Object: null)
[2026-08-11 18:51:16] [LAW] Law "law-2" applied to "object-5" - SUCCESS
[2026-08-11 18:51:16] [EVENT] Event "law-applied" triggered (Subject: object-5, Object: null)
[2026-08-11 18:51:16] [LAW] Law "law-2" applied to "object-5" - SUCCESS
[2026-08-11 18:51:16] [EVENT] Event "law-applied" triggered (Subject: object-5, Object: null)
[2026-08-11 18:51:16] [LAW] Law "law-2" applied to "object-5" - SUCCESS
[2026-08-11 18:51:16] [EVENT] Event "law-applied" triggered (Subject: object-5, Object: null)
[2026-08-11 18:51:16] [LAW] Law "law-2" applied to "object-5" - SUCCESS
[2026-08-11 18:51:16] [EVENT] Event "law-applied" triggered (Subject: object-5, Object: null)
[2026-08-11 18:51:16] [LAW] Law "law-2" applied to "object-5" - SUCCESS
[2026-08-11 18:51:16] [EVENT] Event "law-applied" triggered (Subject: object-5, Object: null)
[2026-08-11 18:51:16] [EVENT] Event "enters-world" triggered (Subject: object-5, Object: null)
[2026-08-11 18:51:16] [LAW] Law "law-1" applied to "object-5" - SUCCESS
[2026-08-11 18:51:16] [EVENT] Event "law-applied" triggered (Subject: object-5, Object: null)
[2026-08-11 18:51:17] [LAW] Law "law-1" applied to "object-4" - SUCCESS
[2026-08-11 18:51:17] [LAW] Law "law-1" applied to "object-4" - SUCCESS
[2026-08-11 18:51:17] [LAW] Law "law-2" applied to "object-5" - SUCCESS
[2026-08-11 18:51:17] [LAW] Law "law-2" applied to "object-5" - SUCCESS
[2026-08-11 18:51:17] [LAW] Law "law-4" applied to "object-9" - SUCCESS
[2026-08-11 18:51:17] [EVENT] Event "relation-formed" triggered (Subject: law-5-authored-by-object-3, Object: null)
[2026-08-11 18:51:17] [EVENT] Event "law-registered" triggered (Subject: law-5, Object: null)
[2026-08-11 18:51:17] [EVENT] Event "raise-signal" triggered (Subject: object-4, Object: null)
[2026-08-11 18:51:17] [LAW] Law "law-5" applied to "object-4" - SUCCESS
[2026-08-11 18:51:17] [EVENT] Event "law-applied" triggered (Subject: object-4, Object: null)
[2026-08-11 18:51:17] [LAW] Law "law-5" applied to "object-5" - SUCCESS
[2026-08-11 18:51:17] [EVENT] Event "law-applied" triggered (Subject: object-5, Object: null)
[2026-08-11 18:51:17] [EVENT] Event "relation-formed" triggered (Subject: law-7-authored-by-object-3, Object: null)
[2026-08-11 18:51:17] [EVENT] Event "law-registered" triggered (Subject: law-7, Object: null)
[2026-08-11 18:51:17] [LAW] Law "law-7" applied to "object-5" - SUCCESS
[2026-08-11 18:51:17] [EVENT] Event "law-applied" triggered (Subject: object-5, Object: null)
[2026-08-11 18:51:17] [EVENT] Event "relation-formed" triggered (Subject: law-4-targets-object-15, Object: null)
[2026-08-11 18:51:17] [LAW] Law "law-4" applied to "object-15" - SUCCESS
[2026-08-11 18:51:17] [EVENT] Event "law-applied" triggered (Subject: object-15, Object: null)
[2026-08-11 18:51:17] [EVENT] Event "relation-formed" triggered (Subject: object-4-touching-object-5, Object: null)
[2026-08-11 18:51:17] [EVENT] Event "relation-formed" triggered (Subject: object-4-owns-object-9, Object: null)
[2026-08-11 18:51:17] [EVENT] Event "relation-formed" triggered (Subject: law-9-authored-by-object-3, Object: null)
[2026-08-11 18:51:17] [EVENT] Event "law-registered" triggered (Subject: law-9, Object: null)
[2026-08-11 18:51:17] [EVENT] Event "relation-formed" triggered (Subject: law-9-targets-object-4, Object: null)
[2026-08-11 18:51:17] [EVENT] Event "relation-formed" triggered (Subject: law-10-authored-by-object-3, Object: null)
[2026-08-11 18:51:17] [EVENT] Event "law-registered" triggered (Subject: law-10, Object: null)
[2026-08-11 18:51:17] [EVENT] Event "contact-perceived" triggered (Subject: object-4, Object: object-5)
[2026-08-11 18:51:17] [LAW] Law "law-9" applied to "object-4" - SUCCESS
[2026-08-11 18:51:17] [EVENT] Event "law-applied" triggered (Subject: object-4, Object: null)
[2026-08-11 18:51:17] [LAW] Law "law-10" applied to "object-4" - SUCCESS
[2026-08-11 18:51:17] [EVENT] Event "law-applied" triggered (Subject: object-4, Object: null)
[2026-08-11 18:51:17] [LAW] Law "law-9" applied to "object-4" - CONDITIONS FAILED
[2026-08-11 18:51:17] [LAW] Law "law-9" applied to "object-4" - CONDITIONS FAILED
[2026-08-11 18:51:17] [LAW] Law "law-9" applied to "object-4" - CONDITIONS FAILED
[2026-08-11 18:51:17] [LAW] Law "law-9" applied to "object-4" - CONDITIONS FAILED
[2026-08-11 18:51:17] [EVENT] Event "relation-formed" triggered (Subject: law-11-authored-by-object-3, Object: null)
[2026-08-11 18:51:17] [LAW] Law "law-11" applied to "object-4" - NO EFFECT (Publish: unproven subject: no-such-being)
[2026-08-11 18:51:17] [EVENT] Event "law-applied" triggered (Subject: object-4, Object: null)
[2026-08-11 18:51:18] [EVENT] Event "relation-formed" triggered (Subject: law-1-authored-by-object-8, Object: null)
[2026-08-11 18:51:18] [EVENT] Event "law-registered" triggered (Subject: law-1, Object: null)
[2026-08-11 18:51:18] [EVENT] Event "person-joined-zone" triggered (Subject: object-7, Object: Commons)
[2026-08-11 18:51:18] [LAW] Law "law-1" applied to "object-7" - CONDITIONS FAILED
[2026-08-11 18:51:18] [EVENT] Event "person-joined-zone" triggered (Subject: object-7, Object: Home)
[2026-08-11 18:51:18] [LAW] Law "law-1" applied to "object-7" - SUCCESS
[2026-08-11 18:53:12] [EVENT] Event "law-registered" triggered (Subject: law-1, Object: null)
[2026-08-11 18:53:12] [EVENT] Event "birth-signal" triggered (Subject: World, Object: null)
[2026-08-11 18:53:12] [EVENT] Event "relation-formed" triggered (Subject: law-1-authored-by-object-3, Object: null)
[2026-08-11 18:53:12] [EVENT] Event "birth-signal" triggered (Subject: World, Object: null)
[2026-08-11 18:53:12] [EVENT] Event "relation-formed" triggered (Subject: object-14-generated-from-concept-1, Object: null)
[2026-08-11 18:53:12] [EVENT] Event "relation-formed" triggered (Subject: object-15-generated-from-concept-1, Object: null)
[2026-08-11 18:53:12] [EVENT] Event "concept-instantiated" triggered (Subject: concept-1, Object: null)
[2026-08-11 18:53:12] [EVENT] Event "object-created" triggered (Subject: object-14, Object: World)
[2026-08-11 18:53:12] [EVENT] Event "object-created" triggered (Subject: object-15, Object: World)
[2026-08-11 18:53:12] [LAW] Law "law-1" applied to "World" - SUCCESS
[2026-08-11 18:53:12] [EVENT] Event "law-applied" triggered (Subject: World, Object: null)
[2026-08-11 18:53:12] [EVENT] Event "relation-formed" triggered (Subject: concept-3-abstracted-from-object-16, Object: null)
[2026-08-11 18:53:12] [EVENT] Event "relation-formed" triggered (Subject: concept-3-authored-by-object-3, Object: null)
[2026-08-11 18:53:12] [EVENT] Event "relation-formed" triggered (Subject: object-18-generated-from-concept-3, Object: null)
[2026-08-11 18:53:12] [EVENT] Event "concept-instantiated" triggered (Subject: concept-3, Object: null)
[2026-08-11 18:53:12] [EVENT] Event "relation-formed" triggered (Subject: object-19-generated-from-concept-3, Object: null)
[2026-08-11 18:53:12] [EVENT] Event "concept-instantiated" triggered (Subject: concept-3, Object: null)
[2026-08-11 18:53:12] [EVENT] Event "relation-formed" triggered (Subject: law-2-authored-by-object-3, Object: null)
[2026-08-11 18:53:12] [EVENT] Event "law-registered" triggered (Subject: law-2, Object: null)
[2026-08-11 18:53:12] [LAW] Law "law-2" applied to "object-16" - SUCCESS
[2026-08-11 18:53:12] [EVENT] Event "law-applied" triggered (Subject: object-16, Object: null)
[2026-08-11 18:53:12] [EVENT] Event "relation-formed" triggered (Subject: concept-5-abstracted-from-object-16, Object: null)
[2026-08-11 18:53:12] [EVENT] Event "relation-formed" triggered (Subject: concept-5-authored-by-object-3, Object: null)
[2026-08-11 18:53:12] [EVENT] Event "relation-formed" triggered (Subject: object-23-generated-from-concept-5, Object: null)
[2026-08-11 18:53:12] [EVENT] Event "concept-instantiated" triggered (Subject: concept-5, Object: null)
[2026-08-11 18:53:12] [EVENT] Event "relation-formed" triggered (Subject: law-3-authored-by-object-3, Object: null)
[2026-08-11 18:53:12] [EVENT] Event "law-registered" triggered (Subject: law-3, Object: null)
[2026-08-11 18:53:12] [LAW] Law "law-3" applied to "object-16" - SUCCESS
[2026-08-11 18:53:12] [EVENT] Event "law-applied" triggered (Subject: object-16, Object: null)
[2026-08-11 18:53:12] [EVENT] Event "relation-formed" triggered (Subject: object-25-generated-from-concept-5, Object: null)
[2026-08-11 18:53:12] [EVENT] Event "concept-instantiated" triggered (Subject: concept-5, Object: null)
[2026-08-11 18:53:12] [EVENT] Event "relation-formed" triggered (Subject: law-4-authored-by-object-3, Object: null)
[2026-08-11 18:53:12] [EVENT] Event "law-registered" triggered (Subject: law-4, Object: null)
[2026-08-11 18:53:12] [LAW] Law "law-4" applied to "object-16" - NO EFFECT (Set: Read Only)
[2026-08-11 18:53:12] [EVENT] Event "law-applied" triggered (Subject: object-16, Object: null)
[2026-08-11 18:53:12] [EVENT] Event "relation-formed" triggered (Subject: object-27-attached-to-object-28, Object: null)
[2026-08-11 18:53:12] [EVENT] Event "relation-formed" triggered (Subject: concept-6-abstracted-from-object-27, Object: null)
[2026-08-11 18:53:12] [EVENT] Event "relation-formed" triggered (Subject: concept-6-abstracted-from-object-28, Object: null)
[2026-08-11 18:53:12] [EVENT] Event "relation-formed" triggered (Subject: concept-6-authored-by-object-3, Object: null)
[2026-08-11 18:53:12] [EVENT] Event "relation-formed" triggered (Subject: object-30-generated-from-concept-6, Object: null)
[2026-08-11 18:53:12] [EVENT] Event "relation-formed" triggered (Subject: object-31-generated-from-concept-6, Object: null)
[2026-08-11 18:53:12] [EVENT] Event "relation-formed" triggered (Subject: object-30-attached-to-object-31, Object: null)
[2026-08-11 18:53:12] [EVENT] Event "concept-instantiated" triggered (Subject: concept-6, Object: null)
[2026-08-11 18:53:12] [LAW] Law "law-1" applied to "object-5" - SUCCESS
[2026-08-11 18:53:12] [LAW] Law "law-1" applied to "object-5" - CONDITIONS FAILED
[2026-08-11 18:53:12] [LAW] Law "law-1" applied to "object-7" - SUCCESS
[2026-08-11 18:53:12] [LAW] Law "law-3" applied to "object-9" - SUCCESS
[2026-08-11 18:53:12] [LAW] Law "law-3" applied to "object-10" - CONDITIONS FAILED
[2026-08-11 18:53:12] [LAW] Law "law-3" applied to "object-12" - SUCCESS
[2026-08-11 18:53:12] [LAW] Law "law-5" applied to "object-14" - SUCCESS
[2026-08-11 18:53:12] [LAW] Law "law-6" applied to "TestSubject" - CONDITIONS FAILED
[2026-08-11 18:53:12] [LAW] Law "law-6" applied to "TestSubject" - SUCCESS
[2026-08-11 18:53:12] [LAW] Law "law-7" applied to "TestSubject" - SUCCESS
[2026-08-11 18:53:12] [LAW] Law "law-8" applied to "TestSubject" - SUCCESS
[2026-08-11 18:53:12] [LAW] Law "law-8" applied to "TestSubject" - CONDITIONS FAILED
[2026-08-11 18:53:12] [LAW] Law "law-9" applied to "object-42" - CONDITIONS FAILED
[2026-08-11 18:53:12] [LAW] Law "law-9" applied to "object-42" - CONDITIONS FAILED
[2026-08-11 18:53:12] [LAW] Law "law-9" applied to "object-42" - SUCCESS
[2026-08-11 18:53:12] [LAW] Law "law-9" applied to "object-42" - SUCCESS
[2026-08-11 18:53:14] [LAW] Law "law-1" applied to "object-5" - SUCCESS
[2026-08-11 18:53:14] [LAW] Law "law-1" applied to "object-6" - CONDITIONS FAILED
[2026-08-11 18:53:14] [LAW] Law "law-1" applied to "object-8" - SUCCESS
[2026-08-11 18:53:14] [LAW] Law "law-1" applied to "object-9" - CONDITIONS FAILED
[2026-08-11 18:53:14] [LAW] Law "law-3" applied to "object-11" - SUCCESS
[2026-08-11 18:53:14] [LAW] Law "law-4" applied to "object-13" - NO EFFECT (Map: outside the authored bounds)
[2026-08-11 18:53:14] [LAW] Law "law-5" applied to "object-15" - SUCCESS
[2026-08-11 18:53:14] [LAW] Law "law-6" applied to "object-17" - SUCCESS
[2026-08-11 18:53:14] [LAW] Law "law-7" applied to "object-20" - SUCCESS
[2026-08-11 18:53:14] [LAW] Law "law-8" applied to "object-22" - SUCCESS
[2026-08-11 18:53:14] [LAW] Law "law-9" applied to "object-27" - SUCCESS
[2026-08-11 18:53:14] [LAW] Law "law-1" applied to "object-4" - SUCCESS
[2026-08-11 18:53:14] [LAW] Law "law-1" applied to "World" - NO EFFECT (Destroy: only Objects can be unmade today)
[2026-08-11 18:53:14] [LAW] Law "law-2" applied to "object-6" - NO EFFECT (Set: No Such Property)
[2026-08-11 18:53:14] [LAW] Law "law-3" applied to "object-6" - SUCCESS
[2026-08-11 18:53:14] [LAW] Law "law-4" applied to "object-10" - NO EFFECT (Set: No Such Property)
[2026-08-11 18:53:14] [LAW] Law "law-11" applied to "object-22" - SUCCESS
[2026-08-11 18:53:14] [LAW] Law "law-12" applied to "object-26" - SUCCESS
[2026-08-11 18:53:14] [LAW] Law "law-12" applied to "object-26" - SUCCESS
[2026-08-11 18:53:14] [LAW] Law "law-12" applied to "object-26" - SUCCESS
[2026-08-11 18:53:14] [LAW] Law "law-12" applied to "object-26" - SUCCESS
[2026-08-11 18:53:14] [LAW] Law "law-13" applied to "object-26" - NO EFFECT (Flow: cannot read objectType)
[2026-08-11 18:53:15] [LAW] Law "law-2" applied to "law-1" - SUCCESS
[2026-08-11 18:53:15] [LAW] Law "law-3" applied to "law-1" - SUCCESS
[2026-08-11 18:53:15] [LAW] Law "law-5" applied to "law-4" - SUCCESS
[2026-08-11 18:53:15] [LAW] Law "law-7" applied to "object-12" - SUCCESS
[2026-08-11 18:53:15] [LAW] Law "law-7" applied to "object-14" - SUCCESS
[2026-08-11 18:53:15] [LAW] Law "law-9" applied to "object-17" - SUCCESS
[2026-08-11 18:53:15] [LAW] Law "law-10" applied to "object-17" - SUCCESS
[2026-08-11 18:53:15] [LAW] Law "law-9" applied to "object-17" - SUCCESS
[2026-08-11 18:53:15] [LAW] Law "law-10" applied to "object-17" - SUCCESS
[2026-08-11 18:53:15] [LAW] Law "law-9" applied to "object-17" - SUCCESS
[2026-08-11 18:53:15] [LAW] Law "law-10" applied to "object-17" - SUCCESS
[2026-08-11 18:53:15] [LAW] Law "law-9" applied to "object-17" - SUCCESS
[2026-08-11 18:53:15] [LAW] Law "law-10" applied to "object-17" - SUCCESS
[2026-08-11 18:53:15] [LAW] Law "law-9" applied to "object-17" - SUCCESS
[2026-08-11 18:53:15] [LAW] Law "law-10" applied to "object-17" - SUCCESS
[2026-08-11 18:53:15] [LAW] Law "law-9" applied to "object-17" - SUCCESS
[2026-08-11 18:53:15] [LAW] Law "law-10" applied to "object-17" - SUCCESS
[2026-08-11 18:53:15] [LAW] Law "law-9" applied to "object-17" - SUCCESS
[2026-08-11 18:53:15] [LAW] Law "law-10" applied to "object-17" - SUCCESS
[2026-08-11 18:53:15] [LAW] Law "law-9" applied to "object-17" - SUCCESS
[2026-08-11 18:53:15] [LAW] Law "law-10" applied to "object-17" - SUCCESS
[2026-08-11 18:53:15] [LAW] Law "law-9" applied to "object-17" - SUCCESS
[2026-08-11 18:53:15] [LAW] Law "law-10" applied to "object-17" - SUCCESS
[2026-08-11 18:53:15] [LAW] Law "law-9" applied to "object-17" - SUCCESS
[2026-08-11 18:53:15] [LAW] Law "law-10" applied to "object-17" - SUCCESS
[2026-08-11 18:53:15] [LAW] Law "law-9" applied to "object-17" - SUCCESS
[2026-08-11 18:53:15] [LAW] Law "law-10" applied to "object-17" - SUCCESS
[2026-08-11 18:53:15] [LAW] Law "law-9" applied to "object-17" - SUCCESS
[2026-08-11 18:53:15] [LAW] Law "law-10" applied to "object-17" - SUCCESS
[2026-08-11 18:53:15] [LAW] Law "law-9" applied to "object-17" - SUCCESS
[2026-08-11 18:53:15] [LAW] Law "law-10" applied to "object-17" - SUCCESS
[2026-08-11 18:53:15] [LAW] Law "law-9" applied to "object-17" - SUCCESS
[2026-08-11 18:53:15] [LAW] Law "law-10" applied to "object-17" - SUCCESS
[2026-08-11 18:53:15] [LAW] Law "law-9" applied to "object-17" - SUCCESS
[2026-08-11 18:53:15] [LAW] Law "law-10" applied to "object-17" - SUCCESS
[2026-08-11 18:53:15] [LAW] Law "law-9" applied to "object-17" - SUCCESS
[2026-08-11 18:53:15] [LAW] Law "law-10" applied to "object-17" - SUCCESS
[2026-08-11 18:53:15] [LAW] Law "law-9" applied to "object-17" - SUCCESS
[2026-08-11 18:53:15] [LAW] Law "law-10" applied to "object-17" - SUCCESS
[2026-08-11 18:53:15] [LAW] Law "law-9" applied to "object-17" - SUCCESS
[2026-08-11 18:53:15] [LAW] Law "law-10" applied to "object-17" - SUCCESS
[2026-08-11 18:53:15] [LAW] Law "law-9" applied to "object-17" - SUCCESS
[2026-08-11 18:53:15] [LAW] Law "law-10" applied to "object-17" - SUCCESS
[2026-08-11 18:53:15] [LAW] Law "law-9" applied to "object-17" - SUCCESS
[2026-08-11 18:53:15] [LAW] Law "law-10" applied to "object-17" - SUCCESS
[2026-08-11 18:53:15] [LAW] Law "law-9" applied to "object-17" - SUCCESS
[2026-08-11 18:53:15] [LAW] Law "law-10" applied to "object-17" - SUCCESS
[2026-08-11 18:53:15] [LAW] Law "law-9" applied to "object-17" - SUCCESS
[2026-08-11 18:53:15] [LAW] Law "law-10" applied to "object-17" - SUCCESS
[2026-08-11 18:53:15] [LAW] Law "law-9" applied to "object-17" - SUCCESS
[2026-08-11 18:53:15] [LAW] Law "law-10" applied to "object-17" - SUCCESS
[2026-08-11 18:53:15] [LAW] Law "law-9" applied to "object-17" - SUCCESS
[2026-08-11 18:53:15] [LAW] Law "law-10" applied to "object-17" - SUCCESS
[2026-08-11 18:53:15] [LAW] Law "law-9" applied to "object-17" - SUCCESS
[2026-08-11 18:53:15] [LAW] Law "law-10" applied to "object-17" - SUCCESS
[2026-08-11 18:53:15] [LAW] Law "law-9" applied to "object-17" - SUCCESS
[2026-08-11 18:53:15] [LAW] Law "law-10" applied to "object-17" - SUCCESS
[2026-08-11 18:53:15] [LAW] Law "law-9" applied to "object-17" - SUCCESS
[2026-08-11 18:53:15] [LAW] Law "law-10" applied to "object-17" - SUCCESS
[2026-08-11 18:53:15] [LAW] Law "law-9" applied to "object-17" - SUCCESS
[2026-08-11 18:53:15] [LAW] Law "law-10" applied to "object-17" - SUCCESS
[2026-08-11 18:53:15] [LAW] Law "law-9" applied to "object-17" - SUCCESS
[2026-08-11 18:53:15] [LAW] Law "law-10" applied to "object-17" - SUCCESS
[2026-08-11 18:53:15] [LAW] Law "law-9" applied to "object-17" - SUCCESS
[2026-08-11 18:53:15] [LAW] Law "law-10" applied to "object-17" - SUCCESS
[2026-08-11 18:53:15] [LAW] Law "law-9" applied to "object-17" - SUCCESS
[2026-08-11 18:53:15] [LAW] Law "law-10" applied to "object-17" - SUCCESS
[2026-08-11 18:53:15] [LAW] Law "law-9" applied to "object-17" - SUCCESS
[2026-08-11 18:53:15] [LAW] Law "law-10" applied to "object-17" - SUCCESS
[2026-08-11 18:53:15] [LAW] Law "law-9" applied to "object-17" - SUCCESS
[2026-08-11 18:53:15] [LAW] Law "law-10" applied to "object-17" - SUCCESS
[2026-08-11 18:53:15] [LAW] Law "law-9" applied to "object-17" - SUCCESS
[2026-08-11 18:53:15] [LAW] Law "law-10" applied to "object-17" - SUCCESS
[2026-08-11 18:53:15] [LAW] Law "law-9" applied to "object-17" - SUCCESS
[2026-08-11 18:53:15] [LAW] Law "law-10" applied to "object-17" - SUCCESS
[2026-08-11 18:53:15] [LAW] Law "law-9" applied to "object-17" - SUCCESS
[2026-08-11 18:53:15] [LAW] Law "law-10" applied to "object-17" - SUCCESS
[2026-08-11 18:53:15] [LAW] Law "law-9" applied to "object-17" - SUCCESS
[2026-08-11 18:53:15] [LAW] Law "law-10" applied to "object-17" - SUCCESS
[2026-08-11 18:53:15] [LAW] Law "law-9" applied to "object-17" - SUCCESS
[2026-08-11 18:53:15] [LAW] Law "law-10" applied to "object-17" - SUCCESS
[2026-08-11 18:53:15] [LAW] Law "law-9" applied to "object-17" - SUCCESS
[2026-08-11 18:53:15] [LAW] Law "law-10" applied to "object-17" - SUCCESS
[2026-08-11 18:53:15] [LAW] Law "law-9" applied to "object-17" - SUCCESS
[2026-08-11 18:53:15] [LAW] Law "law-10" applied to "object-17" - SUCCESS
[2026-08-11 18:53:15] [LAW] Law "law-9" applied to "object-17" - SUCCESS
[2026-08-11 18:53:15] [LAW] Law "law-10" applied to "object-17" - SUCCESS
[2026-08-11 18:53:15] [LAW] Law "law-9" applied to "object-17" - SUCCESS
[2026-08-11 18:53:15] [LAW] Law "law-10" applied to "object-17" - SUCCESS
[2026-08-11 18:53:15] [LAW] Law "law-9" applied to "object-17" - SUCCESS
[2026-08-11 18:53:15] [LAW] Law "law-10" applied to "object-17" - SUCCESS
[2026-08-11 18:53:15] [LAW] Law "law-9" applied to "object-17" - SUCCESS
[2026-08-11 18:53:15] [LAW] Law "law-10" applied to "object-17" - SUCCESS
[2026-08-11 18:53:15] [LAW] Law "law-9" applied to "object-17" - SUCCESS
[2026-08-11 18:53:15] [LAW] Law "law-10" applied to "object-17" - SUCCESS
[2026-08-11 18:53:15] [LAW] Law "law-9" applied to "object-17" - SUCCESS
[2026-08-11 18:53:15] [LAW] Law "law-10" applied to "object-17" - SUCCESS
[2026-08-11 18:53:15] [LAW] Law "law-9" applied to "object-17" - SUCCESS
[2026-08-11 18:53:15] [LAW] Law "law-10" applied to "object-17" - SUCCESS
[2026-08-11 18:53:15] [LAW] Law "law-9" applied to "object-17" - SUCCESS
[2026-08-11 18:53:15] [LAW] Law "law-10" applied to "object-17" - SUCCESS
[2026-08-11 18:53:15] [LAW] Law "law-9" applied to "object-17" - SUCCESS
[2026-08-11 18:53:15] [LAW] Law "law-10" applied to "object-17" - SUCCESS
[2026-08-11 18:53:15] [LAW] Law "law-9" applied to "object-17" - SUCCESS
[2026-08-11 18:53:15] [LAW] Law "law-10" applied to "object-17" - SUCCESS
[2026-08-11 18:53:15] [LAW] Law "law-9" applied to "object-17" - SUCCESS
[2026-08-11 18:53:15] [LAW] Law "law-10" applied to "object-17" - SUCCESS
[2026-08-11 18:53:15] [LAW] Law "law-9" applied to "object-17" - SUCCESS
[2026-08-11 18:53:15] [LAW] Law "law-10" applied to "object-17" - SUCCESS
[2026-08-11 18:53:15] [LAW] Law "law-9" applied to "object-17" - SUCCESS
[2026-08-11 18:53:15] [LAW] Law "law-10" applied to "object-17" - SUCCESS
[2026-08-11 18:53:15] [LAW] Law "law-9" applied to "object-17" - SUCCESS
[2026-08-11 18:53:15] [LAW] Law "law-10" applied to "object-17" - SUCCESS
[2026-08-11 18:53:15] [LAW] Law "law-9" applied to "object-17" - SUCCESS
[2026-08-11 18:53:15] [LAW] Law "law-10" applied to "object-17" - SUCCESS
[2026-08-11 18:53:15] [LAW] Law "law-9" applied to "object-17" - SUCCESS
[2026-08-11 18:53:15] [LAW] Law "law-10" applied to "object-17" - SUCCESS
[2026-08-11 18:53:15] [LAW] Law "law-9" applied to "object-17" - SUCCESS
[2026-08-11 18:53:15] [LAW] Law "law-10" applied to "object-17" - SUCCESS
[2026-08-11 18:53:15] [LAW] Law "law-9" applied to "object-17" - SUCCESS
[2026-08-11 18:53:15] [LAW] Law "law-10" applied to "object-17" - SUCCESS
[2026-08-11 18:53:15] [LAW] Law "law-9" applied to "object-17" - SUCCESS
[2026-08-11 18:53:15] [LAW] Law "law-10" applied to "object-17" - SUCCESS
[2026-08-11 18:53:15] [LAW] Law "law-9" applied to "object-17" - SUCCESS
[2026-08-11 18:53:15] [LAW] Law "law-10" applied to "object-17" - SUCCESS
[2026-08-11 18:53:15] [LAW] Law "law-9" applied to "object-17" - SUCCESS
[2026-08-11 18:53:15] [LAW] Law "law-10" applied to "object-17" - SUCCESS
[2026-08-11 18:53:15] [LAW] Law "law-9" applied to "object-17" - SUCCESS
[2026-08-11 18:53:15] [LAW] Law "law-10" applied to "object-17" - SUCCESS
[2026-08-11 18:53:15] [LAW] Law "law-9" applied to "object-17" - SUCCESS
[2026-08-11 18:53:15] [LAW] Law "law-10" applied to "object-17" - SUCCESS
[2026-08-11 18:53:15] [LAW] Law "law-9" applied to "object-17" - SUCCESS
[2026-08-11 18:53:15] [LAW] Law "law-10" applied to "object-17" - SUCCESS
[2026-08-11 18:53:15] [LAW] Law "law-9" applied to "object-17" - SUCCESS
[2026-08-11 18:53:15] [LAW] Law "law-10" applied to "object-17" - SUCCESS
[2026-08-11 18:53:15] [LAW] Law "law-9" applied to "object-17" - SUCCESS
[2026-08-11 18:53:15] [LAW] Law "law-10" applied to "object-17" - SUCCESS
[2026-08-11 18:53:15] [LAW] Law "law-9" applied to "object-17" - SUCCESS
[2026-08-11 18:53:15] [LAW] Law "law-10" applied to "object-17" - SUCCESS
[2026-08-11 18:53:15] [LAW] Law "law-9" applied to "object-17" - SUCCESS
[2026-08-11 18:53:15] [LAW] Law "law-10" applied to "object-17" - SUCCESS
[2026-08-11 18:53:15] [LAW] Law "law-9" applied to "object-17" - SUCCESS
[2026-08-11 18:53:15] [LAW] Law "law-10" applied to "object-17" - SUCCESS
[2026-08-11 18:53:15] [LAW] Law "law-9" applied to "object-17" - SUCCESS
[2026-08-11 18:53:15] [LAW] Law "law-10" applied to "object-17" - SUCCESS
[2026-08-11 18:53:15] [LAW] Law "law-9" applied to "object-17" - SUCCESS
[2026-08-11 18:53:15] [LAW] Law "law-10" applied to "object-17" - SUCCESS
[2026-08-11 18:53:15] [LAW] Law "law-9" applied to "object-17" - SUCCESS
[2026-08-11 18:53:15] [LAW] Law "law-10" applied to "object-17" - SUCCESS
[2026-08-11 18:53:15] [LAW] Law "law-9" applied to "object-17" - SUCCESS
[2026-08-11 18:53:15] [LAW] Law "law-10" applied to "object-17" - SUCCESS
[2026-08-11 18:53:15] [LAW] Law "law-9" applied to "object-17" - SUCCESS
[2026-08-11 18:53:15] [LAW] Law "law-10" applied to "object-17" - SUCCESS
[2026-08-11 18:53:15] [LAW] Law "law-9" applied to "object-17" - SUCCESS
[2026-08-11 18:53:15] [LAW] Law "law-10" applied to "object-17" - SUCCESS
[2026-08-11 18:53:15] [LAW] Law "law-9" applied to "object-17" - SUCCESS
[2026-08-11 18:53:15] [LAW] Law "law-10" applied to "object-17" - SUCCESS
[2026-08-11 18:53:15] [LAW] Law "law-9" applied to "object-17" - SUCCESS
[2026-08-11 18:53:15] [LAW] Law "law-10" applied to "object-17" - SUCCESS
[2026-08-11 18:53:15] [LAW] Law "law-9" applied to "object-17" - SUCCESS
[2026-08-11 18:53:15] [LAW] Law "law-10" applied to "object-17" - SUCCESS
[2026-08-11 18:53:15] [LAW] Law "law-9" applied to "object-17" - SUCCESS
[2026-08-11 18:53:15] [LAW] Law "law-10" applied to "object-17" - SUCCESS
[2026-08-11 18:53:15] [LAW] Law "law-9" applied to "object-17" - SUCCESS
[2026-08-11 18:53:15] [LAW] Law "law-10" applied to "object-17" - SUCCESS
[2026-08-11 18:53:15] [LAW] Law "law-9" applied to "object-17" - SUCCESS
[2026-08-11 18:53:15] [LAW] Law "law-10" applied to "object-17" - SUCCESS
[2026-08-11 18:53:15] [LAW] Law "law-9" applied to "object-17" - SUCCESS
[2026-08-11 18:53:15] [LAW] Law "law-10" applied to "object-17" - SUCCESS
[2026-08-11 18:53:15] [LAW] Law "law-9" applied to "object-17" - SUCCESS
[2026-08-11 18:53:15] [LAW] Law "law-10" applied to "object-17" - SUCCESS
[2026-08-11 18:53:15] [LAW] Law "law-9" applied to "object-17" - SUCCESS
[2026-08-11 18:53:15] [LAW] Law "law-10" applied to "object-17" - SUCCESS
[2026-08-11 18:53:15] [LAW] Law "law-9" applied to "object-17" - SUCCESS
[2026-08-11 18:53:15] [LAW] Law "law-10" applied to "object-17" - SUCCESS
[2026-08-11 18:53:15] [LAW] Law "law-9" applied to "object-17" - SUCCESS
[2026-08-11 18:53:15] [LAW] Law "law-10" applied to "object-17" - SUCCESS
[2026-08-11 18:53:15] [LAW] Law "law-9" applied to "object-17" - SUCCESS
[2026-08-11 18:53:15] [LAW] Law "law-10" applied to "object-17" - SUCCESS
[2026-08-11 18:53:15] [LAW] Law "law-9" applied to "object-17" - SUCCESS
[2026-08-11 18:53:15] [LAW] Law "law-10" applied to "object-17" - SUCCESS
[2026-08-11 18:53:15] [LAW] Law "law-9" applied to "object-17" - SUCCESS
[2026-08-11 18:53:15] [LAW] Law "law-10" applied to "object-17" - SUCCESS
[2026-08-11 18:53:15] [LAW] Law "law-9" applied to "object-17" - SUCCESS
[2026-08-11 18:53:15] [LAW] Law "law-10" applied to "object-17" - SUCCESS
[2026-08-11 18:53:15] [LAW] Law "law-9" applied to "object-17" - SUCCESS
[2026-08-11 18:53:15] [LAW] Law "law-10" applied to "object-17" - SUCCESS
[2026-08-11 18:53:15] [LAW] Law "law-9" applied to "object-17" - SUCCESS
[2026-08-11 18:53:15] [LAW] Law "law-10" applied to "object-17" - SUCCESS
[2026-08-11 18:53:15] [LAW] Law "law-9" applied to "object-17" - SUCCESS
[2026-08-11 18:53:15] [LAW] Law "law-10" applied to "object-17" - SUCCESS
[2026-08-11 18:53:15] [LAW] Law "law-9" applied to "object-17" - SUCCESS
[2026-08-11 18:53:15] [LAW] Law "law-10" applied to "object-17" - SUCCESS
[2026-08-11 18:53:15] [LAW] Law "law-9" applied to "object-17" - SUCCESS
[2026-08-11 18:53:15] [LAW] Law "law-10" applied to "object-17" - SUCCESS
[2026-08-11 18:53:15] [LAW] Law "law-9" applied to "object-17" - SUCCESS
[2026-08-11 18:53:15] [LAW] Law "law-10" applied to "object-17" - SUCCESS
[2026-08-11 18:53:15] [LAW] Law "law-9" applied to "object-17" - SUCCESS
[2026-08-11 18:53:15] [LAW] Law "law-10" applied to "object-17" - SUCCESS
[2026-08-11 18:53:15] [LAW] Law "law-9" applied to "object-17" - SUCCESS
[2026-08-11 18:53:15] [LAW] Law "law-10" applied to "object-17" - SUCCESS
[2026-08-11 18:53:15] [LAW] Law "law-9" applied to "object-17" - SUCCESS
[2026-08-11 18:53:15] [LAW] Law "law-10" applied to "object-17" - SUCCESS
[2026-08-11 18:53:15] [LAW] Law "law-9" applied to "object-17" - SUCCESS
[2026-08-11 18:53:15] [LAW] Law "law-10" applied to "object-17" - SUCCESS
[2026-08-11 18:53:15] [LAW] Law "law-9" applied to "object-17" - SUCCESS
[2026-08-11 18:53:15] [LAW] Law "law-10" applied to "object-17" - SUCCESS
[2026-08-11 18:53:15] [LAW] Law "law-9" applied to "object-17" - SUCCESS
[2026-08-11 18:53:15] [LAW] Law "law-10" applied to "object-17" - SUCCESS
[2026-08-11 18:53:15] [LAW] Law "law-9" applied to "object-17" - SUCCESS
[2026-08-11 18:53:15] [LAW] Law "law-10" applied to "object-17" - SUCCESS
[2026-08-11 18:53:15] [LAW] Law "law-9" applied to "object-17" - SUCCESS
[2026-08-11 18:53:15] [LAW] Law "law-10" applied to "object-17" - SUCCESS
[2026-08-11 18:53:15] [LAW] Law "law-9" applied to "object-17" - SUCCESS
[2026-08-11 18:53:15] [LAW] Law "law-10" applied to "object-17" - SUCCESS
[2026-08-11 18:53:15] [LAW] Law "law-9" applied to "object-17" - SUCCESS
[2026-08-11 18:53:15] [LAW] Law "law-10" applied to "object-17" - SUCCESS
[2026-08-11 18:53:15] [LAW] Law "law-9" applied to "object-17" - SUCCESS
[2026-08-11 18:53:15] [LAW] Law "law-10" applied to "object-17" - SUCCESS
[2026-08-11 18:53:15] [LAW] Law "law-9" applied to "object-17" - SUCCESS
[2026-08-11 18:53:15] [LAW] Law "law-10" applied to "object-17" - SUCCESS
[2026-08-11 18:53:15] [LAW] Law "law-9" applied to "object-17" - SUCCESS
[2026-08-11 18:53:15] [LAW] Law "law-10" applied to "object-17" - SUCCESS
[2026-08-11 18:53:15] [LAW] Law "law-9" applied to "object-17" - SUCCESS
[2026-08-11 18:53:15] [LAW] Law "law-10" applied to "object-17" - SUCCESS
[2026-08-11 18:53:15] [LAW] Law "law-9" applied to "object-17" - SUCCESS
[2026-08-11 18:53:15] [LAW] Law "law-10" applied to "object-17" - SUCCESS
[2026-08-11 18:53:15] [LAW] Law "law-9" applied to "object-17" - SUCCESS
[2026-08-11 18:53:15] [LAW] Law "law-10" applied to "object-17" - SUCCESS
[2026-08-11 18:53:15] [LAW] Law "law-9" applied to "object-17" - SUCCESS
[2026-08-11 18:53:15] [LAW] Law "law-10" applied to "object-17" - SUCCESS
[2026-08-11 18:53:15] [LAW] Law "law-9" applied to "object-17" - SUCCESS
[2026-08-11 18:53:15] [LAW] Law "law-10" applied to "object-17" - SUCCESS
[2026-08-11 18:53:15] [LAW] Law "law-9" applied to "object-17" - SUCCESS
[2026-08-11 18:53:15] [LAW] Law "law-10" applied to "object-17" - SUCCESS
[2026-08-11 18:53:15] [LAW] Law "law-9" applied to "object-17" - SUCCESS
[2026-08-11 18:53:15] [LAW] Law "law-10" applied to "object-17" - SUCCESS
[2026-08-11 18:53:15] [LAW] Law "law-9" applied to "object-17" - SUCCESS
[2026-08-11 18:53:15] [LAW] Law "law-10" applied to "object-17" - SUCCESS
[2026-08-11 18:53:15] [LAW] Law "law-9" applied to "object-17" - SUCCESS
[2026-08-11 18:53:15] [LAW] Law "law-10" applied to "object-17" - SUCCESS
[2026-08-11 18:53:15] [LAW] Law "law-9" applied to "object-17" - SUCCESS
[2026-08-11 18:53:15] [LAW] Law "law-10" applied to "object-17" - SUCCESS
[2026-08-11 18:53:15] [LAW] Law "law-9" applied to "object-17" - SUCCESS
[2026-08-11 18:53:15] [LAW] Law "law-10" applied to "object-17" - SUCCESS
[2026-08-11 18:53:16] [EVENT] Event "concept-registered" triggered (Subject: concept-1, Object: null)
[2026-08-11 18:53:16] [EVENT] Event "relation-formed" triggered (Subject: law-1-authored-by-Player, Object: null)
[2026-08-11 18:53:16] [EVENT] Event "law-registered" triggered (Subject: law-1, Object: null)
[2026-08-11 18:53:16] [EVENT] Event "onMouseClicked" triggered (Subject: Player, Object: null)
[2026-08-11 18:53:16] [LAW] Law "law-1" applied to "Player" - CONDITIONS FAILED
[2026-08-11 18:53:16] [EVENT] Event "onMouseClicked" triggered (Subject: Player, Object: null)
[2026-08-11 18:53:16] [LAW] Law "law-1" applied to "Player" - CONDITIONS FAILED
[2026-08-11 18:53:16] [EVENT] Event "onMouseClicked" triggered (Subject: Player, Object: null)
[2026-08-11 18:53:16] [EVENT] Event "relation-formed" triggered (Subject: object-6-generated-from-concept-1, Object: null)
[2026-08-11 18:53:16] [EVENT] Event "concept-instantiated" triggered (Subject: concept-1, Object: null)
[2026-08-11 18:53:16] [EVENT] Event "object-created" triggered (Subject: object-6, Object: Player)
[2026-08-11 18:53:16] [LAW] Law "law-1" applied to "Player" - SUCCESS
[2026-08-11 18:53:16] [EVENT] Event "onMouseClicked" triggered (Subject: Player, Object: null)
[2026-08-11 18:53:16] [EVENT] Event "relation-formed" triggered (Subject: object-7-generated-from-concept-1, Object: null)
[2026-08-11 18:53:16] [EVENT] Event "concept-instantiated" triggered (Subject: concept-1, Object: null)
[2026-08-11 18:53:16] [EVENT] Event "object-created" triggered (Subject: object-7, Object: Player)
[2026-08-11 18:53:16] [LAW] Law "law-1" applied to "Player" - SUCCESS
[2026-08-11 18:53:16] [EVENT] Event "onMouseClicked" triggered (Subject: Player, Object: null)
[2026-08-11 18:53:16] [EVENT] Event "relation-formed" triggered (Subject: object-8-generated-from-concept-1, Object: null)
[2026-08-11 18:53:16] [EVENT] Event "concept-instantiated" triggered (Subject: concept-1, Object: null)
[2026-08-11 18:53:16] [EVENT] Event "object-created" triggered (Subject: object-8, Object: Player)
[2026-08-11 18:53:16] [LAW] Law "law-1" applied to "Player" - SUCCESS
[2026-08-11 18:53:16] [EVENT] Event "onMouseClicked" triggered (Subject: Player, Object: null)
[2026-08-11 18:53:16] [EVENT] Event "relation-formed" triggered (Subject: object-9-generated-from-concept-1, Object: null)
[2026-08-11 18:53:16] [EVENT] Event "concept-instantiated" triggered (Subject: concept-1, Object: null)
[2026-08-11 18:53:16] [EVENT] Event "object-created" triggered (Subject: object-9, Object: Player)
[2026-08-11 18:53:16] [LAW] Law "law-1" applied to "Player" - SUCCESS
[2026-08-11 18:53:16] [EVENT] Event "onMouseClicked" triggered (Subject: Player, Object: null)
[2026-08-11 18:53:16] [EVENT] Event "relation-formed" triggered (Subject: object-10-generated-from-concept-1, Object: null)
[2026-08-11 18:53:16] [EVENT] Event "concept-instantiated" triggered (Subject: concept-1, Object: null)
[2026-08-11 18:53:16] [EVENT] Event "object-created" triggered (Subject: object-10, Object: Player)
[2026-08-11 18:53:16] [LAW] Law "law-1" applied to "Player" - SUCCESS
[2026-08-11 18:53:16] [EVENT] Event "law-registered" triggered (Subject: law-1, Object: null)
[2026-08-11 18:53:16] [EVENT] Event "law-registered" triggered (Subject: law-1, Object: null)
[2026-08-11 18:53:16] [EVENT] Event "onMouseClicked" triggered (Subject: Player, Object: null)
[2026-08-11 18:53:16] [EVENT] Event "onMouseClicked" triggered (Subject: Player, Object: null)
[2026-08-11 18:53:16] [EVENT] Event "relation-formed" triggered (Subject: object-12-generated-from-concept-1, Object: null)
[2026-08-11 18:53:16] [EVENT] Event "relation-formed" triggered (Subject: object-12-generated-from-concept-1, Object: null)
[2026-08-11 18:53:16] [EVENT] Event "concept-instantiated" triggered (Subject: concept-1, Object: null)
[2026-08-11 18:53:16] [EVENT] Event "concept-instantiated" triggered (Subject: concept-1, Object: null)
[2026-08-11 18:53:16] [EVENT] Event "object-created" triggered (Subject: object-12, Object: Player)
[2026-08-11 18:53:16] [EVENT] Event "object-created" triggered (Subject: object-12, Object: Player)
[2026-08-11 18:53:16] [LAW] Law "law-1" applied to "Player" - SUCCESS
[2026-08-11 18:53:17] [EVENT] Event "relation-formed" triggered (Subject: law-2-targets-object-6, Object: null)
[2026-08-11 18:53:17] [EVENT] Event "relation-formed" triggered (Subject: law-1-authored-by-object-3, Object: null)
[2026-08-11 18:53:17] [EVENT] Event "law-registered" triggered (Subject: law-1, Object: null)
[2026-08-11 18:53:17] [EVENT] Event "relation-formed" triggered (Subject: law-2-authored-by-object-3, Object: null)
[2026-08-11 18:53:17] [EVENT] Event "law-registered" triggered (Subject: law-2, Object: null)
[2026-08-11 18:53:17] [LAW] Law "law-1" applied to "object-3" - SUCCESS
[2026-08-11 18:53:17] [EVENT] Event "law-applied" triggered (Subject: object-3, Object: null)
[2026-08-11 18:53:17] [LAW] Law "law-1" applied to "object-4" - SUCCESS
[2026-08-11 18:53:17] [EVENT] Event "law-applied" triggered (Subject: object-4, Object: null)
[2026-08-11 18:53:17] [EVENT] Event "relation-formed" triggered (Subject: law-5-authored-by-object-3, Object: null)
[2026-08-11 18:53:17] [EVENT] Event "law-registered" triggered (Subject: law-5, Object: null)
[2026-08-11 18:53:17] [LAW] Law "law-5" applied to "object-7" - SUCCESS
[2026-08-11 18:53:17] [EVENT] Event "law-applied" triggered (Subject: object-7, Object: null)
[2026-08-11 18:53:17] [EVENT] Event "object-created" triggered (Subject: object-6, Object: null)
[2026-08-11 18:53:17] [LAW] Law "law-2" applied to "object-6" - SUCCESS
[2026-08-11 18:53:17] [EVENT] Event "law-applied" triggered (Subject: object-6, Object: null)
[2026-08-11 18:53:17] [LAW] Law "law-2" applied to "object-6" - SUCCESS
[2026-08-11 18:53:17] [EVENT] Event "law-applied" triggered (Subject: object-6, Object: null)
[2026-08-11 18:53:17] [EVENT] Event "relation-formed" triggered (Subject: law-6-authored-by-object-3, Object: null)
[2026-08-11 18:53:17] [EVENT] Event "law-registered" triggered (Subject: law-6, Object: null)
[2026-08-11 18:53:17] [LAW] Law "law-6" applied to "object-8" - SUCCESS
[2026-08-11 18:53:17] [EVENT] Event "law-applied" triggered (Subject: object-8, Object: null)
[2026-08-11 18:53:17] [EVENT] Event "relation-formed" triggered (Subject: law-7-authored-by-object-3, Object: null)
[2026-08-11 18:53:17] [EVENT] Event "law-registered" triggered (Subject: law-7, Object: null)
[2026-08-11 18:53:17] [EVENT] Event "relation-formed" triggered (Subject: law-7-targets-object-4, Object: null)
[2026-08-11 18:53:17] [LAW] Law "law-7" applied to "object-4" - SUCCESS
[2026-08-11 18:53:17] [EVENT] Event "law-applied" triggered (Subject: object-4, Object: null)
[2026-08-11 18:53:18] [LAW] Law "law-2" applied to "object-3" - SUCCESS
[2026-08-11 18:53:18] [LAW] Law "law-3" applied to "object-3" - SUCCESS
[2026-08-11 18:53:19] [LAW] Law "law-1" applied to "object-5" - CONDITIONS FAILED
[2026-08-11 18:53:19] [LAW] Law "law-1" applied to "object-5" - SUCCESS
[2026-08-11 18:53:19] [LAW] Law "law-1" applied to "object-5" - SUCCESS
[2026-08-11 18:53:19] [LAW] Law "law-2" applied to "object-8" - NO ACTIONS
[2026-08-11 18:53:20] [EVENT] Event "boom" triggered (Subject: object-5, Object: null)
[2026-08-11 18:53:20] [LAW] Law "law-1" applied to "object-3" - SUCCESS
[2026-08-11 18:53:20] [LAW] Law "law-1" applied to "object-5" - SUCCESS
[2026-08-11 18:53:20] [LAW] Law "law-1" applied to "object-6" - SUCCESS
[2026-08-11 18:53:20] [EVENT] Event "relation-formed" triggered (Subject: concept-1-abstracted-from-object-5, Object: null)
[2026-08-11 18:53:20] [EVENT] Event "relation-formed" triggered (Subject: concept-1-authored-by-object-3, Object: null)
[2026-08-11 18:53:20] [EVENT] Event "concept-registered" triggered (Subject: concept-1, Object: null)
[2026-08-11 18:53:20] [EVENT] Event "concept-registered" triggered (Subject: concept-1, Object: null)
[2026-08-11 18:53:20] [EVENT] Event "relation-formed" triggered (Subject: law-5-authored-by-object-3, Object: null)
[2026-08-11 18:53:20] [EVENT] Event "law-registered" triggered (Subject: law-5, Object: null)
[2026-08-11 18:53:20] [EVENT] Event "relation-formed" triggered (Subject: law-6-authored-by-object-3, Object: null)
[2026-08-11 18:53:20] [EVENT] Event "law-registered" triggered (Subject: law-6, Object: null)
[2026-08-11 18:53:20] [EVENT] Event "relation-formed" triggered (Subject: law-7-authored-by-object-3, Object: null)
[2026-08-11 18:53:20] [EVENT] Event "law-registered" triggered (Subject: law-7, Object: null)
[2026-08-11 18:53:20] [EVENT] Event "law-registered" triggered (Subject: law-5, Object: null)
[2026-08-11 18:53:20] [EVENT] Event "law-registered" triggered (Subject: law-6, Object: null)
[2026-08-11 18:53:20] [EVENT] Event "law-registered" triggered (Subject: law-7, Object: null)
[2026-08-11 18:53:20] [LAW] Law "law-5" applied to "object-5" - SUCCESS
[2026-08-11 18:53:20] [LAW] Law "law-5" applied to "object-5" - SUCCESS
[2026-08-11 18:53:20] [LAW] Law "law-5" applied to "object-5" - SUCCESS
[2026-08-11 18:53:20] [LAW] Law "law-5" applied to "object-5" - SUCCESS
[2026-08-11 18:53:20] [LAW] Law "law-5" applied to "object-5" - SUCCESS
[2026-08-11 18:53:20] [LAW] Law "law-5" applied to "object-5" - SUCCESS
[2026-08-11 18:53:20] [LAW] Law "law-5" applied to "object-5" - SUCCESS
[2026-08-11 18:53:20] [LAW] Law "law-5" applied to "object-5" - SUCCESS
[2026-08-11 18:53:20] [LAW] Law "law-5" applied to "object-5" - SUCCESS
[2026-08-11 18:53:20] [LAW] Law "law-5" applied to "object-5" - SUCCESS
[2026-08-11 18:53:20] [LAW] Law "law-5" applied to "object-5" - SUCCESS
[2026-08-11 18:53:20] [LAW] Law "law-5" applied to "object-5" - SUCCESS
[2026-08-11 18:53:20] [LAW] Law "law-5" applied to "object-5" - SUCCESS
[2026-08-11 18:53:20] [LAW] Law "law-5" applied to "object-5" - SUCCESS
[2026-08-11 18:53:20] [LAW] Law "law-5" applied to "object-5" - SUCCESS
[2026-08-11 18:53:20] [LAW] Law "law-5" applied to "object-5" - SUCCESS
[2026-08-11 18:53:20] [LAW] Law "law-5" applied to "object-5" - SUCCESS
[2026-08-11 18:53:20] [LAW] Law "law-5" applied to "object-5" - SUCCESS
[2026-08-11 18:53:20] [LAW] Law "law-5" applied to "object-5" - SUCCESS
[2026-08-11 18:53:20] [LAW] Law "law-5" applied to "object-5" - SUCCESS
[2026-08-11 18:53:20] [LAW] Law "law-5" applied to "object-5" - SUCCESS
[2026-08-11 18:53:20] [LAW] Law "law-5" applied to "object-5" - SUCCESS
[2026-08-11 18:53:20] [LAW] Law "law-5" applied to "object-5" - SUCCESS
[2026-08-11 18:53:20] [LAW] Law "law-5" applied to "object-5" - SUCCESS
[2026-08-11 18:53:20] [LAW] Law "law-5" applied to "object-5" - SUCCESS
[2026-08-11 18:53:20] [LAW] Law "law-5" applied to "object-5" - SUCCESS
[2026-08-11 18:53:20] [LAW] Law "law-5" applied to "object-5" - SUCCESS
[2026-08-11 18:53:20] [LAW] Law "law-5" applied to "object-5" - SUCCESS
[2026-08-11 18:53:20] [LAW] Law "law-5" applied to "object-5" - SUCCESS
[2026-08-11 18:53:20] [LAW] Law "law-5" applied to "object-5" - SUCCESS
[2026-08-11 18:53:20] [LAW] Law "law-5" applied to "object-5" - SUCCESS
[2026-08-11 18:53:20] [LAW] Law "law-5" applied to "object-5" - SUCCESS
[2026-08-11 18:53:20] [LAW] Law "law-5" applied to "object-5" - SUCCESS
[2026-08-11 18:53:20] [LAW] Law "law-5" applied to "object-5" - SUCCESS
[2026-08-11 18:53:20] [LAW] Law "law-5" applied to "object-5" - SUCCESS
[2026-08-11 18:53:20] [LAW] Law "law-5" applied to "object-5" - SUCCESS
[2026-08-11 18:53:20] [LAW] Law "law-5" applied to "object-5" - SUCCESS
[2026-08-11 18:53:20] [LAW] Law "law-5" applied to "object-5" - SUCCESS
[2026-08-11 18:53:20] [LAW] Law "law-5" applied to "object-5" - SUCCESS
[2026-08-11 18:53:20] [LAW] Law "law-5" applied to "object-5" - SUCCESS
[2026-08-11 18:53:20] [LAW] Law "law-5" applied to "object-5" - SUCCESS
[2026-08-11 18:53:20] [LAW] Law "law-5" applied to "object-5" - SUCCESS
[2026-08-11 18:53:20] [LAW] Law "law-5" applied to "object-5" - SUCCESS
[2026-08-11 18:53:20] [LAW] Law "law-5" applied to "object-5" - SUCCESS
[2026-08-11 18:53:20] [LAW] Law "law-5" applied to "object-5" - SUCCESS
[2026-08-11 18:53:20] [LAW] Law "law-5" applied to "object-5" - SUCCESS
[2026-08-11 18:53:20] [LAW] Law "law-5" applied to "object-5" - SUCCESS
[2026-08-11 18:53:20] [LAW] Law "law-5" applied to "object-5" - SUCCESS
[2026-08-11 18:53:20] [LAW] Law "law-5" applied to "object-5" - SUCCESS
[2026-08-11 18:53:20] [LAW] Law "law-5" applied to "object-5" - SUCCESS
[2026-08-11 18:53:20] [LAW] Law "law-5" applied to "object-5" - SUCCESS
[2026-08-11 18:53:20] [LAW] Law "law-5" applied to "object-5" - SUCCESS
[2026-08-11 18:53:20] [LAW] Law "law-5" applied to "object-5" - SUCCESS
[2026-08-11 18:53:20] [LAW] Law "law-5" applied to "object-5" - SUCCESS
[2026-08-11 18:53:20] [LAW] Law "law-5" applied to "object-5" - SUCCESS
[2026-08-11 18:53:20] [LAW] Law "law-5" applied to "object-5" - SUCCESS
[2026-08-11 18:53:20] [LAW] Law "law-5" applied to "object-5" - SUCCESS
[2026-08-11 18:53:20] [LAW] Law "law-5" applied to "object-5" - SUCCESS
[2026-08-11 18:53:20] [LAW] Law "law-5" applied to "object-5" - SUCCESS
[2026-08-11 18:53:20] [LAW] Law "law-5" applied to "object-5" - SUCCESS
[2026-08-11 18:53:20] [LAW] Law "law-5" applied to "object-5" - SUCCESS
[2026-08-11 18:53:20] [LAW] Law "law-5" applied to "object-5" - SUCCESS
[2026-08-11 18:53:20] [LAW] Law "law-5" applied to "object-5" - SUCCESS
[2026-08-11 18:53:20] [LAW] Law "law-5" applied to "object-5" - SUCCESS
[2026-08-11 18:53:20] [LAW] Law "law-5" applied to "object-5" - SUCCESS
[2026-08-11 18:53:20] [LAW] Law "law-5" applied to "object-5" - SUCCESS
[2026-08-11 18:53:20] [LAW] Law "law-5" applied to "object-5" - SUCCESS
[2026-08-11 18:53:20] [LAW] Law "law-5" applied to "object-5" - SUCCESS
[2026-08-11 18:53:20] [LAW] Law "law-5" applied to "object-5" - SUCCESS
[2026-08-11 18:53:20] [LAW] Law "law-5" applied to "object-5" - SUCCESS
[2026-08-11 18:53:20] [LAW] Law "law-5" applied to "object-5" - SUCCESS
[2026-08-11 18:53:20] [LAW] Law "law-5" applied to "object-5" - SUCCESS
[2026-08-11 18:53:20] [LAW] Law "law-5" applied to "object-5" - SUCCESS
[2026-08-11 18:53:20] [LAW] Law "law-5" applied to "object-5" - SUCCESS
[2026-08-11 18:53:20] [LAW] Law "law-5" applied to "object-5" - SUCCESS
[2026-08-11 18:53:20] [LAW] Law "law-5" applied to "object-5" - SUCCESS
[2026-08-11 18:53:20] [LAW] Law "law-5" applied to "object-5" - SUCCESS
[2026-08-11 18:53:20] [LAW] Law "law-5" applied to "object-5" - SUCCESS
[2026-08-11 18:53:20] [LAW] Law "law-5" applied to "object-5" - SUCCESS
[2026-08-11 18:53:20] [LAW] Law "law-5" applied to "object-5" - SUCCESS
[2026-08-11 18:53:20] [LAW] Law "law-5" applied to "object-5" - SUCCESS
[2026-08-11 18:53:20] [LAW] Law "law-5" applied to "object-5" - SUCCESS
[2026-08-11 18:53:20] [LAW] Law "law-5" applied to "object-5" - SUCCESS
[2026-08-11 18:53:20] [LAW] Law "law-5" applied to "object-5" - SUCCESS
[2026-08-11 18:53:20] [LAW] Law "law-5" applied to "object-5" - SUCCESS
[2026-08-11 18:53:20] [LAW] Law "law-5" applied to "object-5" - SUCCESS
[2026-08-11 18:53:20] [LAW] Law "law-5" applied to "object-5" - SUCCESS
[2026-08-11 18:53:20] [LAW] Law "law-5" applied to "object-5" - SUCCESS
[2026-08-11 18:53:20] [LAW] Law "law-5" applied to "object-5" - SUCCESS
[2026-08-11 18:53:20] [LAW] Law "law-5" applied to "object-5" - SUCCESS
[2026-08-11 18:53:20] [LAW] Law "law-5" applied to "object-5" - SUCCESS
[2026-08-11 18:53:20] [LAW] Law "law-5" applied to "object-5" - SUCCESS
[2026-08-11 18:53:20] [LAW] Law "law-5" applied to "object-5" - SUCCESS
[2026-08-11 18:53:20] [LAW] Law "law-5" applied to "object-5" - SUCCESS
[2026-08-11 18:53:20] [LAW] Law "law-5" applied to "object-5" - SUCCESS
[2026-08-11 18:53:20] [LAW] Law "law-5" applied to "object-5" - SUCCESS
[2026-08-11 18:53:20] [LAW] Law "law-5" applied to "object-5" - SUCCESS
[2026-08-11 18:53:20] [LAW] Law "law-5" applied to "object-5" - SUCCESS
[2026-08-11 18:53:20] [LAW] Law "law-5" applied to "object-5" - SUCCESS
[2026-08-11 18:53:20] [LAW] Law "law-5" applied to "object-5" - SUCCESS
[2026-08-11 18:53:20] [LAW] Law "law-5" applied to "object-5" - SUCCESS
[2026-08-11 18:53:20] [LAW] Law "law-5" applied to "object-5" - SUCCESS
[2026-08-11 18:53:20] [LAW] Law "law-5" applied to "object-5" - SUCCESS
[2026-08-11 18:53:20] [LAW] Law "law-5" applied to "object-5" - SUCCESS
[2026-08-11 18:53:20] [LAW] Law "law-5" applied to "object-5" - SUCCESS
[2026-08-11 18:53:20] [LAW] Law "law-5" applied to "object-5" - SUCCESS
[2026-08-11 18:53:20] [LAW] Law "law-5" applied to "object-5" - SUCCESS
[2026-08-11 18:53:20] [LAW] Law "law-5" applied to "object-5" - SUCCESS
[2026-08-11 18:53:20] [LAW] Law "law-5" applied to "object-5" - SUCCESS
[2026-08-11 18:53:20] [LAW] Law "law-5" applied to "object-5" - SUCCESS
[2026-08-11 18:53:20] [LAW] Law "law-5" applied to "object-5" - SUCCESS
[2026-08-11 18:53:20] [LAW] Law "law-5" applied to "object-5" - SUCCESS
[2026-08-11 18:53:20] [LAW] Law "law-5" applied to "object-5" - SUCCESS
[2026-08-11 18:53:20] [LAW] Law "law-5" applied to "object-5" - SUCCESS
[2026-08-11 18:53:20] [LAW] Law "law-5" applied to "object-5" - SUCCESS
[2026-08-11 18:53:20] [LAW] Law "law-5" applied to "object-5" - SUCCESS
[2026-08-11 18:53:20] [LAW] Law "law-5" applied to "object-5" - SUCCESS
[2026-08-11 18:53:20] [LAW] Law "law-5" applied to "object-5" - SUCCESS
[2026-08-11 18:53:20] [LAW] Law "law-5" applied to "object-5" - SUCCESS
[2026-08-11 18:53:20] [LAW] Law "law-5" applied to "object-5" - SUCCESS
[2026-08-11 18:53:20] [LAW] Law "law-5" applied to "object-5" - SUCCESS
[2026-08-11 18:53:20] [LAW] Law "law-5" applied to "object-5" - SUCCESS
[2026-08-11 18:53:20] [LAW] Law "law-5" applied to "object-5" - SUCCESS
[2026-08-11 18:53:20] [LAW] Law "law-5" applied to "object-5" - SUCCESS
[2026-08-11 18:53:20] [LAW] Law "law-5" applied to "object-5" - SUCCESS
[2026-08-11 18:53:20] [LAW] Law "law-5" applied to "object-5" - SUCCESS
[2026-08-11 18:53:20] [LAW] Law "law-5" applied to "object-5" - SUCCESS
[2026-08-11 18:53:20] [LAW] Law "law-5" applied to "object-5" - SUCCESS
[2026-08-11 18:53:20] [LAW] Law "law-5" applied to "object-5" - SUCCESS
[2026-08-11 18:53:20] [LAW] Law "law-5" applied to "object-5" - SUCCESS
[2026-08-11 18:53:20] [LAW] Law "law-5" applied to "object-5" - SUCCESS
[2026-08-11 18:53:20] [LAW] Law "law-5" applied to "object-5" - SUCCESS
[2026-08-11 18:53:20] [LAW] Law "law-5" applied to "object-5" - SUCCESS
[2026-08-11 18:53:20] [LAW] Law "law-5" applied to "object-5" - SUCCESS
[2026-08-11 18:53:20] [LAW] Law "law-5" applied to "object-5" - SUCCESS
[2026-08-11 18:53:20] [LAW] Law "law-5" applied to "object-5" - SUCCESS
[2026-08-11 18:53:20] [LAW] Law "law-5" applied to "object-5" - SUCCESS
[2026-08-11 18:53:20] [LAW] Law "law-5" applied to "object-5" - SUCCESS
[2026-08-11 18:53:20] [LAW] Law "law-5" applied to "object-5" - SUCCESS
[2026-08-11 18:53:20] [LAW] Law "law-5" applied to "object-5" - SUCCESS
[2026-08-11 18:53:20] [LAW] Law "law-5" applied to "object-5" - SUCCESS
[2026-08-11 18:53:20] [LAW] Law "law-5" applied to "object-5" - SUCCESS
[2026-08-11 18:53:20] [LAW] Law "law-5" applied to "object-5" - SUCCESS
[2026-08-11 18:53:20] [LAW] Law "law-5" applied to "object-5" - SUCCESS
[2026-08-11 18:53:20] [LAW] Law "law-5" applied to "object-5" - SUCCESS
[2026-08-11 18:53:20] [LAW] Law "law-5" applied to "object-5" - SUCCESS
[2026-08-11 18:53:20] [LAW] Law "law-5" applied to "object-5" - SUCCESS
[2026-08-11 18:53:20] [LAW] Law "law-5" applied to "object-5" - SUCCESS
[2026-08-11 18:53:20] [LAW] Law "law-5" applied to "object-5" - SUCCESS
[2026-08-11 18:53:20] [LAW] Law "law-5" applied to "object-5" - SUCCESS
[2026-08-11 18:53:20] [LAW] Law "law-5" applied to "object-5" - SUCCESS
[2026-08-11 18:53:20] [LAW] Law "law-5" applied to "object-5" - SUCCESS
[2026-08-11 18:53:20] [LAW] Law "law-5" applied to "object-5" - SUCCESS
[2026-08-11 18:53:20] [LAW] Law "law-5" applied to "object-5" - SUCCESS
[2026-08-11 18:53:20] [LAW] Law "law-5" applied to "object-5" - SUCCESS
[2026-08-11 18:53:20] [LAW] Law "law-5" applied to "object-5" - SUCCESS
[2026-08-11 18:53:20] [LAW] Law "law-5" applied to "object-5" - SUCCESS
[2026-08-11 18:53:20] [LAW] Law "law-5" applied to "object-5" - SUCCESS
[2026-08-11 18:53:20] [LAW] Law "law-5" applied to "object-5" - SUCCESS
[2026-08-11 18:53:20] [LAW] Law "law-5" applied to "object-5" - SUCCESS
[2026-08-11 18:53:20] [LAW] Law "law-5" applied to "object-5" - SUCCESS
[2026-08-11 18:53:20] [LAW] Law "law-5" applied to "object-5" - SUCCESS
[2026-08-11 18:53:20] [LAW] Law "law-5" applied to "object-5" - SUCCESS
[2026-08-11 18:53:20] [LAW] Law "law-5" applied to "object-5" - SUCCESS
[2026-08-11 18:53:20] [LAW] Law "law-5" applied to "object-5" - SUCCESS
[2026-08-11 18:53:20] [LAW] Law "law-5" applied to "object-5" - SUCCESS
[2026-08-11 18:53:20] [LAW] Law "law-5" applied to "object-5" - SUCCESS
[2026-08-11 18:53:20] [LAW] Law "law-5" applied to "object-5" - SUCCESS
[2026-08-11 18:53:20] [LAW] Law "law-5" applied to "object-5" - SUCCESS
[2026-08-11 18:53:20] [LAW] Law "law-5" applied to "object-5" - SUCCESS
[2026-08-11 18:53:20] [LAW] Law "law-5" applied to "object-5" - SUCCESS
[2026-08-11 18:53:20] [LAW] Law "law-5" applied to "object-5" - SUCCESS
[2026-08-11 18:53:20] [LAW] Law "law-5" applied to "object-5" - SUCCESS
[2026-08-11 18:53:20] [LAW] Law "law-5" applied to "object-5" - SUCCESS
[2026-08-11 18:53:20] [LAW] Law "law-5" applied to "object-5" - SUCCESS
[2026-08-11 18:53:20] [LAW] Law "law-5" applied to "object-5" - SUCCESS
[2026-08-11 18:53:20] [LAW] Law "law-5" applied to "object-5" - SUCCESS
[2026-08-11 18:53:20] [LAW] Law "law-5" applied to "object-5" - SUCCESS
[2026-08-11 18:53:20] [LAW] Law "law-5" applied to "object-5" - SUCCESS
[2026-08-11 18:53:20] [LAW] Law "law-5" applied to "object-5" - SUCCESS
[2026-08-11 18:53:20] [LAW] Law "law-5" applied to "object-5" - SUCCESS
[2026-08-11 18:53:20] [LAW] Law "law-5" applied to "object-5" - SUCCESS
[2026-08-11 18:53:20] [LAW] Law "law-5" applied to "object-5" - SUCCESS
[2026-08-11 18:53:20] [LAW] Law "law-5" applied to "object-5" - SUCCESS
[2026-08-11 18:53:20] [LAW] Law "law-5" applied to "object-5" - SUCCESS
[2026-08-11 18:53:20] [LAW] Law "law-5" applied to "object-5" - SUCCESS
[2026-08-11 18:53:20] [LAW] Law "law-5" applied to "object-5" - SUCCESS
[2026-08-11 18:53:20] [LAW] Law "law-5" applied to "object-5" - SUCCESS
[2026-08-11 18:53:20] [LAW] Law "law-5" applied to "object-5" - SUCCESS
[2026-08-11 18:53:20] [LAW] Law "law-5" applied to "object-5" - SUCCESS
[2026-08-11 18:53:20] [LAW] Law "law-5" applied to "object-5" - SUCCESS
[2026-08-11 18:53:20] [LAW] Law "law-5" applied to "object-5" - SUCCESS
[2026-08-11 18:53:20] [LAW] Law "law-5" applied to "object-5" - SUCCESS
[2026-08-11 18:53:20] [LAW] Law "law-5" applied to "object-5" - SUCCESS
[2026-08-11 18:53:20] [LAW] Law "law-5" applied to "object-5" - SUCCESS
[2026-08-11 18:53:20] [LAW] Law "law-5" applied to "object-5" - SUCCESS
[2026-08-11 18:53:20] [LAW] Law "law-5" applied to "object-5" - SUCCESS
[2026-08-11 18:53:20] [LAW] Law "law-5" applied to "object-5" - SUCCESS
[2026-08-11 18:53:20] [LAW] Law "law-5" applied to "object-5" - SUCCESS
[2026-08-11 18:53:20] [LAW] Law "law-5" applied to "object-5" - SUCCESS
[2026-08-11 18:53:20] [LAW] Law "law-5" applied to "object-5" - SUCCESS
[2026-08-11 18:53:20] [LAW] Law "law-5" applied to "object-5" - SUCCESS
[2026-08-11 18:53:20] [LAW] Law "law-5" applied to "object-5" - SUCCESS
[2026-08-11 18:53:20] [LAW] Law "law-5" applied to "object-5" - SUCCESS
[2026-08-11 18:53:20] [LAW] Law "law-5" applied to "object-5" - SUCCESS
[2026-08-11 18:53:20] [LAW] Law "law-5" applied to "object-5" - SUCCESS
[2026-08-11 18:53:20] [LAW] Law "law-5" applied to "object-5" - SUCCESS
[2026-08-11 18:53:20] [LAW] Law "law-5" applied to "object-5" - SUCCESS
[2026-08-11 18:53:20] [LAW] Law "law-5" applied to "object-5" - SUCCESS
[2026-08-11 18:53:20] [LAW] Law "law-5" applied to "object-5" - SUCCESS
[2026-08-11 18:53:20] [LAW] Law "law-5" applied to "object-5" - SUCCESS
[2026-08-11 18:53:20] [LAW] Law "law-5" applied to "object-5" - SUCCESS
[2026-08-11 18:53:20] [LAW] Law "law-5" applied to "object-5" - SUCCESS
[2026-08-11 18:53:20] [LAW] Law "law-5" applied to "object-5" - SUCCESS
[2026-08-11 18:53:20] [LAW] Law "law-5" applied to "object-5" - SUCCESS
[2026-08-11 18:53:20] [LAW] Law "law-5" applied to "object-5" - SUCCESS
[2026-08-11 18:53:20] [LAW] Law "law-5" applied to "object-5" - SUCCESS
[2026-08-11 18:53:20] [LAW] Law "law-5" applied to "object-5" - SUCCESS
[2026-08-11 18:53:20] [LAW] Law "law-5" applied to "object-5" - SUCCESS
[2026-08-11 18:53:20] [LAW] Law "law-5" applied to "object-5" - SUCCESS
[2026-08-11 18:53:20] [LAW] Law "law-5" applied to "object-5" - SUCCESS
[2026-08-11 18:53:20] [LAW] Law "law-5" applied to "object-5" - SUCCESS
[2026-08-11 18:53:20] [LAW] Law "law-5" applied to "object-5" - SUCCESS
[2026-08-11 18:53:20] [LAW] Law "law-5" applied to "object-5" - SUCCESS
[2026-08-11 18:53:20] [LAW] Law "law-5" applied to "object-5" - SUCCESS
[2026-08-11 18:53:20] [LAW] Law "law-5" applied to "object-5" - SUCCESS
[2026-08-11 18:53:20] [LAW] Law "law-5" applied to "object-5" - SUCCESS
[2026-08-11 18:53:20] [LAW] Law "law-5" applied to "object-5" - SUCCESS
[2026-08-11 18:53:20] [LAW] Law "law-5" applied to "object-5" - SUCCESS
[2026-08-11 18:53:20] [LAW] Law "law-5" applied to "object-5" - SUCCESS
[2026-08-11 18:53:20] [LAW] Law "law-5" applied to "object-5" - SUCCESS
[2026-08-11 18:53:20] [LAW] Law "law-5" applied to "object-5" - SUCCESS
[2026-08-11 18:53:20] [LAW] Law "law-5" applied to "object-5" - SUCCESS
[2026-08-11 18:53:20] [LAW] Law "law-5" applied to "object-5" - SUCCESS
[2026-08-11 18:53:20] [LAW] Law "law-5" applied to "object-5" - SUCCESS
[2026-08-11 18:53:20] [LAW] Law "law-5" applied to "object-5" - SUCCESS
[2026-08-11 18:53:20] [LAW] Law "law-5" applied to "object-5" - SUCCESS
[2026-08-11 18:53:20] [LAW] Law "law-5" applied to "object-5" - SUCCESS
[2026-08-11 18:53:20] [LAW] Law "law-5" applied to "object-5" - SUCCESS
[2026-08-11 18:53:20] [LAW] Law "law-5" applied to "object-5" - SUCCESS
[2026-08-11 18:53:20] [LAW] Law "law-5" applied to "object-5" - SUCCESS
[2026-08-11 18:53:20] [LAW] Law "law-5" applied to "object-5" - SUCCESS
[2026-08-11 18:53:20] [LAW] Law "law-5" applied to "object-5" - SUCCESS
[2026-08-11 18:53:20] [LAW] Law "law-5" applied to "object-5" - SUCCESS
[2026-08-11 18:53:20] [LAW] Law "law-5" applied to "object-5" - SUCCESS
[2026-08-11 18:53:20] [LAW] Law "law-5" applied to "object-5" - SUCCESS
[2026-08-11 18:53:20] [LAW] Law "law-5" applied to "object-5" - SUCCESS
[2026-08-11 18:53:20] [LAW] Law "law-5" applied to "object-5" - SUCCESS
[2026-08-11 18:53:20] [LAW] Law "law-5" applied to "object-5" - SUCCESS
[2026-08-11 18:53:20] [LAW] Law "law-5" applied to "object-5" - SUCCESS
[2026-08-11 18:53:20] [LAW] Law "law-5" applied to "object-5" - SUCCESS
[2026-08-11 18:53:20] [LAW] Law "law-5" applied to "object-5" - SUCCESS
[2026-08-11 18:53:20] [LAW] Law "law-5" applied to "object-5" - SUCCESS
[2026-08-11 18:53:20] [LAW] Law "law-5" applied to "object-5" - SUCCESS
[2026-08-11 18:53:20] [LAW] Law "law-5" applied to "object-5" - SUCCESS
[2026-08-11 18:53:20] [LAW] Law "law-5" applied to "object-5" - SUCCESS
[2026-08-11 18:53:20] [LAW] Law "law-5" applied to "object-5" - SUCCESS
[2026-08-11 18:53:20] [LAW] Law "law-5" applied to "object-5" - SUCCESS
[2026-08-11 18:53:20] [LAW] Law "law-5" applied to "object-5" - SUCCESS
[2026-08-11 18:53:20] [LAW] Law "law-5" applied to "object-5" - SUCCESS
[2026-08-11 18:53:20] [LAW] Law "law-5" applied to "object-5" - SUCCESS
[2026-08-11 18:53:20] [LAW] Law "law-5" applied to "object-5" - SUCCESS
[2026-08-11 18:53:20] [LAW] Law "law-5" applied to "object-5" - SUCCESS
[2026-08-11 18:53:20] [LAW] Law "law-5" applied to "object-5" - SUCCESS
[2026-08-11 18:53:20] [LAW] Law "law-5" applied to "object-5" - SUCCESS
[2026-08-11 18:53:20] [LAW] Law "law-5" applied to "object-5" - SUCCESS
[2026-08-11 18:53:20] [LAW] Law "law-5" applied to "object-5" - SUCCESS
[2026-08-11 18:53:20] [LAW] Law "law-5" applied to "object-5" - SUCCESS
[2026-08-11 18:53:20] [LAW] Law "law-5" applied to "object-5" - SUCCESS
[2026-08-11 18:53:20] [LAW] Law "law-5" applied to "object-5" - SUCCESS
[2026-08-11 18:53:20] [LAW] Law "law-5" applied to "object-5" - SUCCESS
[2026-08-11 18:53:20] [LAW] Law "law-5" applied to "object-5" - SUCCESS
[2026-08-11 18:53:20] [LAW] Law "law-5" applied to "object-5" - SUCCESS
[2026-08-11 18:53:20] [LAW] Law "law-5" applied to "object-5" - SUCCESS
[2026-08-11 18:53:20] [LAW] Law "law-5" applied to "object-5" - SUCCESS
[2026-08-11 18:53:20] [LAW] Law "law-5" applied to "object-5" - SUCCESS
[2026-08-11 18:53:20] [LAW] Law "law-5" applied to "object-5" - SUCCESS
[2026-08-11 18:53:20] [LAW] Law "law-5" applied to "object-5" - SUCCESS
[2026-08-11 18:53:20] [LAW] Law "law-5" applied to "object-5" - SUCCESS
[2026-08-11 18:53:20] [LAW] Law "law-5" applied to "object-5" - SUCCESS
[2026-08-11 18:53:20] [LAW] Law "law-5" applied to "object-5" - SUCCESS
[2026-08-11 18:53:20] [LAW] Law "law-5" applied to "object-5" - SUCCESS
[2026-08-11 18:53:20] [LAW] Law "law-5" applied to "object-5" - SUCCESS
[2026-08-11 18:53:20] [LAW] Law "law-5" applied to "object-5" - SUCCESS
[2026-08-11 18:53:20] [LAW] Law "law-5" applied to "object-5" - SUCCESS
[2026-08-11 18:53:20] [LAW] Law "law-5" applied to "object-5" - SUCCESS
[2026-08-11 18:53:20] [LAW] Law "law-5" applied to "object-5" - SUCCESS
[2026-08-11 18:53:20] [LAW] Law "law-5" applied to "object-5" - SUCCESS
[2026-08-11 18:53:20] [LAW] Law "law-5" applied to "object-5" - SUCCESS
[2026-08-11 18:53:20] [LAW] Law "law-5" applied to "object-5" - SUCCESS
[2026-08-11 18:53:20] [LAW] Law "law-5" applied to "object-5" - SUCCESS
[2026-08-11 18:53:20] [LAW] Law "law-5" applied to "object-5" - SUCCESS
[2026-08-11 18:53:20] [LAW] Law "law-5" applied to "object-5" - SUCCESS
[2026-08-11 18:53:20] [LAW] Law "law-5" applied to "object-5" - SUCCESS
[2026-08-11 18:53:20] [LAW] Law "law-5" applied to "object-5" - SUCCESS
[2026-08-11 18:53:20] [LAW] Law "law-5" applied to "object-5" - SUCCESS
[2026-08-11 18:53:20] [LAW] Law "law-5" applied to "object-5" - SUCCESS
[2026-08-11 18:53:20] [LAW] Law "law-5" applied to "object-5" - SUCCESS
[2026-08-11 18:53:20] [LAW] Law "law-5" applied to "object-5" - SUCCESS
[2026-08-11 18:53:20] [LAW] Law "law-5" applied to "object-5" - SUCCESS
[2026-08-11 18:53:20] [LAW] Law "law-5" applied to "object-5" - SUCCESS
[2026-08-11 18:53:20] [LAW] Law "law-5" applied to "object-5" - SUCCESS
[2026-08-11 18:53:20] [LAW] Law "law-5" applied to "object-5" - SUCCESS
[2026-08-11 18:53:20] [LAW] Law "law-5" applied to "object-5" - SUCCESS
[2026-08-11 18:53:20] [LAW] Law "law-5" applied to "object-5" - SUCCESS
[2026-08-11 18:53:20] [LAW] Law "law-5" applied to "object-5" - SUCCESS
[2026-08-11 18:53:20] [LAW] Law "law-5" applied to "object-5" - SUCCESS
[2026-08-11 18:53:20] [LAW] Law "law-5" applied to "object-5" - SUCCESS
[2026-08-11 18:53:20] [LAW] Law "law-5" applied to "object-5" - SUCCESS
[2026-08-11 18:53:20] [LAW] Law "law-5" applied to "object-5" - SUCCESS
[2026-08-11 18:53:20] [LAW] Law "law-5" applied to "object-5" - SUCCESS
[2026-08-11 18:53:20] [LAW] Law "law-5" applied to "object-5" - SUCCESS
[2026-08-11 18:53:20] [LAW] Law "law-5" applied to "object-5" - SUCCESS
[2026-08-11 18:53:20] [LAW] Law "law-5" applied to "object-5" - SUCCESS
[2026-08-11 18:53:20] [LAW] Law "law-5" applied to "object-5" - SUCCESS
[2026-08-11 18:53:20] [LAW] Law "law-5" applied to "object-5" - SUCCESS
[2026-08-11 18:53:20] [LAW] Law "law-5" applied to "object-5" - SUCCESS
[2026-08-11 18:53:20] [LAW] Law "law-5" applied to "object-5" - SUCCESS
[2026-08-11 18:53:20] [LAW] Law "law-5" applied to "object-5" - SUCCESS
[2026-08-11 18:53:20] [LAW] Law "law-5" applied to "object-5" - SUCCESS
[2026-08-11 18:53:20] [LAW] Law "law-5" applied to "object-5" - SUCCESS
[2026-08-11 18:53:20] [LAW] Law "law-5" applied to "object-5" - SUCCESS
[2026-08-11 18:53:20] [LAW] Law "law-5" applied to "object-5" - SUCCESS
[2026-08-11 18:53:20] [LAW] Law "law-5" applied to "object-5" - SUCCESS
[2026-08-11 18:53:20] [LAW] Law "law-5" applied to "object-5" - SUCCESS
[2026-08-11 18:53:20] [LAW] Law "law-5" applied to "object-5" - SUCCESS
[2026-08-11 18:53:20] [LAW] Law "law-5" applied to "object-5" - SUCCESS
[2026-08-11 18:53:20] [LAW] Law "law-5" applied to "object-5" - SUCCESS
[2026-08-11 18:53:20] [LAW] Law "law-5" applied to "object-5" - SUCCESS
[2026-08-11 18:53:20] [LAW] Law "law-5" applied to "object-5" - SUCCESS
[2026-08-11 18:53:20] [LAW] Law "law-5" applied to "object-5" - SUCCESS
[2026-08-11 18:53:20] [LAW] Law "law-5" applied to "object-5" - SUCCESS
[2026-08-11 18:53:20] [LAW] Law "law-5" applied to "object-5" - SUCCESS
[2026-08-11 18:53:20] [LAW] Law "law-5" applied to "object-5" - SUCCESS
[2026-08-11 18:53:20] [LAW] Law "law-5" applied to "object-5" - SUCCESS
[2026-08-11 18:53:20] [LAW] Law "law-5" applied to "object-5" - SUCCESS
[2026-08-11 18:53:20] [LAW] Law "law-5" applied to "object-5" - SUCCESS
[2026-08-11 18:53:20] [LAW] Law "law-5" applied to "object-5" - SUCCESS
[2026-08-11 18:53:20] [LAW] Law "law-5" applied to "object-5" - SUCCESS
[2026-08-11 18:53:20] [LAW] Law "law-5" applied to "object-5" - SUCCESS
[2026-08-11 18:53:20] [LAW] Law "law-5" applied to "object-5" - SUCCESS
[2026-08-11 18:53:20] [LAW] Law "law-5" applied to "object-5" - SUCCESS
[2026-08-11 18:53:20] [LAW] Law "law-5" applied to "object-5" - SUCCESS
[2026-08-11 18:53:20] [LAW] Law "law-5" applied to "object-5" - SUCCESS
[2026-08-11 18:53:20] [LAW] Law "law-5" applied to "object-5" - SUCCESS
[2026-08-11 18:53:20] [LAW] Law "law-5" applied to "object-5" - SUCCESS
[2026-08-11 18:53:20] [LAW] Law "law-5" applied to "object-5" - SUCCESS
[2026-08-11 18:53:20] [LAW] Law "law-5" applied to "object-5" - SUCCESS
[2026-08-11 18:53:20] [LAW] Law "law-5" applied to "object-5" - SUCCESS
[2026-08-11 18:53:20] [LAW] Law "law-5" applied to "object-5" - SUCCESS
[2026-08-11 18:53:20] [LAW] Law "law-5" applied to "object-5" - SUCCESS
[2026-08-11 18:53:20] [LAW] Law "law-5" applied to "object-5" - SUCCESS
[2026-08-11 18:53:20] [LAW] Law "law-5" applied to "object-5" - SUCCESS
[2026-08-11 18:53:20] [LAW] Law "law-5" applied to "object-5" - SUCCESS
[2026-08-11 18:53:20] [LAW] Law "law-5" applied to "object-5" - SUCCESS
[2026-08-11 18:53:20] [LAW] Law "law-5" applied to "object-5" - SUCCESS
[2026-08-11 18:53:20] [LAW] Law "law-5" applied to "object-5" - SUCCESS
[2026-08-11 18:53:20] [LAW] Law "law-5" applied to "object-5" - SUCCESS
[2026-08-11 18:53:20] [LAW] Law "law-5" applied to "object-5" - SUCCESS
[2026-08-11 18:53:20] [LAW] Law "law-5" applied to "object-5" - SUCCESS
[2026-08-11 18:53:20] [LAW] Law "law-5" applied to "object-5" - SUCCESS
[2026-08-11 18:53:20] [LAW] Law "law-5" applied to "object-5" - SUCCESS
[2026-08-11 18:53:20] [LAW] Law "law-5" applied to "object-5" - SUCCESS
[2026-08-11 18:53:20] [LAW] Law "law-5" applied to "object-5" - SUCCESS
[2026-08-11 18:53:20] [LAW] Law "law-5" applied to "object-5" - SUCCESS
[2026-08-11 18:53:20] [LAW] Law "law-5" applied to "object-5" - SUCCESS
[2026-08-11 18:53:20] [LAW] Law "law-5" applied to "object-5" - SUCCESS
[2026-08-11 18:53:20] [LAW] Law "law-5" applied to "object-5" - SUCCESS
[2026-08-11 18:53:20] [LAW] Law "law-5" applied to "object-5" - SUCCESS
[2026-08-11 18:53:20] [LAW] Law "law-5" applied to "object-5" - SUCCESS
[2026-08-11 18:53:20] [LAW] Law "law-5" applied to "object-5" - SUCCESS
[2026-08-11 18:53:20] [LAW] Law "law-5" applied to "object-5" - SUCCESS
[2026-08-11 18:53:20] [LAW] Law "law-5" applied to "object-5" - SUCCESS
[2026-08-11 18:53:20] [LAW] Law "law-5" applied to "object-5" - SUCCESS
[2026-08-11 18:53:20] [LAW] Law "law-5" applied to "object-5" - SUCCESS
[2026-08-11 18:53:20] [LAW] Law "law-5" applied to "object-5" - SUCCESS
[2026-08-11 18:53:20] [LAW] Law "law-5" applied to "object-5" - SUCCESS
[2026-08-11 18:53:20] [LAW] Law "law-5" applied to "object-5" - SUCCESS
[2026-08-11 18:53:20] [LAW] Law "law-5" applied to "object-5" - SUCCESS
[2026-08-11 18:53:20] [LAW] Law "law-5" applied to "object-5" - SUCCESS
[2026-08-11 18:53:20] [LAW] Law "law-5" applied to "object-5" - SUCCESS
[2026-08-11 18:53:20] [LAW] Law "law-5" applied to "object-5" - SUCCESS
[2026-08-11 18:53:20] [LAW] Law "law-5" applied to "object-5" - SUCCESS
[2026-08-11 18:53:20] [LAW] Law "law-5" applied to "object-5" - SUCCESS
[2026-08-11 18:53:20] [LAW] Law "law-5" applied to "object-5" - SUCCESS
[2026-08-11 18:53:20] [LAW] Law "law-5" applied to "object-5" - SUCCESS
[2026-08-11 18:53:20] [LAW] Law "law-5" applied to "object-5" - SUCCESS
[2026-08-11 18:53:20] [LAW] Law "law-5" applied to "object-5" - SUCCESS
[2026-08-11 18:53:20] [LAW] Law "law-5" applied to "object-5" - SUCCESS
[2026-08-11 18:53:20] [LAW] Law "law-5" applied to "object-5" - SUCCESS
[2026-08-11 18:53:20] [LAW] Law "law-5" applied to "object-5" - SUCCESS
[2026-08-11 18:53:20] [LAW] Law "law-5" applied to "object-5" - SUCCESS
[2026-08-11 18:53:20] [LAW] Law "law-5" applied to "object-5" - SUCCESS
[2026-08-11 18:53:20] [LAW] Law "law-5" applied to "object-5" - SUCCESS
[2026-08-11 18:53:20] [LAW] Law "law-5" applied to "object-5" - SUCCESS
[2026-08-11 18:53:20] [LAW] Law "law-5" applied to "object-5" - SUCCESS
[2026-08-11 18:53:20] [LAW] Law "law-5" applied to "object-5" - SUCCESS
[2026-08-11 18:53:20] [LAW] Law "law-5" applied to "object-5" - SUCCESS
[2026-08-11 18:53:20] [LAW] Law "law-5" applied to "object-5" - SUCCESS
[2026-08-11 18:53:20] [LAW] Law "law-5" applied to "object-5" - SUCCESS
[2026-08-11 18:53:20] [LAW] Law "law-1" applied to "object-4" - SUCCESS
[2026-08-11 18:53:20] [LAW] Law "law-1" applied to "object-4" - SUCCESS
[2026-08-11 18:53:20] [LAW] Law "law-1" applied to "object-4" - SUCCESS
[2026-08-11 18:53:20] [LAW] Law "law-2" applied to "object-5" - SUCCESS
[2026-08-11 18:53:20] [LAW] Law "law-2" applied to "object-5" - SUCCESS
[2026-08-11 18:53:20] [LAW] Law "law-2" applied to "object-5" - SUCCESS
[2026-08-11 18:53:20] [LAW] Law "law-2" applied to "object-5" - SUCCESS
[2026-08-11 18:53:20] [LAW] Law "law-3" applied to "object-5" - SUCCESS
[2026-08-11 18:53:20] [LAW] Law "law-3" applied to "object-5" - SUCCESS
[2026-08-11 18:53:20] [LAW] Law "law-3" applied to "object-5" - SUCCESS
[2026-08-11 18:53:20] [LAW] Law "law-3" applied to "object-5" - SUCCESS
[2026-08-11 18:53:20] [LAW] Law "law-3" applied to "object-5" - SUCCESS
[2026-08-11 18:53:20] [LAW] Law "law-3" applied to "object-5" - SUCCESS
[2026-08-11 18:53:20] [LAW] Law "law-3" applied to "object-5" - SUCCESS
[2026-08-11 18:53:20] [LAW] Law "law-3" applied to "object-5" - SUCCESS
[2026-08-11 18:53:20] [LAW] Law "law-3" applied to "object-5" - SUCCESS
[2026-08-11 18:53:20] [LAW] Law "law-3" applied to "object-5" - SUCCESS
[2026-08-11 18:53:20] [LAW] Law "law-3" applied to "object-5" - SUCCESS
[2026-08-11 18:53:20] [EVENT] Event "relation-formed" triggered (Subject: law-4-authored-by-object-3, Object: null)
[2026-08-11 18:53:20] [EVENT] Event "law-registered" triggered (Subject: law-4, Object: null)
[2026-08-11 18:53:20] [EVENT] Event "kick" triggered (Subject: object-4, Object: null)
[2026-08-11 18:53:20] [LAW] Law "law-4" applied to "object-4" - SUCCESS
[2026-08-11 18:53:20] [EVENT] Event "law-applied" triggered (Subject: object-4, Object: null)
[2026-08-11 18:53:20] [LAW] Law "law-4" applied to "object-4" - SUCCESS
[2026-08-11 18:53:20] [EVENT] Event "law-applied" triggered (Subject: object-4, Object: null)
[2026-08-11 18:53:20] [LAW] Law "law-4" applied to "object-4" - SUCCESS
[2026-08-11 18:53:20] [EVENT] Event "law-applied" triggered (Subject: object-4, Object: null)
[2026-08-11 18:53:20] [EVENT] Event "law-drive-finished" triggered (Subject: object-4, Object: null)
[2026-08-11 18:53:20] [EVENT] Event "kick" triggered (Subject: object-4, Object: null)
[2026-08-11 18:53:20] [LAW] Law "law-4" applied to "object-4" - SUCCESS
[2026-08-11 18:53:20] [EVENT] Event "law-applied" triggered (Subject: object-4, Object: null)
[2026-08-11 18:53:20] [EVENT] Event "relation-formed" triggered (Subject: law-5-authored-by-object-3, Object: null)
[2026-08-11 18:53:20] [EVENT] Event "law-registered" triggered (Subject: law-5, Object: null)
[2026-08-11 18:53:20] [EVENT] Event "kick" triggered (Subject: object-5, Object: null)
[2026-08-11 18:53:20] [LAW] Law "law-5" applied to "object-5" - SUCCESS
[2026-08-11 18:53:20] [EVENT] Event "law-applied" triggered (Subject: object-5, Object: null)
[2026-08-11 18:53:20] [LAW] Law "law-5" applied to "object-5" - SUCCESS
[2026-08-11 18:53:20] [EVENT] Event "law-applied" triggered (Subject: object-5, Object: null)
[2026-08-11 18:53:20] [EVENT] Event "law-drive-finished" triggered (Subject: object-5, Object: null)
[2026-08-11 18:53:20] [EVENT] Event "relation-formed" triggered (Subject: law-6-authored-by-object-3, Object: null)
[2026-08-11 18:53:20] [EVENT] Event "law-registered" triggered (Subject: law-6, Object: null)
[2026-08-11 18:53:20] [EVENT] Event "kick" triggered (Subject: object-5, Object: null)
[2026-08-11 18:53:20] [LAW] Law "law-6" applied to "object-5" - SUCCESS
[2026-08-11 18:53:20] [EVENT] Event "law-applied" triggered (Subject: object-5, Object: null)
[2026-08-11 18:53:20] [EVENT] Event "kick" triggered (Subject: object-5, Object: null)
[2026-08-11 18:53:20] [LAW] Law "law-6" applied to "object-5" - SUCCESS
[2026-08-11 18:53:20] [EVENT] Event "law-applied" triggered (Subject: object-5, Object: null)
[2026-08-11 18:53:20] [EVENT] Event "kick" triggered (Subject: object-5, Object: null)
[2026-08-11 18:53:20] [LAW] Law "law-6" applied to "object-5" - SUCCESS
[2026-08-11 18:53:20] [EVENT] Event "law-applied" triggered (Subject: object-5, Object: null)
[2026-08-11 18:53:20] [EVENT] Event "kick" triggered (Subject: object-5, Object: null)
[2026-08-11 18:53:20] [LAW] Law "law-6" applied to "object-5" - SUCCESS
[2026-08-11 18:53:20] [EVENT] Event "law-applied" triggered (Subject: object-5, Object: null)
[2026-08-11 18:53:20] [EVENT] Event "relation-formed" triggered (Subject: law-7-authored-by-object-3, Object: null)
[2026-08-11 18:53:20] [EVENT] Event "law-registered" triggered (Subject: law-7, Object: null)
[2026-08-11 18:53:20] [EVENT] Event "kick" triggered (Subject: object-5, Object: null)
[2026-08-11 18:53:20] [LAW] Law "law-7" applied to "object-5" - SUCCESS
[2026-08-11 18:53:20] [EVENT] Event "law-applied" triggered (Subject: object-5, Object: null)
[2026-08-11 18:53:20] [LAW] Law "law-7" applied to "object-5" - SUCCESS
[2026-08-11 18:53:20] [EVENT] Event "law-applied" triggered (Subject: object-5, Object: null)
[2026-08-11 18:53:20] [EVENT] Event "kick" triggered (Subject: object-5, Object: null)
[2026-08-11 18:53:20] [LAW] Law "law-7" applied to "object-5" - SUCCESS
[2026-08-11 18:53:20] [EVENT] Event "law-applied" triggered (Subject: object-5, Object: null)
[2026-08-11 18:53:20] [EVENT] Event "relation-formed" triggered (Subject: law-10-authored-by-object-3, Object: null)
[2026-08-11 18:53:20] [EVENT] Event "law-registered" triggered (Subject: law-10, Object: null)
[2026-08-11 18:53:20] [EVENT] Event "touch" triggered (Subject: object-4, Object: object-5)
[2026-08-11 18:53:20] [LAW] Law "law-10" applied to "object-4" - SUCCESS
[2026-08-11 18:53:20] [EVENT] Event "law-applied" triggered (Subject: object-4, Object: null)
[2026-08-11 18:53:20] [EVENT] Event "relation-formed" triggered (Subject: law-11-authored-by-object-3, Object: null)
[2026-08-11 18:53:20] [EVENT] Event "law-registered" triggered (Subject: law-11, Object: null)
[2026-08-11 18:53:20] [EVENT] Event "touch" triggered (Subject: object-4, Object: object-5)
[2026-08-11 18:53:20] [LAW] Law "law-11" applied to "object-4" - SUCCESS
[2026-08-11 18:53:20] [EVENT] Event "law-applied" triggered (Subject: object-4, Object: null)
[2026-08-11 18:53:20] [LAW] Law "law-11" applied to "object-4" - SUCCESS
[2026-08-11 18:53:20] [EVENT] Event "law-applied" triggered (Subject: object-4, Object: null)
[2026-08-11 18:53:20] [LAW] Law "law-11" applied to "object-4" - SUCCESS
[2026-08-11 18:53:20] [EVENT] Event "law-applied" triggered (Subject: object-4, Object: null)
[2026-08-11 18:53:20] [EVENT] Event "law-drive-finished" triggered (Subject: object-4, Object: null)
[2026-08-11 18:53:21] [LAW] Law "law-1" applied to "zack" - SUCCESS
[2026-08-11 18:53:24] [LAW] Law "law-1" applied to "object-4" - SUCCESS
[2026-08-11 18:53:24] [LAW] Law "law-1" applied to "object-4" - SUCCESS
[2026-08-11 18:53:24] [LAW] Law "law-2" applied to "object-5" - SUCCESS
[2026-08-11 18:53:24] [LAW] Law "law-2" applied to "object-5" - SUCCESS
[2026-08-11 18:53:24] [LAW] Law "law-4" applied to "object-9" - SUCCESS
[2026-08-11 18:53:24] [EVENT] Event "relation-formed" triggered (Subject: law-5-authored-by-object-3, Object: null)
[2026-08-11 18:53:24] [EVENT] Event "law-registered" triggered (Subject: law-5, Object: null)
[2026-08-11 18:53:24] [EVENT] Event "raise-signal" triggered (Subject: object-4, Object: null)
[2026-08-11 18:53:24] [LAW] Law "law-5" applied to "object-4" - SUCCESS
[2026-08-11 18:53:24] [EVENT] Event "law-applied" triggered (Subject: object-4, Object: null)
[2026-08-11 18:53:24] [LAW] Law "law-5" applied to "object-5" - SUCCESS
[2026-08-11 18:53:24] [EVENT] Event "law-applied" triggered (Subject: object-5, Object: null)
[2026-08-11 18:53:24] [EVENT] Event "relation-formed" triggered (Subject: law-7-authored-by-object-3, Object: null)
[2026-08-11 18:53:24] [EVENT] Event "law-registered" triggered (Subject: law-7, Object: null)
[2026-08-11 18:53:24] [LAW] Law "law-7" applied to "object-5" - SUCCESS
[2026-08-11 18:53:24] [EVENT] Event "law-applied" triggered (Subject: object-5, Object: null)
[2026-08-11 18:53:24] [EVENT] Event "relation-formed" triggered (Subject: law-4-targets-object-15, Object: null)
[2026-08-11 18:53:24] [LAW] Law "law-4" applied to "object-15" - SUCCESS
[2026-08-11 18:53:24] [EVENT] Event "law-applied" triggered (Subject: object-15, Object: null)
[2026-08-11 18:53:24] [EVENT] Event "relation-formed" triggered (Subject: object-4-touching-object-5, Object: null)
[2026-08-11 18:53:24] [EVENT] Event "relation-formed" triggered (Subject: object-4-owns-object-9, Object: null)
[2026-08-11 18:53:24] [EVENT] Event "relation-formed" triggered (Subject: law-9-authored-by-object-3, Object: null)
[2026-08-11 18:53:24] [EVENT] Event "law-registered" triggered (Subject: law-9, Object: null)
[2026-08-11 18:53:24] [EVENT] Event "relation-formed" triggered (Subject: law-9-targets-object-4, Object: null)
[2026-08-11 18:53:24] [EVENT] Event "relation-formed" triggered (Subject: law-10-authored-by-object-3, Object: null)
[2026-08-11 18:53:24] [EVENT] Event "law-registered" triggered (Subject: law-10, Object: null)
[2026-08-11 18:53:24] [EVENT] Event "contact-perceived" triggered (Subject: object-4, Object: object-5)
[2026-08-11 18:53:24] [LAW] Law "law-9" applied to "object-4" - SUCCESS
[2026-08-11 18:53:24] [EVENT] Event "law-applied" triggered (Subject: object-4, Object: null)
[2026-08-11 18:53:24] [LAW] Law "law-10" applied to "object-4" - SUCCESS
[2026-08-11 18:53:24] [EVENT] Event "law-applied" triggered (Subject: object-4, Object: null)
[2026-08-11 18:53:24] [LAW] Law "law-9" applied to "object-4" - CONDITIONS FAILED
[2026-08-11 18:53:24] [LAW] Law "law-9" applied to "object-4" - CONDITIONS FAILED
[2026-08-11 18:53:24] [LAW] Law "law-9" applied to "object-4" - CONDITIONS FAILED
[2026-08-11 18:53:24] [LAW] Law "law-9" applied to "object-4" - CONDITIONS FAILED
[2026-08-11 18:53:24] [EVENT] Event "relation-formed" triggered (Subject: law-11-authored-by-object-3, Object: null)
[2026-08-11 18:53:24] [LAW] Law "law-11" applied to "object-4" - NO EFFECT (Publish: unproven subject: no-such-being)
[2026-08-11 18:53:24] [EVENT] Event "law-applied" triggered (Subject: object-4, Object: null)
[2026-08-11 18:53:25] [EVENT] Event "relation-formed" triggered (Subject: law-1-authored-by-object-3, Object: null)
[2026-08-11 18:53:25] [EVENT] Event "law-registered" triggered (Subject: law-1, Object: null)
[2026-08-11 18:53:25] [EVENT] Event "enters-world" triggered (Subject: object-5, Object: null)
[2026-08-11 18:53:25] [LAW] Law "law-1" applied to "object-5" - SUCCESS
[2026-08-11 18:53:25] [EVENT] Event "law-applied" triggered (Subject: object-5, Object: null)
[2026-08-11 18:53:25] [EVENT] Event "relation-formed" triggered (Subject: law-2-authored-by-object-3, Object: null)
[2026-08-11 18:53:25] [EVENT] Event "law-registered" triggered (Subject: law-2, Object: null)
[2026-08-11 18:53:25] [EVENT] Event "enters-world" triggered (Subject: object-5, Object: null)
[2026-08-11 18:53:25] [LAW] Law "law-1" applied to "object-5" - SUCCESS
[2026-08-11 18:53:25] [EVENT] Event "law-applied" triggered (Subject: object-5, Object: null)
[2026-08-11 18:53:25] [LAW] Law "law-2" applied to "object-5" - SUCCESS
[2026-08-11 18:53:25] [EVENT] Event "law-applied" triggered (Subject: object-5, Object: null)
[2026-08-11 18:53:25] [LAW] Law "law-2" applied to "object-5" - SUCCESS
[2026-08-11 18:53:25] [EVENT] Event "law-applied" triggered (Subject: object-5, Object: null)
[2026-08-11 18:53:25] [LAW] Law "law-2" applied to "object-5" - SUCCESS
[2026-08-11 18:53:25] [EVENT] Event "law-applied" triggered (Subject: object-5, Object: null)
[2026-08-11 18:53:25] [LAW] Law "law-2" applied to "object-5" - SUCCESS
[2026-08-11 18:53:25] [EVENT] Event "law-applied" triggered (Subject: object-5, Object: null)
[2026-08-11 18:53:25] [LAW] Law "law-2" applied to "object-5" - SUCCESS
[2026-08-11 18:53:25] [EVENT] Event "law-applied" triggered (Subject: object-5, Object: null)
[2026-08-11 18:53:25] [LAW] Law "law-2" applied to "object-5" - SUCCESS
[2026-08-11 18:53:25] [EVENT] Event "law-applied" triggered (Subject: object-5, Object: null)
[2026-08-11 18:53:25] [LAW] Law "law-2" applied to "object-5" - SUCCESS
[2026-08-11 18:53:25] [EVENT] Event "law-applied" triggered (Subject: object-5, Object: null)
[2026-08-11 18:53:25] [EVENT] Event "enters-world" triggered (Subject: object-5, Object: null)
[2026-08-11 18:53:25] [LAW] Law "law-1" applied to "object-5" - SUCCESS
[2026-08-11 18:53:25] [EVENT] Event "law-applied" triggered (Subject: object-5, Object: null)
[2026-08-11 18:53:29] [EVENT] Event "relation-formed" triggered (Subject: law-1-authored-by-object-8, Object: null)
[2026-08-11 18:53:29] [EVENT] Event "law-registered" triggered (Subject: law-1, Object: null)
[2026-08-11 18:53:29] [EVENT] Event "person-joined-zone" triggered (Subject: object-7, Object: Commons)
[2026-08-11 18:53:29] [LAW] Law "law-1" applied to "object-7" - CONDITIONS FAILED
[2026-08-11 18:53:29] [EVENT] Event "person-joined-zone" triggered (Subject: object-7, Object: Home)
[2026-08-11 18:53:29] [LAW] Law "law-1" applied to "object-7" - SUCCESS
[2026-08-11 18:54:18] [EVENT] Event "relation-formed" triggered (Subject: law-2-targets-object-6, Object: null)
[2026-08-11 18:54:18] [EVENT] Event "relation-formed" triggered (Subject: law-1-authored-by-object-3, Object: null)
[2026-08-11 18:54:18] [EVENT] Event "law-registered" triggered (Subject: law-1, Object: null)
[2026-08-11 18:54:18] [EVENT] Event "relation-formed" triggered (Subject: law-2-authored-by-object-3, Object: null)
[2026-08-11 18:54:18] [EVENT] Event "law-registered" triggered (Subject: law-2, Object: null)
[2026-08-11 18:54:18] [LAW] Law "law-1" applied to "object-3" - SUCCESS
[2026-08-11 18:54:18] [EVENT] Event "law-applied" triggered (Subject: object-3, Object: null)
[2026-08-11 18:54:18] [LAW] Law "law-1" applied to "object-4" - SUCCESS
[2026-08-11 18:54:18] [EVENT] Event "law-applied" triggered (Subject: object-4, Object: null)
[2026-08-11 18:54:18] [EVENT] Event "relation-formed" triggered (Subject: law-5-authored-by-object-3, Object: null)
[2026-08-11 18:54:18] [EVENT] Event "law-registered" triggered (Subject: law-5, Object: null)
[2026-08-11 18:54:18] [LAW] Law "law-5" applied to "object-7" - SUCCESS
[2026-08-11 18:54:18] [EVENT] Event "law-applied" triggered (Subject: object-7, Object: null)
[2026-08-11 18:54:18] [EVENT] Event "object-created" triggered (Subject: object-6, Object: null)
[2026-08-11 18:54:18] [LAW] Law "law-2" applied to "object-6" - SUCCESS
[2026-08-11 18:54:18] [EVENT] Event "law-applied" triggered (Subject: object-6, Object: null)
[2026-08-11 18:54:18] [LAW] Law "law-2" applied to "object-6" - SUCCESS
[2026-08-11 18:54:18] [EVENT] Event "law-applied" triggered (Subject: object-6, Object: null)
[2026-08-11 18:54:18] [EVENT] Event "relation-formed" triggered (Subject: law-6-authored-by-object-3, Object: null)
[2026-08-11 18:54:18] [EVENT] Event "law-registered" triggered (Subject: law-6, Object: null)
[2026-08-11 18:54:18] [LAW] Law "law-6" applied to "object-8" - SUCCESS
[2026-08-11 18:54:18] [EVENT] Event "law-applied" triggered (Subject: object-8, Object: null)
[2026-08-11 18:54:18] [EVENT] Event "relation-formed" triggered (Subject: law-7-authored-by-object-3, Object: null)
[2026-08-11 18:54:18] [EVENT] Event "law-registered" triggered (Subject: law-7, Object: null)
[2026-08-11 18:54:18] [EVENT] Event "relation-formed" triggered (Subject: law-7-targets-object-4, Object: null)
[2026-08-11 18:54:18] [LAW] Law "law-7" applied to "object-4" - SUCCESS
[2026-08-11 18:54:18] [EVENT] Event "law-applied" triggered (Subject: object-4, Object: null)
[2026-08-11 18:54:18] [LAW] Law "law-1" applied to "object-4" - SUCCESS
[2026-08-11 18:54:18] [LAW] Law "law-1" applied to "World" - NO EFFECT (Destroy: only Objects can be unmade today)
[2026-08-11 18:54:18] [LAW] Law "law-2" applied to "object-6" - NO EFFECT (Set: No Such Property)
[2026-08-11 18:54:18] [LAW] Law "law-3" applied to "object-6" - SUCCESS
[2026-08-11 18:54:18] [LAW] Law "law-4" applied to "object-10" - NO EFFECT (Set: No Such Property)
[2026-08-11 18:54:18] [LAW] Law "law-11" applied to "object-22" - SUCCESS
[2026-08-11 18:54:18] [LAW] Law "law-12" applied to "object-26" - SUCCESS
[2026-08-11 18:54:18] [LAW] Law "law-12" applied to "object-26" - SUCCESS
[2026-08-11 18:54:18] [LAW] Law "law-12" applied to "object-26" - SUCCESS
[2026-08-11 18:54:18] [LAW] Law "law-12" applied to "object-26" - SUCCESS
[2026-08-11 18:54:18] [LAW] Law "law-13" applied to "object-26" - NO EFFECT (Flow: cannot read objectType)
[2026-08-11 18:54:18] [LAW] Law "law-1" applied to "object-5" - SUCCESS
[2026-08-11 18:54:18] [LAW] Law "law-1" applied to "object-6" - CONDITIONS FAILED
[2026-08-11 18:54:18] [LAW] Law "law-1" applied to "object-8" - SUCCESS
[2026-08-11 18:54:18] [LAW] Law "law-1" applied to "object-9" - CONDITIONS FAILED
[2026-08-11 18:54:18] [LAW] Law "law-2" applied to "object-3" - SUCCESS
[2026-08-11 18:54:18] [LAW] Law "law-3" applied to "object-3" - SUCCESS
[2026-08-11 18:54:18] [LAW] Law "law-3" applied to "object-11" - SUCCESS
[2026-08-11 18:54:18] [LAW] Law "law-4" applied to "object-13" - NO EFFECT (Map: outside the authored bounds)
[2026-08-11 18:54:18] [LAW] Law "law-5" applied to "object-15" - SUCCESS
[2026-08-11 18:54:18] [LAW] Law "law-6" applied to "object-17" - SUCCESS
[2026-08-11 18:54:18] [LAW] Law "law-7" applied to "object-20" - SUCCESS
[2026-08-11 18:54:18] [LAW] Law "law-8" applied to "object-22" - SUCCESS
[2026-08-11 18:54:18] [LAW] Law "law-9" applied to "object-27" - SUCCESS
[2026-08-11 18:54:18] [EVENT] Event "boom" triggered (Subject: object-5, Object: null)
[2026-08-11 18:54:18] [LAW] Law "law-1" applied to "object-3" - SUCCESS
[2026-08-11 18:54:18] [LAW] Law "law-1" applied to "object-5" - SUCCESS
[2026-08-11 18:54:18] [LAW] Law "law-1" applied to "object-6" - SUCCESS
[2026-08-11 18:54:18] [EVENT] Event "relation-formed" triggered (Subject: concept-1-abstracted-from-object-5, Object: null)
[2026-08-11 18:54:18] [EVENT] Event "relation-formed" triggered (Subject: concept-1-authored-by-object-3, Object: null)
[2026-08-11 18:54:18] [EVENT] Event "concept-registered" triggered (Subject: concept-1, Object: null)
[2026-08-11 18:54:18] [EVENT] Event "concept-registered" triggered (Subject: concept-1, Object: null)
[2026-08-11 18:54:18] [EVENT] Event "relation-formed" triggered (Subject: law-5-authored-by-object-3, Object: null)
[2026-08-11 18:54:18] [EVENT] Event "law-registered" triggered (Subject: law-5, Object: null)
[2026-08-11 18:54:18] [EVENT] Event "relation-formed" triggered (Subject: law-6-authored-by-object-3, Object: null)
[2026-08-11 18:54:18] [EVENT] Event "law-registered" triggered (Subject: law-6, Object: null)
[2026-08-11 18:54:18] [EVENT] Event "relation-formed" triggered (Subject: law-7-authored-by-object-3, Object: null)
[2026-08-11 18:54:18] [EVENT] Event "law-registered" triggered (Subject: law-7, Object: null)
[2026-08-11 18:54:18] [EVENT] Event "law-registered" triggered (Subject: law-5, Object: null)
[2026-08-11 18:54:18] [EVENT] Event "law-registered" triggered (Subject: law-6, Object: null)
[2026-08-11 18:54:18] [EVENT] Event "law-registered" triggered (Subject: law-7, Object: null)
[2026-08-11 18:54:18] [LAW] Law "law-5" applied to "object-5" - SUCCESS
[2026-08-11 18:54:18] [LAW] Law "law-5" applied to "object-5" - SUCCESS
[2026-08-11 18:54:18] [LAW] Law "law-5" applied to "object-5" - SUCCESS
[2026-08-11 18:54:18] [LAW] Law "law-5" applied to "object-5" - SUCCESS
[2026-08-11 18:54:18] [LAW] Law "law-5" applied to "object-5" - SUCCESS
[2026-08-11 18:54:18] [LAW] Law "law-5" applied to "object-5" - SUCCESS
[2026-08-11 18:54:18] [LAW] Law "law-5" applied to "object-5" - SUCCESS
[2026-08-11 18:54:18] [LAW] Law "law-5" applied to "object-5" - SUCCESS
[2026-08-11 18:54:18] [LAW] Law "law-5" applied to "object-5" - SUCCESS
[2026-08-11 18:54:18] [LAW] Law "law-5" applied to "object-5" - SUCCESS
[2026-08-11 18:54:18] [LAW] Law "law-5" applied to "object-5" - SUCCESS
[2026-08-11 18:54:18] [LAW] Law "law-5" applied to "object-5" - SUCCESS
[2026-08-11 18:54:18] [LAW] Law "law-5" applied to "object-5" - SUCCESS
[2026-08-11 18:54:18] [LAW] Law "law-5" applied to "object-5" - SUCCESS
[2026-08-11 18:54:18] [LAW] Law "law-5" applied to "object-5" - SUCCESS
[2026-08-11 18:54:18] [LAW] Law "law-5" applied to "object-5" - SUCCESS
[2026-08-11 18:54:18] [LAW] Law "law-5" applied to "object-5" - SUCCESS
[2026-08-11 18:54:18] [LAW] Law "law-5" applied to "object-5" - SUCCESS
[2026-08-11 18:54:18] [LAW] Law "law-5" applied to "object-5" - SUCCESS
[2026-08-11 18:54:18] [LAW] Law "law-5" applied to "object-5" - SUCCESS
[2026-08-11 18:54:18] [LAW] Law "law-5" applied to "object-5" - SUCCESS
[2026-08-11 18:54:18] [LAW] Law "law-5" applied to "object-5" - SUCCESS
[2026-08-11 18:54:18] [LAW] Law "law-5" applied to "object-5" - SUCCESS
[2026-08-11 18:54:18] [LAW] Law "law-5" applied to "object-5" - SUCCESS
[2026-08-11 18:54:18] [LAW] Law "law-5" applied to "object-5" - SUCCESS
[2026-08-11 18:54:18] [LAW] Law "law-5" applied to "object-5" - SUCCESS
[2026-08-11 18:54:18] [LAW] Law "law-5" applied to "object-5" - SUCCESS
[2026-08-11 18:54:18] [LAW] Law "law-5" applied to "object-5" - SUCCESS
[2026-08-11 18:54:18] [LAW] Law "law-5" applied to "object-5" - SUCCESS
[2026-08-11 18:54:18] [LAW] Law "law-5" applied to "object-5" - SUCCESS
[2026-08-11 18:54:18] [LAW] Law "law-5" applied to "object-5" - SUCCESS
[2026-08-11 18:54:18] [LAW] Law "law-5" applied to "object-5" - SUCCESS
[2026-08-11 18:54:18] [LAW] Law "law-5" applied to "object-5" - SUCCESS
[2026-08-11 18:54:18] [LAW] Law "law-5" applied to "object-5" - SUCCESS
[2026-08-11 18:54:18] [LAW] Law "law-5" applied to "object-5" - SUCCESS
[2026-08-11 18:54:18] [LAW] Law "law-5" applied to "object-5" - SUCCESS
[2026-08-11 18:54:18] [LAW] Law "law-5" applied to "object-5" - SUCCESS
[2026-08-11 18:54:18] [LAW] Law "law-5" applied to "object-5" - SUCCESS
[2026-08-11 18:54:18] [LAW] Law "law-5" applied to "object-5" - SUCCESS
[2026-08-11 18:54:18] [LAW] Law "law-5" applied to "object-5" - SUCCESS
[2026-08-11 18:54:18] [LAW] Law "law-5" applied to "object-5" - SUCCESS
[2026-08-11 18:54:18] [LAW] Law "law-5" applied to "object-5" - SUCCESS
[2026-08-11 18:54:18] [LAW] Law "law-5" applied to "object-5" - SUCCESS
[2026-08-11 18:54:18] [LAW] Law "law-5" applied to "object-5" - SUCCESS
[2026-08-11 18:54:18] [LAW] Law "law-5" applied to "object-5" - SUCCESS
[2026-08-11 18:54:18] [LAW] Law "law-5" applied to "object-5" - SUCCESS
[2026-08-11 18:54:18] [LAW] Law "law-5" applied to "object-5" - SUCCESS
[2026-08-11 18:54:18] [LAW] Law "law-5" applied to "object-5" - SUCCESS
[2026-08-11 18:54:18] [LAW] Law "law-5" applied to "object-5" - SUCCESS
[2026-08-11 18:54:18] [LAW] Law "law-5" applied to "object-5" - SUCCESS
[2026-08-11 18:54:18] [LAW] Law "law-5" applied to "object-5" - SUCCESS
[2026-08-11 18:54:18] [LAW] Law "law-5" applied to "object-5" - SUCCESS
[2026-08-11 18:54:18] [LAW] Law "law-5" applied to "object-5" - SUCCESS
[2026-08-11 18:54:18] [LAW] Law "law-5" applied to "object-5" - SUCCESS
[2026-08-11 18:54:18] [LAW] Law "law-5" applied to "object-5" - SUCCESS
[2026-08-11 18:54:18] [LAW] Law "law-5" applied to "object-5" - SUCCESS
[2026-08-11 18:54:18] [LAW] Law "law-5" applied to "object-5" - SUCCESS
[2026-08-11 18:54:18] [LAW] Law "law-5" applied to "object-5" - SUCCESS
[2026-08-11 18:54:18] [LAW] Law "law-5" applied to "object-5" - SUCCESS
[2026-08-11 18:54:18] [LAW] Law "law-5" applied to "object-5" - SUCCESS
[2026-08-11 18:54:18] [LAW] Law "law-5" applied to "object-5" - SUCCESS
[2026-08-11 18:54:18] [LAW] Law "law-5" applied to "object-5" - SUCCESS
[2026-08-11 18:54:18] [LAW] Law "law-5" applied to "object-5" - SUCCESS
[2026-08-11 18:54:18] [LAW] Law "law-5" applied to "object-5" - SUCCESS
[2026-08-11 18:54:18] [LAW] Law "law-5" applied to "object-5" - SUCCESS
[2026-08-11 18:54:18] [LAW] Law "law-5" applied to "object-5" - SUCCESS
[2026-08-11 18:54:18] [LAW] Law "law-5" applied to "object-5" - SUCCESS
[2026-08-11 18:54:18] [LAW] Law "law-5" applied to "object-5" - SUCCESS
[2026-08-11 18:54:18] [LAW] Law "law-5" applied to "object-5" - SUCCESS
[2026-08-11 18:54:18] [LAW] Law "law-5" applied to "object-5" - SUCCESS
[2026-08-11 18:54:18] [LAW] Law "law-5" applied to "object-5" - SUCCESS
[2026-08-11 18:54:18] [LAW] Law "law-5" applied to "object-5" - SUCCESS
[2026-08-11 18:54:18] [LAW] Law "law-5" applied to "object-5" - SUCCESS
[2026-08-11 18:54:18] [LAW] Law "law-5" applied to "object-5" - SUCCESS
[2026-08-11 18:54:18] [LAW] Law "law-5" applied to "object-5" - SUCCESS
[2026-08-11 18:54:18] [LAW] Law "law-5" applied to "object-5" - SUCCESS
[2026-08-11 18:54:18] [LAW] Law "law-5" applied to "object-5" - SUCCESS
[2026-08-11 18:54:18] [LAW] Law "law-5" applied to "object-5" - SUCCESS
[2026-08-11 18:54:18] [LAW] Law "law-5" applied to "object-5" - SUCCESS
[2026-08-11 18:54:18] [LAW] Law "law-5" applied to "object-5" - SUCCESS
[2026-08-11 18:54:18] [LAW] Law "law-5" applied to "object-5" - SUCCESS
[2026-08-11 18:54:18] [LAW] Law "law-5" applied to "object-5" - SUCCESS
[2026-08-11 18:54:18] [LAW] Law "law-5" applied to "object-5" - SUCCESS
[2026-08-11 18:54:18] [LAW] Law "law-5" applied to "object-5" - SUCCESS
[2026-08-11 18:54:18] [LAW] Law "law-5" applied to "object-5" - SUCCESS
[2026-08-11 18:54:18] [LAW] Law "law-5" applied to "object-5" - SUCCESS
[2026-08-11 18:54:18] [LAW] Law "law-5" applied to "object-5" - SUCCESS
[2026-08-11 18:54:18] [LAW] Law "law-5" applied to "object-5" - SUCCESS
[2026-08-11 18:54:18] [LAW] Law "law-5" applied to "object-5" - SUCCESS
[2026-08-11 18:54:18] [LAW] Law "law-5" applied to "object-5" - SUCCESS
[2026-08-11 18:54:18] [LAW] Law "law-5" applied to "object-5" - SUCCESS
[2026-08-11 18:54:18] [LAW] Law "law-5" applied to "object-5" - SUCCESS
[2026-08-11 18:54:18] [LAW] Law "law-5" applied to "object-5" - SUCCESS
[2026-08-11 18:54:18] [LAW] Law "law-5" applied to "object-5" - SUCCESS
[2026-08-11 18:54:18] [LAW] Law "law-5" applied to "object-5" - SUCCESS
[2026-08-11 18:54:18] [LAW] Law "law-5" applied to "object-5" - SUCCESS
[2026-08-11 18:54:18] [LAW] Law "law-5" applied to "object-5" - SUCCESS
[2026-08-11 18:54:18] [LAW] Law "law-5" applied to "object-5" - SUCCESS
[2026-08-11 18:54:18] [LAW] Law "law-5" applied to "object-5" - SUCCESS
[2026-08-11 18:54:18] [LAW] Law "law-5" applied to "object-5" - SUCCESS
[2026-08-11 18:54:18] [LAW] Law "law-5" applied to "object-5" - SUCCESS
[2026-08-11 18:54:18] [LAW] Law "law-5" applied to "object-5" - SUCCESS
[2026-08-11 18:54:18] [LAW] Law "law-5" applied to "object-5" - SUCCESS
[2026-08-11 18:54:18] [LAW] Law "law-5" applied to "object-5" - SUCCESS
[2026-08-11 18:54:18] [LAW] Law "law-5" applied to "object-5" - SUCCESS
[2026-08-11 18:54:18] [LAW] Law "law-5" applied to "object-5" - SUCCESS
[2026-08-11 18:54:18] [LAW] Law "law-5" applied to "object-5" - SUCCESS
[2026-08-11 18:54:18] [LAW] Law "law-5" applied to "object-5" - SUCCESS
[2026-08-11 18:54:18] [LAW] Law "law-5" applied to "object-5" - SUCCESS
[2026-08-11 18:54:18] [LAW] Law "law-5" applied to "object-5" - SUCCESS
[2026-08-11 18:54:18] [LAW] Law "law-5" applied to "object-5" - SUCCESS
[2026-08-11 18:54:18] [LAW] Law "law-5" applied to "object-5" - SUCCESS
[2026-08-11 18:54:18] [LAW] Law "law-5" applied to "object-5" - SUCCESS
[2026-08-11 18:54:18] [LAW] Law "law-5" applied to "object-5" - SUCCESS
[2026-08-11 18:54:18] [LAW] Law "law-5" applied to "object-5" - SUCCESS
[2026-08-11 18:54:18] [LAW] Law "law-5" applied to "object-5" - SUCCESS
[2026-08-11 18:54:18] [LAW] Law "law-5" applied to "object-5" - SUCCESS
[2026-08-11 18:54:18] [LAW] Law "law-5" applied to "object-5" - SUCCESS
[2026-08-11 18:54:18] [LAW] Law "law-5" applied to "object-5" - SUCCESS
[2026-08-11 18:54:18] [LAW] Law "law-5" applied to "object-5" - SUCCESS
[2026-08-11 18:54:18] [LAW] Law "law-5" applied to "object-5" - SUCCESS
[2026-08-11 18:54:18] [LAW] Law "law-5" applied to "object-5" - SUCCESS
[2026-08-11 18:54:18] [LAW] Law "law-5" applied to "object-5" - SUCCESS
[2026-08-11 18:54:18] [LAW] Law "law-5" applied to "object-5" - SUCCESS
[2026-08-11 18:54:18] [LAW] Law "law-5" applied to "object-5" - SUCCESS
[2026-08-11 18:54:18] [LAW] Law "law-5" applied to "object-5" - SUCCESS
[2026-08-11 18:54:18] [LAW] Law "law-5" applied to "object-5" - SUCCESS
[2026-08-11 18:54:18] [LAW] Law "law-5" applied to "object-5" - SUCCESS
[2026-08-11 18:54:18] [LAW] Law "law-5" applied to "object-5" - SUCCESS
[2026-08-11 18:54:18] [LAW] Law "law-5" applied to "object-5" - SUCCESS
[2026-08-11 18:54:18] [LAW] Law "law-5" applied to "object-5" - SUCCESS
[2026-08-11 18:54:18] [LAW] Law "law-5" applied to "object-5" - SUCCESS
[2026-08-11 18:54:18] [LAW] Law "law-5" applied to "object-5" - SUCCESS
[2026-08-11 18:54:18] [LAW] Law "law-5" applied to "object-5" - SUCCESS
[2026-08-11 18:54:18] [LAW] Law "law-5" applied to "object-5" - SUCCESS
[2026-08-11 18:54:18] [LAW] Law "law-5" applied to "object-5" - SUCCESS
[2026-08-11 18:54:18] [LAW] Law "law-5" applied to "object-5" - SUCCESS
[2026-08-11 18:54:18] [LAW] Law "law-5" applied to "object-5" - SUCCESS
[2026-08-11 18:54:18] [LAW] Law "law-5" applied to "object-5" - SUCCESS
[2026-08-11 18:54:18] [LAW] Law "law-5" applied to "object-5" - SUCCESS
[2026-08-11 18:54:18] [LAW] Law "law-5" applied to "object-5" - SUCCESS
[2026-08-11 18:54:18] [LAW] Law "law-5" applied to "object-5" - SUCCESS
[2026-08-11 18:54:18] [LAW] Law "law-5" applied to "object-5" - SUCCESS
[2026-08-11 18:54:18] [LAW] Law "law-5" applied to "object-5" - SUCCESS
[2026-08-11 18:54:18] [LAW] Law "law-5" applied to "object-5" - SUCCESS
[2026-08-11 18:54:18] [LAW] Law "law-5" applied to "object-5" - SUCCESS
[2026-08-11 18:54:18] [LAW] Law "law-5" applied to "object-5" - SUCCESS
[2026-08-11 18:54:18] [LAW] Law "law-5" applied to "object-5" - SUCCESS
[2026-08-11 18:54:18] [LAW] Law "law-5" applied to "object-5" - SUCCESS
[2026-08-11 18:54:18] [LAW] Law "law-5" applied to "object-5" - SUCCESS
[2026-08-11 18:54:18] [LAW] Law "law-5" applied to "object-5" - SUCCESS
[2026-08-11 18:54:18] [LAW] Law "law-5" applied to "object-5" - SUCCESS
[2026-08-11 18:54:18] [LAW] Law "law-5" applied to "object-5" - SUCCESS
[2026-08-11 18:54:18] [LAW] Law "law-5" applied to "object-5" - SUCCESS
[2026-08-11 18:54:18] [LAW] Law "law-5" applied to "object-5" - SUCCESS
[2026-08-11 18:54:18] [LAW] Law "law-5" applied to "object-5" - SUCCESS
[2026-08-11 18:54:18] [LAW] Law "law-5" applied to "object-5" - SUCCESS
[2026-08-11 18:54:18] [LAW] Law "law-5" applied to "object-5" - SUCCESS
[2026-08-11 18:54:18] [LAW] Law "law-5" applied to "object-5" - SUCCESS
[2026-08-11 18:54:18] [LAW] Law "law-5" applied to "object-5" - SUCCESS
[2026-08-11 18:54:18] [LAW] Law "law-5" applied to "object-5" - SUCCESS
[2026-08-11 18:54:18] [LAW] Law "law-5" applied to "object-5" - SUCCESS
[2026-08-11 18:54:18] [LAW] Law "law-5" applied to "object-5" - SUCCESS
[2026-08-11 18:54:18] [LAW] Law "law-5" applied to "object-5" - SUCCESS
[2026-08-11 18:54:18] [LAW] Law "law-5" applied to "object-5" - SUCCESS
[2026-08-11 18:54:18] [LAW] Law "law-5" applied to "object-5" - SUCCESS
[2026-08-11 18:54:18] [LAW] Law "law-5" applied to "object-5" - SUCCESS
[2026-08-11 18:54:18] [LAW] Law "law-5" applied to "object-5" - SUCCESS
[2026-08-11 18:54:18] [LAW] Law "law-5" applied to "object-5" - SUCCESS
[2026-08-11 18:54:18] [LAW] Law "law-5" applied to "object-5" - SUCCESS
[2026-08-11 18:54:18] [LAW] Law "law-5" applied to "object-5" - SUCCESS
[2026-08-11 18:54:18] [LAW] Law "law-5" applied to "object-5" - SUCCESS
[2026-08-11 18:54:18] [LAW] Law "law-5" applied to "object-5" - SUCCESS
[2026-08-11 18:54:18] [LAW] Law "law-5" applied to "object-5" - SUCCESS
[2026-08-11 18:54:18] [LAW] Law "law-5" applied to "object-5" - SUCCESS
[2026-08-11 18:54:18] [LAW] Law "law-5" applied to "object-5" - SUCCESS
[2026-08-11 18:54:18] [LAW] Law "law-5" applied to "object-5" - SUCCESS
[2026-08-11 18:54:18] [LAW] Law "law-5" applied to "object-5" - SUCCESS
[2026-08-11 18:54:18] [LAW] Law "law-5" applied to "object-5" - SUCCESS
[2026-08-11 18:54:18] [LAW] Law "law-5" applied to "object-5" - SUCCESS
[2026-08-11 18:54:18] [LAW] Law "law-5" applied to "object-5" - SUCCESS
[2026-08-11 18:54:18] [LAW] Law "law-5" applied to "object-5" - SUCCESS
[2026-08-11 18:54:18] [LAW] Law "law-5" applied to "object-5" - SUCCESS
[2026-08-11 18:54:18] [LAW] Law "law-5" applied to "object-5" - SUCCESS
[2026-08-11 18:54:18] [LAW] Law "law-5" applied to "object-5" - SUCCESS
[2026-08-11 18:54:18] [LAW] Law "law-5" applied to "object-5" - SUCCESS
[2026-08-11 18:54:18] [LAW] Law "law-5" applied to "object-5" - SUCCESS
[2026-08-11 18:54:18] [LAW] Law "law-5" applied to "object-5" - SUCCESS
[2026-08-11 18:54:18] [LAW] Law "law-5" applied to "object-5" - SUCCESS
[2026-08-11 18:54:18] [LAW] Law "law-5" applied to "object-5" - SUCCESS
[2026-08-11 18:54:18] [LAW] Law "law-5" applied to "object-5" - SUCCESS
[2026-08-11 18:54:18] [LAW] Law "law-5" applied to "object-5" - SUCCESS
[2026-08-11 18:54:18] [LAW] Law "law-5" applied to "object-5" - SUCCESS
[2026-08-11 18:54:18] [LAW] Law "law-5" applied to "object-5" - SUCCESS
[2026-08-11 18:54:18] [LAW] Law "law-5" applied to "object-5" - SUCCESS
[2026-08-11 18:54:18] [LAW] Law "law-5" applied to "object-5" - SUCCESS
[2026-08-11 18:54:18] [LAW] Law "law-5" applied to "object-5" - SUCCESS
[2026-08-11 18:54:18] [LAW] Law "law-5" applied to "object-5" - SUCCESS
[2026-08-11 18:54:18] [LAW] Law "law-5" applied to "object-5" - SUCCESS
[2026-08-11 18:54:18] [LAW] Law "law-5" applied to "object-5" - SUCCESS
[2026-08-11 18:54:18] [LAW] Law "law-5" applied to "object-5" - SUCCESS
[2026-08-11 18:54:18] [LAW] Law "law-5" applied to "object-5" - SUCCESS
[2026-08-11 18:54:18] [LAW] Law "law-5" applied to "object-5" - SUCCESS
[2026-08-11 18:54:18] [LAW] Law "law-5" applied to "object-5" - SUCCESS
[2026-08-11 18:54:18] [LAW] Law "law-5" applied to "object-5" - SUCCESS
[2026-08-11 18:54:18] [LAW] Law "law-5" applied to "object-5" - SUCCESS
[2026-08-11 18:54:18] [LAW] Law "law-5" applied to "object-5" - SUCCESS
[2026-08-11 18:54:18] [LAW] Law "law-5" applied to "object-5" - SUCCESS
[2026-08-11 18:54:18] [LAW] Law "law-5" applied to "object-5" - SUCCESS
[2026-08-11 18:54:18] [LAW] Law "law-5" applied to "object-5" - SUCCESS
[2026-08-11 18:54:18] [LAW] Law "law-5" applied to "object-5" - SUCCESS
[2026-08-11 18:54:18] [LAW] Law "law-5" applied to "object-5" - SUCCESS
[2026-08-11 18:54:18] [LAW] Law "law-5" applied to "object-5" - SUCCESS
[2026-08-11 18:54:18] [LAW] Law "law-5" applied to "object-5" - SUCCESS
[2026-08-11 18:54:18] [LAW] Law "law-5" applied to "object-5" - SUCCESS
[2026-08-11 18:54:18] [LAW] Law "law-5" applied to "object-5" - SUCCESS
[2026-08-11 18:54:18] [LAW] Law "law-5" applied to "object-5" - SUCCESS
[2026-08-11 18:54:18] [LAW] Law "law-5" applied to "object-5" - SUCCESS
[2026-08-11 18:54:18] [LAW] Law "law-5" applied to "object-5" - SUCCESS
[2026-08-11 18:54:18] [LAW] Law "law-5" applied to "object-5" - SUCCESS
[2026-08-11 18:54:18] [LAW] Law "law-5" applied to "object-5" - SUCCESS
[2026-08-11 18:54:18] [LAW] Law "law-5" applied to "object-5" - SUCCESS
[2026-08-11 18:54:18] [LAW] Law "law-5" applied to "object-5" - SUCCESS
[2026-08-11 18:54:18] [LAW] Law "law-5" applied to "object-5" - SUCCESS
[2026-08-11 18:54:18] [LAW] Law "law-5" applied to "object-5" - SUCCESS
[2026-08-11 18:54:18] [LAW] Law "law-5" applied to "object-5" - SUCCESS
[2026-08-11 18:54:18] [LAW] Law "law-5" applied to "object-5" - SUCCESS
[2026-08-11 18:54:18] [LAW] Law "law-5" applied to "object-5" - SUCCESS
[2026-08-11 18:54:18] [LAW] Law "law-5" applied to "object-5" - SUCCESS
[2026-08-11 18:54:18] [LAW] Law "law-5" applied to "object-5" - SUCCESS
[2026-08-11 18:54:18] [LAW] Law "law-5" applied to "object-5" - SUCCESS
[2026-08-11 18:54:18] [LAW] Law "law-5" applied to "object-5" - SUCCESS
[2026-08-11 18:54:18] [LAW] Law "law-5" applied to "object-5" - SUCCESS
[2026-08-11 18:54:18] [LAW] Law "law-5" applied to "object-5" - SUCCESS
[2026-08-11 18:54:18] [LAW] Law "law-5" applied to "object-5" - SUCCESS
[2026-08-11 18:54:18] [LAW] Law "law-5" applied to "object-5" - SUCCESS
[2026-08-11 18:54:18] [LAW] Law "law-5" applied to "object-5" - SUCCESS
[2026-08-11 18:54:18] [LAW] Law "law-5" applied to "object-5" - SUCCESS
[2026-08-11 18:54:18] [LAW] Law "law-5" applied to "object-5" - SUCCESS
[2026-08-11 18:54:18] [LAW] Law "law-5" applied to "object-5" - SUCCESS
[2026-08-11 18:54:18] [LAW] Law "law-5" applied to "object-5" - SUCCESS
[2026-08-11 18:54:18] [LAW] Law "law-5" applied to "object-5" - SUCCESS
[2026-08-11 18:54:18] [LAW] Law "law-5" applied to "object-5" - SUCCESS
[2026-08-11 18:54:18] [LAW] Law "law-5" applied to "object-5" - SUCCESS
[2026-08-11 18:54:18] [LAW] Law "law-5" applied to "object-5" - SUCCESS
[2026-08-11 18:54:18] [LAW] Law "law-5" applied to "object-5" - SUCCESS
[2026-08-11 18:54:18] [LAW] Law "law-5" applied to "object-5" - SUCCESS
[2026-08-11 18:54:18] [LAW] Law "law-5" applied to "object-5" - SUCCESS
[2026-08-11 18:54:18] [LAW] Law "law-5" applied to "object-5" - SUCCESS
[2026-08-11 18:54:18] [LAW] Law "law-5" applied to "object-5" - SUCCESS
[2026-08-11 18:54:18] [LAW] Law "law-5" applied to "object-5" - SUCCESS
[2026-08-11 18:54:18] [LAW] Law "law-5" applied to "object-5" - SUCCESS
[2026-08-11 18:54:18] [LAW] Law "law-5" applied to "object-5" - SUCCESS
[2026-08-11 18:54:18] [LAW] Law "law-5" applied to "object-5" - SUCCESS
[2026-08-11 18:54:18] [LAW] Law "law-5" applied to "object-5" - SUCCESS
[2026-08-11 18:54:18] [LAW] Law "law-5" applied to "object-5" - SUCCESS
[2026-08-11 18:54:18] [LAW] Law "law-5" applied to "object-5" - SUCCESS
[2026-08-11 18:54:18] [LAW] Law "law-5" applied to "object-5" - SUCCESS
[2026-08-11 18:54:18] [LAW] Law "law-5" applied to "object-5" - SUCCESS
[2026-08-11 18:54:18] [LAW] Law "law-5" applied to "object-5" - SUCCESS
[2026-08-11 18:54:18] [LAW] Law "law-5" applied to "object-5" - SUCCESS
[2026-08-11 18:54:18] [LAW] Law "law-5" applied to "object-5" - SUCCESS
[2026-08-11 18:54:18] [LAW] Law "law-5" applied to "object-5" - SUCCESS
[2026-08-11 18:54:18] [LAW] Law "law-5" applied to "object-5" - SUCCESS
[2026-08-11 18:54:18] [LAW] Law "law-5" applied to "object-5" - SUCCESS
[2026-08-11 18:54:18] [LAW] Law "law-5" applied to "object-5" - SUCCESS
[2026-08-11 18:54:18] [LAW] Law "law-5" applied to "object-5" - SUCCESS
[2026-08-11 18:54:18] [LAW] Law "law-5" applied to "object-5" - SUCCESS
[2026-08-11 18:54:18] [LAW] Law "law-5" applied to "object-5" - SUCCESS
[2026-08-11 18:54:18] [LAW] Law "law-5" applied to "object-5" - SUCCESS
[2026-08-11 18:54:18] [LAW] Law "law-5" applied to "object-5" - SUCCESS
[2026-08-11 18:54:18] [LAW] Law "law-5" applied to "object-5" - SUCCESS
[2026-08-11 18:54:18] [LAW] Law "law-5" applied to "object-5" - SUCCESS
[2026-08-11 18:54:18] [LAW] Law "law-5" applied to "object-5" - SUCCESS
[2026-08-11 18:54:18] [LAW] Law "law-5" applied to "object-5" - SUCCESS
[2026-08-11 18:54:18] [LAW] Law "law-5" applied to "object-5" - SUCCESS
[2026-08-11 18:54:18] [LAW] Law "law-5" applied to "object-5" - SUCCESS
[2026-08-11 18:54:18] [LAW] Law "law-5" applied to "object-5" - SUCCESS
[2026-08-11 18:54:18] [LAW] Law "law-5" applied to "object-5" - SUCCESS
[2026-08-11 18:54:18] [LAW] Law "law-5" applied to "object-5" - SUCCESS
[2026-08-11 18:54:18] [LAW] Law "law-5" applied to "object-5" - SUCCESS
[2026-08-11 18:54:18] [LAW] Law "law-5" applied to "object-5" - SUCCESS
[2026-08-11 18:54:18] [LAW] Law "law-5" applied to "object-5" - SUCCESS
[2026-08-11 18:54:18] [LAW] Law "law-5" applied to "object-5" - SUCCESS
[2026-08-11 18:54:18] [LAW] Law "law-5" applied to "object-5" - SUCCESS
[2026-08-11 18:54:18] [LAW] Law "law-5" applied to "object-5" - SUCCESS
[2026-08-11 18:54:18] [LAW] Law "law-5" applied to "object-5" - SUCCESS
[2026-08-11 18:54:18] [LAW] Law "law-5" applied to "object-5" - SUCCESS
[2026-08-11 18:54:18] [LAW] Law "law-5" applied to "object-5" - SUCCESS
[2026-08-11 18:54:18] [LAW] Law "law-5" applied to "object-5" - SUCCESS
[2026-08-11 18:54:18] [LAW] Law "law-5" applied to "object-5" - SUCCESS
[2026-08-11 18:54:18] [LAW] Law "law-5" applied to "object-5" - SUCCESS
[2026-08-11 18:54:18] [LAW] Law "law-5" applied to "object-5" - SUCCESS
[2026-08-11 18:54:18] [LAW] Law "law-5" applied to "object-5" - SUCCESS
[2026-08-11 18:54:18] [LAW] Law "law-5" applied to "object-5" - SUCCESS
[2026-08-11 18:54:18] [LAW] Law "law-5" applied to "object-5" - SUCCESS
[2026-08-11 18:54:18] [LAW] Law "law-5" applied to "object-5" - SUCCESS
[2026-08-11 18:54:18] [LAW] Law "law-5" applied to "object-5" - SUCCESS
[2026-08-11 18:54:18] [LAW] Law "law-5" applied to "object-5" - SUCCESS
[2026-08-11 18:54:18] [LAW] Law "law-5" applied to "object-5" - SUCCESS
[2026-08-11 18:54:18] [LAW] Law "law-5" applied to "object-5" - SUCCESS
[2026-08-11 18:54:18] [LAW] Law "law-5" applied to "object-5" - SUCCESS
[2026-08-11 18:54:18] [LAW] Law "law-5" applied to "object-5" - SUCCESS
[2026-08-11 18:54:18] [LAW] Law "law-5" applied to "object-5" - SUCCESS
[2026-08-11 18:54:18] [LAW] Law "law-5" applied to "object-5" - SUCCESS
[2026-08-11 18:54:18] [LAW] Law "law-5" applied to "object-5" - SUCCESS
[2026-08-11 18:54:18] [LAW] Law "law-5" applied to "object-5" - SUCCESS
[2026-08-11 18:54:18] [LAW] Law "law-5" applied to "object-5" - SUCCESS
[2026-08-11 18:54:18] [LAW] Law "law-5" applied to "object-5" - SUCCESS
[2026-08-11 18:54:18] [LAW] Law "law-5" applied to "object-5" - SUCCESS
[2026-08-11 18:54:18] [LAW] Law "law-5" applied to "object-5" - SUCCESS
[2026-08-11 18:54:18] [LAW] Law "law-5" applied to "object-5" - SUCCESS
[2026-08-11 18:54:18] [LAW] Law "law-5" applied to "object-5" - SUCCESS
[2026-08-11 18:54:18] [LAW] Law "law-5" applied to "object-5" - SUCCESS
[2026-08-11 18:54:18] [LAW] Law "law-5" applied to "object-5" - SUCCESS
[2026-08-11 18:54:18] [LAW] Law "law-5" applied to "object-5" - SUCCESS
[2026-08-11 18:54:18] [LAW] Law "law-5" applied to "object-5" - SUCCESS
[2026-08-11 18:54:18] [LAW] Law "law-5" applied to "object-5" - SUCCESS
[2026-08-11 18:54:18] [LAW] Law "law-5" applied to "object-5" - SUCCESS
[2026-08-11 18:54:18] [LAW] Law "law-5" applied to "object-5" - SUCCESS
[2026-08-11 18:54:18] [LAW] Law "law-5" applied to "object-5" - SUCCESS
[2026-08-11 18:54:18] [LAW] Law "law-5" applied to "object-5" - SUCCESS
[2026-08-11 18:54:18] [LAW] Law "law-5" applied to "object-5" - SUCCESS
[2026-08-11 18:54:18] [LAW] Law "law-5" applied to "object-5" - SUCCESS
[2026-08-11 18:54:18] [LAW] Law "law-5" applied to "object-5" - SUCCESS
[2026-08-11 18:54:18] [LAW] Law "law-5" applied to "object-5" - SUCCESS
[2026-08-11 18:54:18] [LAW] Law "law-5" applied to "object-5" - SUCCESS
[2026-08-11 18:54:18] [LAW] Law "law-5" applied to "object-5" - SUCCESS
[2026-08-11 18:54:18] [LAW] Law "law-5" applied to "object-5" - SUCCESS
[2026-08-11 18:54:18] [LAW] Law "law-5" applied to "object-5" - SUCCESS
[2026-08-11 18:54:18] [LAW] Law "law-5" applied to "object-5" - SUCCESS
[2026-08-11 18:54:18] [LAW] Law "law-5" applied to "object-5" - SUCCESS
[2026-08-11 18:54:18] [LAW] Law "law-5" applied to "object-5" - SUCCESS
[2026-08-11 18:54:18] [LAW] Law "law-5" applied to "object-5" - SUCCESS
[2026-08-11 18:54:18] [LAW] Law "law-5" applied to "object-5" - SUCCESS
[2026-08-11 18:54:18] [LAW] Law "law-5" applied to "object-5" - SUCCESS
[2026-08-11 18:54:18] [LAW] Law "law-5" applied to "object-5" - SUCCESS
[2026-08-11 18:54:18] [LAW] Law "law-5" applied to "object-5" - SUCCESS
[2026-08-11 18:54:18] [LAW] Law "law-5" applied to "object-5" - SUCCESS
[2026-08-11 18:54:18] [LAW] Law "law-5" applied to "object-5" - SUCCESS
[2026-08-11 18:54:18] [LAW] Law "law-5" applied to "object-5" - SUCCESS
[2026-08-11 18:54:18] [LAW] Law "law-5" applied to "object-5" - SUCCESS
[2026-08-11 18:54:18] [LAW] Law "law-5" applied to "object-5" - SUCCESS
[2026-08-11 18:54:18] [LAW] Law "law-5" applied to "object-5" - SUCCESS
[2026-08-11 18:54:18] [LAW] Law "law-5" applied to "object-5" - SUCCESS
[2026-08-11 18:54:18] [LAW] Law "law-5" applied to "object-5" - SUCCESS
[2026-08-11 18:54:18] [LAW] Law "law-5" applied to "object-5" - SUCCESS
[2026-08-11 18:54:18] [LAW] Law "law-5" applied to "object-5" - SUCCESS
[2026-08-11 18:54:18] [LAW] Law "law-5" applied to "object-5" - SUCCESS
[2026-08-11 18:54:18] [LAW] Law "law-5" applied to "object-5" - SUCCESS
[2026-08-11 18:54:18] [LAW] Law "law-5" applied to "object-5" - SUCCESS
[2026-08-11 18:54:18] [LAW] Law "law-5" applied to "object-5" - SUCCESS
[2026-08-11 18:54:18] [LAW] Law "law-5" applied to "object-5" - SUCCESS
[2026-08-11 18:54:18] [LAW] Law "law-5" applied to "object-5" - SUCCESS
[2026-08-11 18:54:18] [LAW] Law "law-5" applied to "object-5" - SUCCESS
[2026-08-11 18:54:18] [LAW] Law "law-5" applied to "object-5" - SUCCESS
[2026-08-11 18:54:18] [LAW] Law "law-5" applied to "object-5" - SUCCESS
[2026-08-11 18:54:18] [LAW] Law "law-5" applied to "object-5" - SUCCESS
[2026-08-11 18:54:18] [LAW] Law "law-5" applied to "object-5" - SUCCESS
[2026-08-11 18:54:18] [LAW] Law "law-5" applied to "object-5" - SUCCESS
[2026-08-11 18:54:18] [LAW] Law "law-5" applied to "object-5" - SUCCESS
[2026-08-11 18:54:18] [LAW] Law "law-5" applied to "object-5" - SUCCESS
[2026-08-11 18:54:18] [LAW] Law "law-5" applied to "object-5" - SUCCESS
[2026-08-11 18:54:18] [LAW] Law "law-5" applied to "object-5" - SUCCESS
[2026-08-11 18:54:18] [LAW] Law "law-5" applied to "object-5" - SUCCESS
[2026-08-11 18:54:18] [LAW] Law "law-5" applied to "object-5" - SUCCESS
[2026-08-11 18:54:18] [LAW] Law "law-5" applied to "object-5" - SUCCESS
[2026-08-11 18:54:18] [LAW] Law "law-5" applied to "object-5" - SUCCESS
[2026-08-11 18:54:18] [LAW] Law "law-5" applied to "object-5" - SUCCESS
[2026-08-11 18:54:18] [LAW] Law "law-5" applied to "object-5" - SUCCESS
[2026-08-11 18:54:18] [LAW] Law "law-5" applied to "object-5" - SUCCESS
[2026-08-11 18:54:18] [LAW] Law "law-5" applied to "object-5" - SUCCESS
[2026-08-11 18:54:18] [LAW] Law "law-5" applied to "object-5" - SUCCESS
[2026-08-11 18:54:18] [LAW] Law "law-5" applied to "object-5" - SUCCESS
[2026-08-11 18:54:18] [LAW] Law "law-5" applied to "object-5" - SUCCESS
[2026-08-11 18:54:18] [LAW] Law "law-5" applied to "object-5" - SUCCESS
[2026-08-11 18:54:18] [LAW] Law "law-5" applied to "object-5" - SUCCESS
[2026-08-11 18:54:18] [LAW] Law "law-5" applied to "object-5" - SUCCESS
[2026-08-11 18:54:18] [LAW] Law "law-5" applied to "object-5" - SUCCESS
[2026-08-11 18:54:18] [LAW] Law "law-5" applied to "object-5" - SUCCESS
[2026-08-11 18:54:18] [LAW] Law "law-5" applied to "object-5" - SUCCESS
[2026-08-11 18:54:18] [LAW] Law "law-5" applied to "object-5" - SUCCESS
[2026-08-11 18:54:18] [LAW] Law "law-5" applied to "object-5" - SUCCESS
[2026-08-11 18:54:18] [LAW] Law "law-5" applied to "object-5" - SUCCESS
[2026-08-11 18:54:18] [LAW] Law "law-5" applied to "object-5" - SUCCESS
[2026-08-11 18:54:18] [LAW] Law "law-5" applied to "object-5" - SUCCESS
[2026-08-11 18:54:18] [LAW] Law "law-5" applied to "object-5" - SUCCESS
[2026-08-11 18:54:18] [LAW] Law "law-5" applied to "object-5" - SUCCESS
[2026-08-11 18:54:18] [LAW] Law "law-5" applied to "object-5" - SUCCESS
[2026-08-11 18:54:18] [LAW] Law "law-5" applied to "object-5" - SUCCESS
[2026-08-11 18:54:18] [LAW] Law "law-5" applied to "object-5" - SUCCESS
[2026-08-11 18:54:18] [LAW] Law "law-5" applied to "object-5" - SUCCESS
[2026-08-11 18:54:18] [LAW] Law "law-5" applied to "object-5" - SUCCESS
[2026-08-11 18:54:18] [LAW] Law "law-5" applied to "object-5" - SUCCESS
[2026-08-11 18:54:18] [LAW] Law "law-5" applied to "object-5" - SUCCESS
[2026-08-11 18:54:18] [LAW] Law "law-5" applied to "object-5" - SUCCESS
[2026-08-11 18:54:18] [LAW] Law "law-5" applied to "object-5" - SUCCESS
[2026-08-11 18:54:18] [LAW] Law "law-5" applied to "object-5" - SUCCESS
[2026-08-11 18:54:18] [LAW] Law "law-5" applied to "object-5" - SUCCESS
[2026-08-11 18:54:18] [LAW] Law "law-5" applied to "object-5" - SUCCESS
[2026-08-11 18:54:18] [LAW] Law "law-2" applied to "law-1" - SUCCESS
[2026-08-11 18:54:18] [LAW] Law "law-3" applied to "law-1" - SUCCESS
[2026-08-11 18:54:18] [LAW] Law "law-5" applied to "law-4" - SUCCESS
[2026-08-11 18:54:18] [LAW] Law "law-7" applied to "object-12" - SUCCESS
[2026-08-11 18:54:18] [LAW] Law "law-7" applied to "object-14" - SUCCESS
[2026-08-11 18:54:18] [LAW] Law "law-9" applied to "object-17" - SUCCESS
[2026-08-11 18:54:18] [LAW] Law "law-10" applied to "object-17" - SUCCESS
[2026-08-11 18:54:18] [LAW] Law "law-9" applied to "object-17" - SUCCESS
[2026-08-11 18:54:18] [LAW] Law "law-10" applied to "object-17" - SUCCESS
[2026-08-11 18:54:18] [LAW] Law "law-9" applied to "object-17" - SUCCESS
[2026-08-11 18:54:18] [LAW] Law "law-10" applied to "object-17" - SUCCESS
[2026-08-11 18:54:18] [LAW] Law "law-9" applied to "object-17" - SUCCESS
[2026-08-11 18:54:18] [LAW] Law "law-10" applied to "object-17" - SUCCESS
[2026-08-11 18:54:18] [LAW] Law "law-9" applied to "object-17" - SUCCESS
[2026-08-11 18:54:18] [LAW] Law "law-10" applied to "object-17" - SUCCESS
[2026-08-11 18:54:18] [LAW] Law "law-9" applied to "object-17" - SUCCESS
[2026-08-11 18:54:18] [LAW] Law "law-10" applied to "object-17" - SUCCESS
[2026-08-11 18:54:18] [LAW] Law "law-9" applied to "object-17" - SUCCESS
[2026-08-11 18:54:18] [LAW] Law "law-10" applied to "object-17" - SUCCESS
[2026-08-11 18:54:18] [LAW] Law "law-9" applied to "object-17" - SUCCESS
[2026-08-11 18:54:18] [LAW] Law "law-10" applied to "object-17" - SUCCESS
[2026-08-11 18:54:18] [LAW] Law "law-9" applied to "object-17" - SUCCESS
[2026-08-11 18:54:18] [LAW] Law "law-10" applied to "object-17" - SUCCESS
[2026-08-11 18:54:18] [LAW] Law "law-9" applied to "object-17" - SUCCESS
[2026-08-11 18:54:18] [LAW] Law "law-10" applied to "object-17" - SUCCESS
[2026-08-11 18:54:18] [LAW] Law "law-9" applied to "object-17" - SUCCESS
[2026-08-11 18:54:18] [LAW] Law "law-10" applied to "object-17" - SUCCESS
[2026-08-11 18:54:18] [LAW] Law "law-9" applied to "object-17" - SUCCESS
[2026-08-11 18:54:18] [LAW] Law "law-10" applied to "object-17" - SUCCESS
[2026-08-11 18:54:18] [LAW] Law "law-9" applied to "object-17" - SUCCESS
[2026-08-11 18:54:18] [LAW] Law "law-10" applied to "object-17" - SUCCESS
[2026-08-11 18:54:18] [LAW] Law "law-9" applied to "object-17" - SUCCESS
[2026-08-11 18:54:18] [LAW] Law "law-10" applied to "object-17" - SUCCESS
[2026-08-11 18:54:18] [LAW] Law "law-9" applied to "object-17" - SUCCESS
[2026-08-11 18:54:18] [LAW] Law "law-10" applied to "object-17" - SUCCESS
[2026-08-11 18:54:18] [LAW] Law "law-9" applied to "object-17" - SUCCESS
[2026-08-11 18:54:18] [LAW] Law "law-10" applied to "object-17" - SUCCESS
[2026-08-11 18:54:18] [LAW] Law "law-9" applied to "object-17" - SUCCESS
[2026-08-11 18:54:18] [LAW] Law "law-10" applied to "object-17" - SUCCESS
[2026-08-11 18:54:18] [LAW] Law "law-9" applied to "object-17" - SUCCESS
[2026-08-11 18:54:18] [LAW] Law "law-10" applied to "object-17" - SUCCESS
[2026-08-11 18:54:18] [LAW] Law "law-9" applied to "object-17" - SUCCESS
[2026-08-11 18:54:18] [LAW] Law "law-10" applied to "object-17" - SUCCESS
[2026-08-11 18:54:18] [LAW] Law "law-9" applied to "object-17" - SUCCESS
[2026-08-11 18:54:18] [LAW] Law "law-10" applied to "object-17" - SUCCESS
[2026-08-11 18:54:18] [LAW] Law "law-9" applied to "object-17" - SUCCESS
[2026-08-11 18:54:18] [LAW] Law "law-10" applied to "object-17" - SUCCESS
[2026-08-11 18:54:18] [LAW] Law "law-9" applied to "object-17" - SUCCESS
[2026-08-11 18:54:18] [LAW] Law "law-10" applied to "object-17" - SUCCESS
[2026-08-11 18:54:18] [LAW] Law "law-9" applied to "object-17" - SUCCESS
[2026-08-11 18:54:18] [LAW] Law "law-10" applied to "object-17" - SUCCESS
[2026-08-11 18:54:18] [LAW] Law "law-9" applied to "object-17" - SUCCESS
[2026-08-11 18:54:18] [LAW] Law "law-10" applied to "object-17" - SUCCESS
[2026-08-11 18:54:18] [LAW] Law "law-9" applied to "object-17" - SUCCESS
[2026-08-11 18:54:18] [LAW] Law "law-10" applied to "object-17" - SUCCESS
[2026-08-11 18:54:18] [LAW] Law "law-9" applied to "object-17" - SUCCESS
[2026-08-11 18:54:18] [LAW] Law "law-10" applied to "object-17" - SUCCESS
[2026-08-11 18:54:18] [LAW] Law "law-9" applied to "object-17" - SUCCESS
[2026-08-11 18:54:18] [LAW] Law "law-10" applied to "object-17" - SUCCESS
[2026-08-11 18:54:18] [LAW] Law "law-9" applied to "object-17" - SUCCESS
[2026-08-11 18:54:18] [LAW] Law "law-10" applied to "object-17" - SUCCESS
[2026-08-11 18:54:18] [LAW] Law "law-9" applied to "object-17" - SUCCESS
[2026-08-11 18:54:18] [LAW] Law "law-10" applied to "object-17" - SUCCESS
[2026-08-11 18:54:18] [LAW] Law "law-9" applied to "object-17" - SUCCESS
[2026-08-11 18:54:18] [LAW] Law "law-10" applied to "object-17" - SUCCESS
[2026-08-11 18:54:18] [LAW] Law "law-9" applied to "object-17" - SUCCESS
[2026-08-11 18:54:18] [LAW] Law "law-10" applied to "object-17" - SUCCESS
[2026-08-11 18:54:18] [LAW] Law "law-9" applied to "object-17" - SUCCESS
[2026-08-11 18:54:18] [LAW] Law "law-10" applied to "object-17" - SUCCESS
[2026-08-11 18:54:18] [LAW] Law "law-9" applied to "object-17" - SUCCESS
[2026-08-11 18:54:18] [LAW] Law "law-10" applied to "object-17" - SUCCESS
[2026-08-11 18:54:18] [LAW] Law "law-9" applied to "object-17" - SUCCESS
[2026-08-11 18:54:18] [LAW] Law "law-10" applied to "object-17" - SUCCESS
[2026-08-11 18:54:18] [LAW] Law "law-9" applied to "object-17" - SUCCESS
[2026-08-11 18:54:18] [LAW] Law "law-10" applied to "object-17" - SUCCESS
[2026-08-11 18:54:18] [LAW] Law "law-9" applied to "object-17" - SUCCESS
[2026-08-11 18:54:18] [LAW] Law "law-10" applied to "object-17" - SUCCESS
[2026-08-11 18:54:18] [LAW] Law "law-9" applied to "object-17" - SUCCESS
[2026-08-11 18:54:18] [LAW] Law "law-10" applied to "object-17" - SUCCESS
[2026-08-11 18:54:18] [LAW] Law "law-9" applied to "object-17" - SUCCESS
[2026-08-11 18:54:18] [LAW] Law "law-10" applied to "object-17" - SUCCESS
[2026-08-11 18:54:18] [LAW] Law "law-9" applied to "object-17" - SUCCESS
[2026-08-11 18:54:18] [LAW] Law "law-10" applied to "object-17" - SUCCESS
[2026-08-11 18:54:18] [LAW] Law "law-9" applied to "object-17" - SUCCESS
[2026-08-11 18:54:18] [LAW] Law "law-10" applied to "object-17" - SUCCESS
[2026-08-11 18:54:18] [LAW] Law "law-9" applied to "object-17" - SUCCESS
[2026-08-11 18:54:18] [LAW] Law "law-10" applied to "object-17" - SUCCESS
[2026-08-11 18:54:18] [LAW] Law "law-9" applied to "object-17" - SUCCESS
[2026-08-11 18:54:18] [LAW] Law "law-10" applied to "object-17" - SUCCESS
[2026-08-11 18:54:18] [LAW] Law "law-9" applied to "object-17" - SUCCESS
[2026-08-11 18:54:18] [LAW] Law "law-10" applied to "object-17" - SUCCESS
[2026-08-11 18:54:18] [LAW] Law "law-9" applied to "object-17" - SUCCESS
[2026-08-11 18:54:18] [LAW] Law "law-10" applied to "object-17" - SUCCESS
[2026-08-11 18:54:18] [LAW] Law "law-9" applied to "object-17" - SUCCESS
[2026-08-11 18:54:18] [LAW] Law "law-10" applied to "object-17" - SUCCESS
[2026-08-11 18:54:18] [LAW] Law "law-9" applied to "object-17" - SUCCESS
[2026-08-11 18:54:18] [LAW] Law "law-10" applied to "object-17" - SUCCESS
[2026-08-11 18:54:18] [LAW] Law "law-9" applied to "object-17" - SUCCESS
[2026-08-11 18:54:18] [LAW] Law "law-10" applied to "object-17" - SUCCESS
[2026-08-11 18:54:18] [LAW] Law "law-9" applied to "object-17" - SUCCESS
[2026-08-11 18:54:18] [LAW] Law "law-10" applied to "object-17" - SUCCESS
[2026-08-11 18:54:18] [LAW] Law "law-9" applied to "object-17" - SUCCESS
[2026-08-11 18:54:18] [LAW] Law "law-10" applied to "object-17" - SUCCESS
[2026-08-11 18:54:18] [LAW] Law "law-9" applied to "object-17" - SUCCESS
[2026-08-11 18:54:18] [LAW] Law "law-10" applied to "object-17" - SUCCESS
[2026-08-11 18:54:18] [LAW] Law "law-9" applied to "object-17" - SUCCESS
[2026-08-11 18:54:18] [LAW] Law "law-10" applied to "object-17" - SUCCESS
[2026-08-11 18:54:18] [LAW] Law "law-9" applied to "object-17" - SUCCESS
[2026-08-11 18:54:18] [LAW] Law "law-10" applied to "object-17" - SUCCESS
[2026-08-11 18:54:18] [LAW] Law "law-9" applied to "object-17" - SUCCESS
[2026-08-11 18:54:18] [LAW] Law "law-10" applied to "object-17" - SUCCESS
[2026-08-11 18:54:18] [LAW] Law "law-9" applied to "object-17" - SUCCESS
[2026-08-11 18:54:18] [LAW] Law "law-10" applied to "object-17" - SUCCESS
[2026-08-11 18:54:18] [LAW] Law "law-9" applied to "object-17" - SUCCESS
[2026-08-11 18:54:18] [LAW] Law "law-10" applied to "object-17" - SUCCESS
[2026-08-11 18:54:18] [LAW] Law "law-9" applied to "object-17" - SUCCESS
[2026-08-11 18:54:18] [LAW] Law "law-10" applied to "object-17" - SUCCESS
[2026-08-11 18:54:18] [LAW] Law "law-9" applied to "object-17" - SUCCESS
[2026-08-11 18:54:18] [LAW] Law "law-10" applied to "object-17" - SUCCESS
[2026-08-11 18:54:18] [LAW] Law "law-9" applied to "object-17" - SUCCESS
[2026-08-11 18:54:18] [LAW] Law "law-10" applied to "object-17" - SUCCESS
[2026-08-11 18:54:18] [LAW] Law "law-9" applied to "object-17" - SUCCESS
[2026-08-11 18:54:18] [LAW] Law "law-10" applied to "object-17" - SUCCESS
[2026-08-11 18:54:18] [LAW] Law "law-9" applied to "object-17" - SUCCESS
[2026-08-11 18:54:18] [LAW] Law "law-10" applied to "object-17" - SUCCESS
[2026-08-11 18:54:18] [LAW] Law "law-9" applied to "object-17" - SUCCESS
[2026-08-11 18:54:18] [LAW] Law "law-10" applied to "object-17" - SUCCESS
[2026-08-11 18:54:18] [LAW] Law "law-9" applied to "object-17" - SUCCESS
[2026-08-11 18:54:18] [LAW] Law "law-10" applied to "object-17" - SUCCESS
[2026-08-11 18:54:18] [LAW] Law "law-9" applied to "object-17" - SUCCESS
[2026-08-11 18:54:18] [LAW] Law "law-10" applied to "object-17" - SUCCESS
[2026-08-11 18:54:18] [LAW] Law "law-9" applied to "object-17" - SUCCESS
[2026-08-11 18:54:18] [LAW] Law "law-10" applied to "object-17" - SUCCESS
[2026-08-11 18:54:18] [LAW] Law "law-9" applied to "object-17" - SUCCESS
[2026-08-11 18:54:18] [LAW] Law "law-10" applied to "object-17" - SUCCESS
[2026-08-11 18:54:18] [LAW] Law "law-9" applied to "object-17" - SUCCESS
[2026-08-11 18:54:18] [LAW] Law "law-10" applied to "object-17" - SUCCESS
[2026-08-11 18:54:18] [LAW] Law "law-9" applied to "object-17" - SUCCESS
[2026-08-11 18:54:18] [LAW] Law "law-10" applied to "object-17" - SUCCESS
[2026-08-11 18:54:18] [LAW] Law "law-9" applied to "object-17" - SUCCESS
[2026-08-11 18:54:18] [LAW] Law "law-10" applied to "object-17" - SUCCESS
[2026-08-11 18:54:18] [LAW] Law "law-9" applied to "object-17" - SUCCESS
[2026-08-11 18:54:18] [LAW] Law "law-10" applied to "object-17" - SUCCESS
[2026-08-11 18:54:18] [LAW] Law "law-9" applied to "object-17" - SUCCESS
[2026-08-11 18:54:18] [LAW] Law "law-10" applied to "object-17" - SUCCESS
[2026-08-11 18:54:18] [LAW] Law "law-9" applied to "object-17" - SUCCESS
[2026-08-11 18:54:18] [LAW] Law "law-10" applied to "object-17" - SUCCESS
[2026-08-11 18:54:18] [LAW] Law "law-9" applied to "object-17" - SUCCESS
[2026-08-11 18:54:18] [LAW] Law "law-10" applied to "object-17" - SUCCESS
[2026-08-11 18:54:18] [LAW] Law "law-9" applied to "object-17" - SUCCESS
[2026-08-11 18:54:18] [LAW] Law "law-10" applied to "object-17" - SUCCESS
[2026-08-11 18:54:18] [LAW] Law "law-9" applied to "object-17" - SUCCESS
[2026-08-11 18:54:18] [LAW] Law "law-10" applied to "object-17" - SUCCESS
[2026-08-11 18:54:18] [LAW] Law "law-9" applied to "object-17" - SUCCESS
[2026-08-11 18:54:18] [LAW] Law "law-10" applied to "object-17" - SUCCESS
[2026-08-11 18:54:18] [LAW] Law "law-9" applied to "object-17" - SUCCESS
[2026-08-11 18:54:18] [LAW] Law "law-10" applied to "object-17" - SUCCESS
[2026-08-11 18:54:18] [LAW] Law "law-9" applied to "object-17" - SUCCESS
[2026-08-11 18:54:18] [LAW] Law "law-10" applied to "object-17" - SUCCESS
[2026-08-11 18:54:18] [LAW] Law "law-9" applied to "object-17" - SUCCESS
[2026-08-11 18:54:18] [LAW] Law "law-10" applied to "object-17" - SUCCESS
[2026-08-11 18:54:18] [LAW] Law "law-9" applied to "object-17" - SUCCESS
[2026-08-11 18:54:18] [LAW] Law "law-10" applied to "object-17" - SUCCESS
[2026-08-11 18:54:18] [LAW] Law "law-9" applied to "object-17" - SUCCESS
[2026-08-11 18:54:18] [LAW] Law "law-10" applied to "object-17" - SUCCESS
[2026-08-11 18:54:18] [LAW] Law "law-9" applied to "object-17" - SUCCESS
[2026-08-11 18:54:18] [LAW] Law "law-10" applied to "object-17" - SUCCESS
[2026-08-11 18:54:18] [LAW] Law "law-9" applied to "object-17" - SUCCESS
[2026-08-11 18:54:18] [LAW] Law "law-10" applied to "object-17" - SUCCESS
[2026-08-11 18:54:18] [LAW] Law "law-9" applied to "object-17" - SUCCESS
[2026-08-11 18:54:18] [LAW] Law "law-10" applied to "object-17" - SUCCESS
[2026-08-11 18:54:18] [LAW] Law "law-9" applied to "object-17" - SUCCESS
[2026-08-11 18:54:18] [LAW] Law "law-10" applied to "object-17" - SUCCESS
[2026-08-11 18:54:18] [LAW] Law "law-9" applied to "object-17" - SUCCESS
[2026-08-11 18:54:18] [LAW] Law "law-10" applied to "object-17" - SUCCESS
[2026-08-11 18:54:18] [LAW] Law "law-9" applied to "object-17" - SUCCESS
[2026-08-11 18:54:18] [LAW] Law "law-10" applied to "object-17" - SUCCESS
[2026-08-11 18:54:18] [LAW] Law "law-9" applied to "object-17" - SUCCESS
[2026-08-11 18:54:18] [LAW] Law "law-10" applied to "object-17" - SUCCESS
[2026-08-11 18:54:18] [LAW] Law "law-9" applied to "object-17" - SUCCESS
[2026-08-11 18:54:18] [LAW] Law "law-10" applied to "object-17" - SUCCESS
[2026-08-11 18:54:18] [LAW] Law "law-9" applied to "object-17" - SUCCESS
[2026-08-11 18:54:18] [LAW] Law "law-10" applied to "object-17" - SUCCESS
[2026-08-11 18:54:18] [LAW] Law "law-9" applied to "object-17" - SUCCESS
[2026-08-11 18:54:18] [LAW] Law "law-10" applied to "object-17" - SUCCESS
[2026-08-11 18:54:18] [LAW] Law "law-9" applied to "object-17" - SUCCESS
[2026-08-11 18:54:18] [LAW] Law "law-10" applied to "object-17" - SUCCESS
[2026-08-11 18:54:18] [LAW] Law "law-9" applied to "object-17" - SUCCESS
[2026-08-11 18:54:18] [LAW] Law "law-10" applied to "object-17" - SUCCESS
[2026-08-11 18:54:18] [LAW] Law "law-9" applied to "object-17" - SUCCESS
[2026-08-11 18:54:18] [LAW] Law "law-10" applied to "object-17" - SUCCESS
[2026-08-11 18:54:18] [LAW] Law "law-9" applied to "object-17" - SUCCESS
[2026-08-11 18:54:18] [LAW] Law "law-10" applied to "object-17" - SUCCESS
[2026-08-11 18:54:18] [LAW] Law "law-9" applied to "object-17" - SUCCESS
[2026-08-11 18:54:18] [LAW] Law "law-10" applied to "object-17" - SUCCESS
[2026-08-11 18:54:18] [LAW] Law "law-9" applied to "object-17" - SUCCESS
[2026-08-11 18:54:18] [LAW] Law "law-10" applied to "object-17" - SUCCESS
[2026-08-11 18:54:18] [LAW] Law "law-9" applied to "object-17" - SUCCESS
[2026-08-11 18:54:18] [LAW] Law "law-10" applied to "object-17" - SUCCESS
[2026-08-11 18:54:18] [LAW] Law "law-9" applied to "object-17" - SUCCESS
[2026-08-11 18:54:18] [LAW] Law "law-10" applied to "object-17" - SUCCESS
[2026-08-11 18:54:18] [LAW] Law "law-9" applied to "object-17" - SUCCESS
[2026-08-11 18:54:18] [LAW] Law "law-10" applied to "object-17" - SUCCESS
[2026-08-11 18:54:18] [LAW] Law "law-9" applied to "object-17" - SUCCESS
[2026-08-11 18:54:18] [LAW] Law "law-10" applied to "object-17" - SUCCESS
[2026-08-11 18:54:18] [LAW] Law "law-9" applied to "object-17" - SUCCESS
[2026-08-11 18:54:18] [LAW] Law "law-10" applied to "object-17" - SUCCESS
[2026-08-11 18:54:18] [LAW] Law "law-9" applied to "object-17" - SUCCESS
[2026-08-11 18:54:18] [LAW] Law "law-10" applied to "object-17" - SUCCESS
[2026-08-11 18:54:18] [LAW] Law "law-9" applied to "object-17" - SUCCESS
[2026-08-11 18:54:18] [LAW] Law "law-10" applied to "object-17" - SUCCESS
[2026-08-11 18:54:18] [LAW] Law "law-9" applied to "object-17" - SUCCESS
[2026-08-11 18:54:18] [LAW] Law "law-10" applied to "object-17" - SUCCESS
[2026-08-11 18:54:18] [LAW] Law "law-9" applied to "object-17" - SUCCESS
[2026-08-11 18:54:18] [LAW] Law "law-10" applied to "object-17" - SUCCESS
[2026-08-11 18:54:18] [LAW] Law "law-9" applied to "object-17" - SUCCESS
[2026-08-11 18:54:18] [LAW] Law "law-10" applied to "object-17" - SUCCESS
[2026-08-11 18:54:18] [LAW] Law "law-9" applied to "object-17" - SUCCESS
[2026-08-11 18:54:18] [LAW] Law "law-10" applied to "object-17" - SUCCESS
[2026-08-11 18:54:18] [LAW] Law "law-9" applied to "object-17" - SUCCESS
[2026-08-11 18:54:18] [LAW] Law "law-10" applied to "object-17" - SUCCESS
[2026-08-11 18:54:18] [LAW] Law "law-9" applied to "object-17" - SUCCESS
[2026-08-11 18:54:18] [LAW] Law "law-10" applied to "object-17" - SUCCESS
[2026-08-11 18:54:18] [LAW] Law "law-9" applied to "object-17" - SUCCESS
[2026-08-11 18:54:18] [LAW] Law "law-10" applied to "object-17" - SUCCESS
[2026-08-11 18:54:18] [LAW] Law "law-9" applied to "object-17" - SUCCESS
[2026-08-11 18:54:18] [LAW] Law "law-10" applied to "object-17" - SUCCESS
[2026-08-11 18:54:18] [LAW] Law "law-9" applied to "object-17" - SUCCESS
[2026-08-11 18:54:18] [LAW] Law "law-10" applied to "object-17" - SUCCESS
[2026-08-11 18:54:18] [LAW] Law "law-9" applied to "object-17" - SUCCESS
[2026-08-11 18:54:18] [LAW] Law "law-10" applied to "object-17" - SUCCESS
[2026-08-11 18:54:18] [LAW] Law "law-9" applied to "object-17" - SUCCESS
[2026-08-11 18:54:18] [LAW] Law "law-10" applied to "object-17" - SUCCESS
[2026-08-11 18:54:18] [LAW] Law "law-9" applied to "object-17" - SUCCESS
[2026-08-11 18:54:18] [LAW] Law "law-10" applied to "object-17" - SUCCESS
[2026-08-11 18:54:18] [LAW] Law "law-9" applied to "object-17" - SUCCESS
[2026-08-11 18:54:18] [LAW] Law "law-10" applied to "object-17" - SUCCESS
[2026-08-11 18:54:18] [LAW] Law "law-9" applied to "object-17" - SUCCESS
[2026-08-11 18:54:18] [LAW] Law "law-10" applied to "object-17" - SUCCESS
[2026-08-11 18:54:18] [LAW] Law "law-9" applied to "object-17" - SUCCESS
[2026-08-11 18:54:18] [LAW] Law "law-10" applied to "object-17" - SUCCESS
[2026-08-11 18:54:18] [LAW] Law "law-9" applied to "object-17" - SUCCESS
[2026-08-11 18:54:18] [LAW] Law "law-10" applied to "object-17" - SUCCESS
[2026-08-11 18:54:18] [LAW] Law "law-9" applied to "object-17" - SUCCESS
[2026-08-11 18:54:18] [LAW] Law "law-10" applied to "object-17" - SUCCESS
[2026-08-11 18:54:18] [LAW] Law "law-1" applied to "object-5" - SUCCESS
[2026-08-11 18:54:18] [LAW] Law "law-1" applied to "object-5" - CONDITIONS FAILED
[2026-08-11 18:54:18] [LAW] Law "law-1" applied to "object-7" - SUCCESS
[2026-08-11 18:54:18] [LAW] Law "law-3" applied to "object-9" - SUCCESS
[2026-08-11 18:54:18] [LAW] Law "law-3" applied to "object-10" - CONDITIONS FAILED
[2026-08-11 18:54:18] [LAW] Law "law-3" applied to "object-12" - SUCCESS
[2026-08-11 18:54:18] [LAW] Law "law-5" applied to "object-14" - SUCCESS
[2026-08-11 18:54:18] [LAW] Law "law-1" applied to "zack" - SUCCESS
[2026-08-11 18:54:18] [LAW] Law "law-6" applied to "TestSubject" - CONDITIONS FAILED
[2026-08-11 18:54:18] [LAW] Law "law-6" applied to "TestSubject" - SUCCESS
[2026-08-11 18:54:18] [LAW] Law "law-7" applied to "TestSubject" - SUCCESS
[2026-08-11 18:54:18] [LAW] Law "law-8" applied to "TestSubject" - SUCCESS
[2026-08-11 18:54:18] [LAW] Law "law-8" applied to "TestSubject" - CONDITIONS FAILED
[2026-08-11 18:54:18] [LAW] Law "law-9" applied to "object-42" - CONDITIONS FAILED
[2026-08-11 18:54:18] [LAW] Law "law-9" applied to "object-42" - CONDITIONS FAILED
[2026-08-11 18:54:18] [LAW] Law "law-9" applied to "object-42" - SUCCESS
[2026-08-11 18:54:18] [LAW] Law "law-9" applied to "object-42" - SUCCESS
[2026-08-11 18:54:18] [EVENT] Event "concept-registered" triggered (Subject: concept-1, Object: null)
[2026-08-11 18:54:18] [EVENT] Event "relation-formed" triggered (Subject: law-1-authored-by-Player, Object: null)
[2026-08-11 18:54:18] [EVENT] Event "law-registered" triggered (Subject: law-1, Object: null)
[2026-08-11 18:54:18] [EVENT] Event "onMouseClicked" triggered (Subject: Player, Object: null)
[2026-08-11 18:54:18] [LAW] Law "law-1" applied to "Player" - CONDITIONS FAILED
[2026-08-11 18:54:18] [EVENT] Event "onMouseClicked" triggered (Subject: Player, Object: null)
[2026-08-11 18:54:18] [LAW] Law "law-1" applied to "Player" - CONDITIONS FAILED
[2026-08-11 18:54:18] [EVENT] Event "onMouseClicked" triggered (Subject: Player, Object: null)
[2026-08-11 18:54:18] [EVENT] Event "relation-formed" triggered (Subject: object-6-generated-from-concept-1, Object: null)
[2026-08-11 18:54:18] [EVENT] Event "concept-instantiated" triggered (Subject: concept-1, Object: null)
[2026-08-11 18:54:18] [EVENT] Event "object-created" triggered (Subject: object-6, Object: Player)
[2026-08-11 18:54:18] [LAW] Law "law-1" applied to "Player" - SUCCESS
[2026-08-11 18:54:18] [EVENT] Event "onMouseClicked" triggered (Subject: Player, Object: null)
[2026-08-11 18:54:18] [EVENT] Event "relation-formed" triggered (Subject: object-7-generated-from-concept-1, Object: null)
[2026-08-11 18:54:18] [EVENT] Event "concept-instantiated" triggered (Subject: concept-1, Object: null)
[2026-08-11 18:54:18] [EVENT] Event "object-created" triggered (Subject: object-7, Object: Player)
[2026-08-11 18:54:18] [LAW] Law "law-1" applied to "Player" - SUCCESS
[2026-08-11 18:54:18] [EVENT] Event "onMouseClicked" triggered (Subject: Player, Object: null)
[2026-08-11 18:54:18] [EVENT] Event "relation-formed" triggered (Subject: object-8-generated-from-concept-1, Object: null)
[2026-08-11 18:54:18] [EVENT] Event "concept-instantiated" triggered (Subject: concept-1, Object: null)
[2026-08-11 18:54:19] [EVENT] Event "object-created" triggered (Subject: object-8, Object: Player)
[2026-08-11 18:54:19] [LAW] Law "law-1" applied to "Player" - SUCCESS
[2026-08-11 18:54:19] [EVENT] Event "onMouseClicked" triggered (Subject: Player, Object: null)
[2026-08-11 18:54:19] [EVENT] Event "relation-formed" triggered (Subject: object-9-generated-from-concept-1, Object: null)
[2026-08-11 18:54:19] [EVENT] Event "concept-instantiated" triggered (Subject: concept-1, Object: null)
[2026-08-11 18:54:19] [EVENT] Event "object-created" triggered (Subject: object-9, Object: Player)
[2026-08-11 18:54:19] [LAW] Law "law-1" applied to "Player" - SUCCESS
[2026-08-11 18:54:19] [EVENT] Event "onMouseClicked" triggered (Subject: Player, Object: null)
[2026-08-11 18:54:19] [EVENT] Event "relation-formed" triggered (Subject: object-10-generated-from-concept-1, Object: null)
[2026-08-11 18:54:19] [EVENT] Event "concept-instantiated" triggered (Subject: concept-1, Object: null)
[2026-08-11 18:54:19] [EVENT] Event "object-created" triggered (Subject: object-10, Object: Player)
[2026-08-11 18:54:19] [LAW] Law "law-1" applied to "Player" - SUCCESS
[2026-08-11 18:54:19] [EVENT] Event "law-registered" triggered (Subject: law-1, Object: null)
[2026-08-11 18:54:19] [EVENT] Event "law-registered" triggered (Subject: law-1, Object: null)
[2026-08-11 18:54:19] [EVENT] Event "onMouseClicked" triggered (Subject: Player, Object: null)
[2026-08-11 18:54:19] [EVENT] Event "onMouseClicked" triggered (Subject: Player, Object: null)
[2026-08-11 18:54:19] [EVENT] Event "relation-formed" triggered (Subject: object-12-generated-from-concept-1, Object: null)
[2026-08-11 18:54:19] [EVENT] Event "relation-formed" triggered (Subject: object-12-generated-from-concept-1, Object: null)
[2026-08-11 18:54:19] [EVENT] Event "concept-instantiated" triggered (Subject: concept-1, Object: null)
[2026-08-11 18:54:19] [EVENT] Event "concept-instantiated" triggered (Subject: concept-1, Object: null)
[2026-08-11 18:54:19] [EVENT] Event "object-created" triggered (Subject: object-12, Object: Player)
[2026-08-11 18:54:19] [EVENT] Event "object-created" triggered (Subject: object-12, Object: Player)
[2026-08-11 18:54:19] [LAW] Law "law-1" applied to "Player" - SUCCESS
[2026-08-11 18:54:19] [LAW] Law "law-1" applied to "object-5" - CONDITIONS FAILED
[2026-08-11 18:54:19] [LAW] Law "law-1" applied to "object-5" - SUCCESS
[2026-08-11 18:54:19] [LAW] Law "law-1" applied to "object-5" - SUCCESS
[2026-08-11 18:54:19] [LAW] Law "law-2" applied to "object-8" - NO ACTIONS
[2026-08-11 18:54:19] [LAW] Law "law-1" applied to "object-4" - SUCCESS
[2026-08-11 18:54:19] [LAW] Law "law-1" applied to "object-4" - SUCCESS
[2026-08-11 18:54:19] [LAW] Law "law-1" applied to "object-4" - SUCCESS
[2026-08-11 18:54:19] [LAW] Law "law-2" applied to "object-5" - SUCCESS
[2026-08-11 18:54:19] [LAW] Law "law-2" applied to "object-5" - SUCCESS
[2026-08-11 18:54:19] [LAW] Law "law-2" applied to "object-5" - SUCCESS
[2026-08-11 18:54:19] [LAW] Law "law-2" applied to "object-5" - SUCCESS
[2026-08-11 18:54:19] [LAW] Law "law-3" applied to "object-5" - SUCCESS
[2026-08-11 18:54:19] [LAW] Law "law-3" applied to "object-5" - SUCCESS
[2026-08-11 18:54:19] [LAW] Law "law-3" applied to "object-5" - SUCCESS
[2026-08-11 18:54:19] [LAW] Law "law-3" applied to "object-5" - SUCCESS
[2026-08-11 18:54:19] [LAW] Law "law-3" applied to "object-5" - SUCCESS
[2026-08-11 18:54:19] [LAW] Law "law-3" applied to "object-5" - SUCCESS
[2026-08-11 18:54:19] [LAW] Law "law-3" applied to "object-5" - SUCCESS
[2026-08-11 18:54:19] [LAW] Law "law-3" applied to "object-5" - SUCCESS
[2026-08-11 18:54:19] [LAW] Law "law-3" applied to "object-5" - SUCCESS
[2026-08-11 18:54:19] [LAW] Law "law-3" applied to "object-5" - SUCCESS
[2026-08-11 18:54:19] [LAW] Law "law-3" applied to "object-5" - SUCCESS
[2026-08-11 18:54:19] [EVENT] Event "relation-formed" triggered (Subject: law-4-authored-by-object-3, Object: null)
[2026-08-11 18:54:19] [EVENT] Event "law-registered" triggered (Subject: law-4, Object: null)
[2026-08-11 18:54:19] [EVENT] Event "kick" triggered (Subject: object-4, Object: null)
[2026-08-11 18:54:19] [LAW] Law "law-4" applied to "object-4" - SUCCESS
[2026-08-11 18:54:19] [EVENT] Event "law-applied" triggered (Subject: object-4, Object: null)
[2026-08-11 18:54:19] [LAW] Law "law-4" applied to "object-4" - SUCCESS
[2026-08-11 18:54:19] [EVENT] Event "law-applied" triggered (Subject: object-4, Object: null)
[2026-08-11 18:54:19] [LAW] Law "law-4" applied to "object-4" - SUCCESS
[2026-08-11 18:54:19] [EVENT] Event "law-applied" triggered (Subject: object-4, Object: null)
[2026-08-11 18:54:19] [EVENT] Event "law-drive-finished" triggered (Subject: object-4, Object: null)
[2026-08-11 18:54:19] [EVENT] Event "kick" triggered (Subject: object-4, Object: null)
[2026-08-11 18:54:19] [LAW] Law "law-4" applied to "object-4" - SUCCESS
[2026-08-11 18:54:19] [EVENT] Event "law-applied" triggered (Subject: object-4, Object: null)
[2026-08-11 18:54:19] [EVENT] Event "relation-formed" triggered (Subject: law-5-authored-by-object-3, Object: null)
[2026-08-11 18:54:19] [EVENT] Event "law-registered" triggered (Subject: law-5, Object: null)
[2026-08-11 18:54:19] [EVENT] Event "kick" triggered (Subject: object-5, Object: null)
[2026-08-11 18:54:19] [LAW] Law "law-5" applied to "object-5" - SUCCESS
[2026-08-11 18:54:19] [EVENT] Event "law-applied" triggered (Subject: object-5, Object: null)
[2026-08-11 18:54:19] [LAW] Law "law-5" applied to "object-5" - SUCCESS
[2026-08-11 18:54:19] [EVENT] Event "law-applied" triggered (Subject: object-5, Object: null)
[2026-08-11 18:54:19] [EVENT] Event "law-drive-finished" triggered (Subject: object-5, Object: null)
[2026-08-11 18:54:19] [EVENT] Event "relation-formed" triggered (Subject: law-6-authored-by-object-3, Object: null)
[2026-08-11 18:54:19] [EVENT] Event "law-registered" triggered (Subject: law-6, Object: null)
[2026-08-11 18:54:19] [EVENT] Event "kick" triggered (Subject: object-5, Object: null)
[2026-08-11 18:54:19] [LAW] Law "law-6" applied to "object-5" - SUCCESS
[2026-08-11 18:54:19] [EVENT] Event "law-applied" triggered (Subject: object-5, Object: null)
[2026-08-11 18:54:19] [EVENT] Event "kick" triggered (Subject: object-5, Object: null)
[2026-08-11 18:54:19] [LAW] Law "law-6" applied to "object-5" - SUCCESS
[2026-08-11 18:54:19] [EVENT] Event "law-applied" triggered (Subject: object-5, Object: null)
[2026-08-11 18:54:19] [EVENT] Event "kick" triggered (Subject: object-5, Object: null)
[2026-08-11 18:54:19] [LAW] Law "law-6" applied to "object-5" - SUCCESS
[2026-08-11 18:54:19] [EVENT] Event "law-applied" triggered (Subject: object-5, Object: null)
[2026-08-11 18:54:19] [EVENT] Event "kick" triggered (Subject: object-5, Object: null)
[2026-08-11 18:54:19] [LAW] Law "law-6" applied to "object-5" - SUCCESS
[2026-08-11 18:54:19] [EVENT] Event "law-applied" triggered (Subject: object-5, Object: null)
[2026-08-11 18:54:19] [EVENT] Event "relation-formed" triggered (Subject: law-7-authored-by-object-3, Object: null)
[2026-08-11 18:54:19] [EVENT] Event "law-registered" triggered (Subject: law-7, Object: null)
[2026-08-11 18:54:19] [EVENT] Event "kick" triggered (Subject: object-5, Object: null)
[2026-08-11 18:54:19] [LAW] Law "law-7" applied to "object-5" - SUCCESS
[2026-08-11 18:54:19] [EVENT] Event "law-applied" triggered (Subject: object-5, Object: null)
[2026-08-11 18:54:19] [LAW] Law "law-7" applied to "object-5" - SUCCESS
[2026-08-11 18:54:19] [EVENT] Event "law-applied" triggered (Subject: object-5, Object: null)
[2026-08-11 18:54:19] [EVENT] Event "kick" triggered (Subject: object-5, Object: null)
[2026-08-11 18:54:19] [LAW] Law "law-7" applied to "object-5" - SUCCESS
[2026-08-11 18:54:19] [EVENT] Event "law-applied" triggered (Subject: object-5, Object: null)
[2026-08-11 18:54:19] [EVENT] Event "relation-formed" triggered (Subject: law-10-authored-by-object-3, Object: null)
[2026-08-11 18:54:19] [EVENT] Event "law-registered" triggered (Subject: law-10, Object: null)
[2026-08-11 18:54:19] [EVENT] Event "touch" triggered (Subject: object-4, Object: object-5)
[2026-08-11 18:54:19] [LAW] Law "law-10" applied to "object-4" - SUCCESS
[2026-08-11 18:54:19] [EVENT] Event "law-applied" triggered (Subject: object-4, Object: null)
[2026-08-11 18:54:19] [EVENT] Event "relation-formed" triggered (Subject: law-11-authored-by-object-3, Object: null)
[2026-08-11 18:54:19] [EVENT] Event "law-registered" triggered (Subject: law-11, Object: null)
[2026-08-11 18:54:19] [EVENT] Event "touch" triggered (Subject: object-4, Object: object-5)
[2026-08-11 18:54:19] [LAW] Law "law-11" applied to "object-4" - SUCCESS
[2026-08-11 18:54:19] [EVENT] Event "law-applied" triggered (Subject: object-4, Object: null)
[2026-08-11 18:54:19] [LAW] Law "law-11" applied to "object-4" - SUCCESS
[2026-08-11 18:54:19] [EVENT] Event "law-applied" triggered (Subject: object-4, Object: null)
[2026-08-11 18:54:19] [LAW] Law "law-11" applied to "object-4" - SUCCESS
[2026-08-11 18:54:19] [EVENT] Event "law-applied" triggered (Subject: object-4, Object: null)
[2026-08-11 18:54:19] [EVENT] Event "law-drive-finished" triggered (Subject: object-4, Object: null)
[2026-08-11 18:54:19] [EVENT] Event "relation-formed" triggered (Subject: law-1-authored-by-object-3, Object: null)
[2026-08-11 18:54:19] [EVENT] Event "law-registered" triggered (Subject: law-1, Object: null)
[2026-08-11 18:54:19] [EVENT] Event "enters-world" triggered (Subject: object-5, Object: null)
[2026-08-11 18:54:19] [LAW] Law "law-1" applied to "object-5" - SUCCESS
[2026-08-11 18:54:19] [EVENT] Event "law-applied" triggered (Subject: object-5, Object: null)
[2026-08-11 18:54:19] [LAW] Law "law-1" applied to "object-4" - SUCCESS
[2026-08-11 18:54:19] [LAW] Law "law-1" applied to "object-4" - SUCCESS
[2026-08-11 18:54:19] [EVENT] Event "relation-formed" triggered (Subject: law-2-authored-by-object-3, Object: null)
[2026-08-11 18:54:19] [EVENT] Event "law-registered" triggered (Subject: law-2, Object: null)
[2026-08-11 18:54:19] [EVENT] Event "enters-world" triggered (Subject: object-5, Object: null)
[2026-08-11 18:54:19] [LAW] Law "law-1" applied to "object-5" - SUCCESS
[2026-08-11 18:54:19] [EVENT] Event "law-applied" triggered (Subject: object-5, Object: null)
[2026-08-11 18:54:19] [LAW] Law "law-2" applied to "object-5" - SUCCESS
[2026-08-11 18:54:19] [EVENT] Event "law-applied" triggered (Subject: object-5, Object: null)
[2026-08-11 18:54:19] [LAW] Law "law-2" applied to "object-5" - SUCCESS
[2026-08-11 18:54:19] [EVENT] Event "law-applied" triggered (Subject: object-5, Object: null)
[2026-08-11 18:54:19] [LAW] Law "law-2" applied to "object-5" - SUCCESS
[2026-08-11 18:54:19] [EVENT] Event "law-applied" triggered (Subject: object-5, Object: null)
[2026-08-11 18:54:19] [LAW] Law "law-2" applied to "object-5" - SUCCESS
[2026-08-11 18:54:19] [EVENT] Event "law-applied" triggered (Subject: object-5, Object: null)
[2026-08-11 18:54:19] [LAW] Law "law-2" applied to "object-5" - SUCCESS
[2026-08-11 18:54:19] [LAW] Law "law-2" applied to "object-5" - SUCCESS
[2026-08-11 18:54:19] [EVENT] Event "law-applied" triggered (Subject: object-5, Object: null)
[2026-08-11 18:54:19] [LAW] Law "law-2" applied to "object-5" - SUCCESS
[2026-08-11 18:54:19] [EVENT] Event "law-applied" triggered (Subject: object-5, Object: null)
[2026-08-11 18:54:19] [LAW] Law "law-2" applied to "object-5" - SUCCESS
[2026-08-11 18:54:19] [EVENT] Event "law-applied" triggered (Subject: object-5, Object: null)
[2026-08-11 18:54:19] [EVENT] Event "enters-world" triggered (Subject: object-5, Object: null)
[2026-08-11 18:54:19] [LAW] Law "law-1" applied to "object-5" - SUCCESS
[2026-08-11 18:54:19] [EVENT] Event "law-applied" triggered (Subject: object-5, Object: null)
[2026-08-11 18:54:19] [LAW] Law "law-2" applied to "object-5" - SUCCESS
[2026-08-11 18:54:19] [LAW] Law "law-4" applied to "object-9" - SUCCESS
[2026-08-11 18:54:19] [EVENT] Event "relation-formed" triggered (Subject: law-5-authored-by-object-3, Object: null)
[2026-08-11 18:54:19] [EVENT] Event "law-registered" triggered (Subject: law-5, Object: null)
[2026-08-11 18:54:19] [EVENT] Event "raise-signal" triggered (Subject: object-4, Object: null)
[2026-08-11 18:54:19] [LAW] Law "law-5" applied to "object-4" - SUCCESS
[2026-08-11 18:54:19] [EVENT] Event "law-applied" triggered (Subject: object-4, Object: null)
[2026-08-11 18:54:19] [LAW] Law "law-5" applied to "object-5" - SUCCESS
[2026-08-11 18:54:19] [EVENT] Event "law-applied" triggered (Subject: object-5, Object: null)
[2026-08-11 18:54:19] [EVENT] Event "relation-formed" triggered (Subject: law-7-authored-by-object-3, Object: null)
[2026-08-11 18:54:19] [EVENT] Event "law-registered" triggered (Subject: law-7, Object: null)
[2026-08-11 18:54:19] [LAW] Law "law-7" applied to "object-5" - SUCCESS
[2026-08-11 18:54:19] [EVENT] Event "law-applied" triggered (Subject: object-5, Object: null)
[2026-08-11 18:54:19] [EVENT] Event "relation-formed" triggered (Subject: law-4-targets-object-15, Object: null)
[2026-08-11 18:54:19] [LAW] Law "law-4" applied to "object-15" - SUCCESS
[2026-08-11 18:54:19] [EVENT] Event "law-applied" triggered (Subject: object-15, Object: null)
[2026-08-11 18:54:19] [EVENT] Event "relation-formed" triggered (Subject: object-4-touching-object-5, Object: null)
[2026-08-11 18:54:19] [EVENT] Event "relation-formed" triggered (Subject: object-4-owns-object-9, Object: null)
[2026-08-11 18:54:19] [EVENT] Event "relation-formed" triggered (Subject: law-9-authored-by-object-3, Object: null)
[2026-08-11 18:54:19] [EVENT] Event "law-registered" triggered (Subject: law-9, Object: null)
[2026-08-11 18:54:19] [EVENT] Event "relation-formed" triggered (Subject: law-9-targets-object-4, Object: null)
[2026-08-11 18:54:19] [EVENT] Event "relation-formed" triggered (Subject: law-10-authored-by-object-3, Object: null)
[2026-08-11 18:54:19] [EVENT] Event "law-registered" triggered (Subject: law-10, Object: null)
[2026-08-11 18:54:19] [EVENT] Event "law-registered" triggered (Subject: law-1, Object: null)
[2026-08-11 18:54:19] [EVENT] Event "birth-signal" triggered (Subject: World, Object: null)
[2026-08-11 18:54:19] [EVENT] Event "relation-formed" triggered (Subject: law-1-authored-by-object-3, Object: null)
[2026-08-11 18:54:19] [EVENT] Event "birth-signal" triggered (Subject: World, Object: null)
[2026-08-11 18:54:19] [EVENT] Event "relation-formed" triggered (Subject: object-14-generated-from-concept-1, Object: null)
[2026-08-11 18:54:19] [EVENT] Event "relation-formed" triggered (Subject: object-15-generated-from-concept-1, Object: null)
[2026-08-11 18:54:19] [EVENT] Event "concept-instantiated" triggered (Subject: concept-1, Object: null)
[2026-08-11 18:54:19] [EVENT] Event "object-created" triggered (Subject: object-14, Object: World)
[2026-08-11 18:54:19] [EVENT] Event "object-created" triggered (Subject: object-15, Object: World)
[2026-08-11 18:54:19] [LAW] Law "law-1" applied to "World" - SUCCESS
[2026-08-11 18:54:19] [EVENT] Event "law-applied" triggered (Subject: World, Object: null)
[2026-08-11 18:54:19] [EVENT] Event "relation-formed" triggered (Subject: concept-3-abstracted-from-object-16, Object: null)
[2026-08-11 18:54:19] [EVENT] Event "relation-formed" triggered (Subject: concept-3-authored-by-object-3, Object: null)
[2026-08-11 18:54:19] [EVENT] Event "contact-perceived" triggered (Subject: object-4, Object: object-5)
[2026-08-11 18:54:19] [LAW] Law "law-9" applied to "object-4" - SUCCESS
[2026-08-11 18:54:19] [EVENT] Event "law-applied" triggered (Subject: object-4, Object: null)
[2026-08-11 18:54:19] [LAW] Law "law-10" applied to "object-4" - SUCCESS
[2026-08-11 18:54:19] [EVENT] Event "law-applied" triggered (Subject: object-4, Object: null)
[2026-08-11 18:54:19] [LAW] Law "law-9" applied to "object-4" - CONDITIONS FAILED
[2026-08-11 18:54:19] [LAW] Law "law-9" applied to "object-4" - CONDITIONS FAILED
[2026-08-11 18:54:19] [LAW] Law "law-9" applied to "object-4" - CONDITIONS FAILED
[2026-08-11 18:54:19] [LAW] Law "law-9" applied to "object-4" - CONDITIONS FAILED
[2026-08-11 18:54:19] [EVENT] Event "relation-formed" triggered (Subject: law-11-authored-by-object-3, Object: null)
[2026-08-11 18:54:19] [LAW] Law "law-11" applied to "object-4" - NO EFFECT (Publish: unproven subject: no-such-being)
[2026-08-11 18:54:19] [EVENT] Event "law-applied" triggered (Subject: object-4, Object: null)
[2026-08-11 18:54:19] [EVENT] Event "relation-formed" triggered (Subject: object-18-generated-from-concept-3, Object: null)
[2026-08-11 18:54:19] [EVENT] Event "concept-instantiated" triggered (Subject: concept-3, Object: null)
[2026-08-11 18:54:19] [EVENT] Event "relation-formed" triggered (Subject: object-19-generated-from-concept-3, Object: null)
[2026-08-11 18:54:19] [EVENT] Event "concept-instantiated" triggered (Subject: concept-3, Object: null)
[2026-08-11 18:54:19] [EVENT] Event "relation-formed" triggered (Subject: law-2-authored-by-object-3, Object: null)
[2026-08-11 18:54:19] [EVENT] Event "law-registered" triggered (Subject: law-2, Object: null)
[2026-08-11 18:54:19] [LAW] Law "law-2" applied to "object-16" - SUCCESS
[2026-08-11 18:54:19] [EVENT] Event "law-applied" triggered (Subject: object-16, Object: null)
[2026-08-11 18:54:19] [EVENT] Event "relation-formed" triggered (Subject: concept-5-abstracted-from-object-16, Object: null)
[2026-08-11 18:54:19] [EVENT] Event "relation-formed" triggered (Subject: concept-5-authored-by-object-3, Object: null)
[2026-08-11 18:54:19] [EVENT] Event "relation-formed" triggered (Subject: object-23-generated-from-concept-5, Object: null)
[2026-08-11 18:54:19] [EVENT] Event "concept-instantiated" triggered (Subject: concept-5, Object: null)
[2026-08-11 18:54:19] [EVENT] Event "relation-formed" triggered (Subject: law-3-authored-by-object-3, Object: null)
[2026-08-11 18:54:19] [EVENT] Event "law-registered" triggered (Subject: law-3, Object: null)
[2026-08-11 18:54:19] [LAW] Law "law-3" applied to "object-16" - SUCCESS
[2026-08-11 18:54:19] [EVENT] Event "law-applied" triggered (Subject: object-16, Object: null)
[2026-08-11 18:54:19] [EVENT] Event "relation-formed" triggered (Subject: object-25-generated-from-concept-5, Object: null)
[2026-08-11 18:54:19] [EVENT] Event "concept-instantiated" triggered (Subject: concept-5, Object: null)
[2026-08-11 18:54:19] [EVENT] Event "relation-formed" triggered (Subject: law-4-authored-by-object-3, Object: null)
[2026-08-11 18:54:19] [EVENT] Event "law-registered" triggered (Subject: law-4, Object: null)
[2026-08-11 18:54:19] [LAW] Law "law-4" applied to "object-16" - NO EFFECT (Set: Read Only)
[2026-08-11 18:54:19] [EVENT] Event "law-applied" triggered (Subject: object-16, Object: null)
[2026-08-11 18:54:19] [EVENT] Event "relation-formed" triggered (Subject: object-27-attached-to-object-28, Object: null)
[2026-08-11 18:54:19] [EVENT] Event "relation-formed" triggered (Subject: concept-6-abstracted-from-object-27, Object: null)
[2026-08-11 18:54:19] [EVENT] Event "relation-formed" triggered (Subject: concept-6-abstracted-from-object-28, Object: null)
[2026-08-11 18:54:19] [EVENT] Event "relation-formed" triggered (Subject: concept-6-authored-by-object-3, Object: null)
[2026-08-11 18:54:19] [EVENT] Event "relation-formed" triggered (Subject: object-30-generated-from-concept-6, Object: null)
[2026-08-11 18:54:19] [EVENT] Event "relation-formed" triggered (Subject: object-31-generated-from-concept-6, Object: null)
[2026-08-11 18:54:19] [EVENT] Event "relation-formed" triggered (Subject: object-30-attached-to-object-31, Object: null)
[2026-08-11 18:54:19] [EVENT] Event "concept-instantiated" triggered (Subject: concept-6, Object: null)
[2026-08-11 18:54:19] [EVENT] Event "relation-formed" triggered (Subject: law-1-authored-by-object-8, Object: null)
[2026-08-11 18:54:19] [EVENT] Event "law-registered" triggered (Subject: law-1, Object: null)
[2026-08-11 18:54:19] [EVENT] Event "person-joined-zone" triggered (Subject: object-7, Object: Commons)
[2026-08-11 18:54:19] [LAW] Law "law-1" applied to "object-7" - CONDITIONS FAILED
[2026-08-11 18:54:19] [EVENT] Event "person-joined-zone" triggered (Subject: object-7, Object: Home)
[2026-08-11 18:54:19] [LAW] Law "law-1" applied to "object-7" - SUCCESS
[2026-08-11 18:55:28] [EVENT] Event "relation-formed" triggered (Subject: law-2-targets-object-6, Object: null)
[2026-08-11 18:55:28] [EVENT] Event "relation-formed" triggered (Subject: law-1-authored-by-object-3, Object: null)
[2026-08-11 18:55:28] [EVENT] Event "law-registered" triggered (Subject: law-1, Object: null)
[2026-08-11 18:55:28] [EVENT] Event "relation-formed" triggered (Subject: law-2-authored-by-object-3, Object: null)
[2026-08-11 18:55:28] [EVENT] Event "law-registered" triggered (Subject: law-2, Object: null)
[2026-08-11 18:55:28] [LAW] Law "law-1" applied to "object-3" - SUCCESS
[2026-08-11 18:55:28] [EVENT] Event "law-applied" triggered (Subject: object-3, Object: null)
[2026-08-11 18:55:28] [LAW] Law "law-1" applied to "object-4" - SUCCESS
[2026-08-11 18:55:28] [EVENT] Event "law-applied" triggered (Subject: object-4, Object: null)
[2026-08-11 18:55:28] [EVENT] Event "relation-formed" triggered (Subject: law-5-authored-by-object-3, Object: null)
[2026-08-11 18:55:28] [EVENT] Event "law-registered" triggered (Subject: law-5, Object: null)
[2026-08-11 18:55:28] [LAW] Law "law-5" applied to "object-7" - SUCCESS
[2026-08-11 18:55:28] [EVENT] Event "law-applied" triggered (Subject: object-7, Object: null)
[2026-08-11 18:55:28] [EVENT] Event "object-created" triggered (Subject: object-6, Object: null)
[2026-08-11 18:55:28] [LAW] Law "law-2" applied to "object-6" - SUCCESS
[2026-08-11 18:55:28] [EVENT] Event "law-applied" triggered (Subject: object-6, Object: null)
[2026-08-11 18:55:28] [LAW] Law "law-2" applied to "object-6" - SUCCESS
[2026-08-11 18:55:28] [EVENT] Event "law-applied" triggered (Subject: object-6, Object: null)
[2026-08-11 18:55:28] [EVENT] Event "relation-formed" triggered (Subject: law-6-authored-by-object-3, Object: null)
[2026-08-11 18:55:28] [EVENT] Event "law-registered" triggered (Subject: law-6, Object: null)
[2026-08-11 18:55:28] [LAW] Law "law-6" applied to "object-8" - SUCCESS
[2026-08-11 18:55:28] [EVENT] Event "law-applied" triggered (Subject: object-8, Object: null)
[2026-08-11 18:55:28] [EVENT] Event "relation-formed" triggered (Subject: law-7-authored-by-object-3, Object: null)
[2026-08-11 18:55:28] [EVENT] Event "law-registered" triggered (Subject: law-7, Object: null)
[2026-08-11 18:55:28] [EVENT] Event "relation-formed" triggered (Subject: law-7-targets-object-4, Object: null)
[2026-08-11 18:55:28] [LAW] Law "law-7" applied to "object-4" - SUCCESS
[2026-08-11 18:55:28] [EVENT] Event "law-applied" triggered (Subject: object-4, Object: null)
[2026-08-11 18:55:28] [LAW] Law "law-2" applied to "law-1" - SUCCESS
[2026-08-11 18:55:28] [LAW] Law "law-3" applied to "law-1" - SUCCESS
[2026-08-11 18:55:28] [LAW] Law "law-5" applied to "law-4" - SUCCESS
[2026-08-11 18:55:28] [LAW] Law "law-7" applied to "object-12" - SUCCESS
[2026-08-11 18:55:28] [LAW] Law "law-7" applied to "object-14" - SUCCESS
[2026-08-11 18:55:28] [LAW] Law "law-9" applied to "object-17" - SUCCESS
[2026-08-11 18:55:28] [LAW] Law "law-10" applied to "object-17" - SUCCESS
[2026-08-11 18:55:28] [LAW] Law "law-9" applied to "object-17" - SUCCESS
[2026-08-11 18:55:28] [LAW] Law "law-10" applied to "object-17" - SUCCESS
[2026-08-11 18:55:28] [LAW] Law "law-9" applied to "object-17" - SUCCESS
[2026-08-11 18:55:28] [LAW] Law "law-10" applied to "object-17" - SUCCESS
[2026-08-11 18:55:28] [LAW] Law "law-9" applied to "object-17" - SUCCESS
[2026-08-11 18:55:28] [LAW] Law "law-10" applied to "object-17" - SUCCESS
[2026-08-11 18:55:28] [LAW] Law "law-9" applied to "object-17" - SUCCESS
[2026-08-11 18:55:28] [LAW] Law "law-10" applied to "object-17" - SUCCESS
[2026-08-11 18:55:28] [LAW] Law "law-9" applied to "object-17" - SUCCESS
[2026-08-11 18:55:28] [LAW] Law "law-10" applied to "object-17" - SUCCESS
[2026-08-11 18:55:28] [LAW] Law "law-9" applied to "object-17" - SUCCESS
[2026-08-11 18:55:28] [LAW] Law "law-10" applied to "object-17" - SUCCESS
[2026-08-11 18:55:28] [LAW] Law "law-9" applied to "object-17" - SUCCESS
[2026-08-11 18:55:28] [LAW] Law "law-10" applied to "object-17" - SUCCESS
[2026-08-11 18:55:28] [LAW] Law "law-9" applied to "object-17" - SUCCESS
[2026-08-11 18:55:28] [LAW] Law "law-10" applied to "object-17" - SUCCESS
[2026-08-11 18:55:28] [LAW] Law "law-9" applied to "object-17" - SUCCESS
[2026-08-11 18:55:28] [LAW] Law "law-10" applied to "object-17" - SUCCESS
[2026-08-11 18:55:28] [LAW] Law "law-9" applied to "object-17" - SUCCESS
[2026-08-11 18:55:28] [LAW] Law "law-10" applied to "object-17" - SUCCESS
[2026-08-11 18:55:28] [LAW] Law "law-9" applied to "object-17" - SUCCESS
[2026-08-11 18:55:28] [LAW] Law "law-10" applied to "object-17" - SUCCESS
[2026-08-11 18:55:28] [LAW] Law "law-9" applied to "object-17" - SUCCESS
[2026-08-11 18:55:28] [LAW] Law "law-10" applied to "object-17" - SUCCESS
[2026-08-11 18:55:28] [LAW] Law "law-9" applied to "object-17" - SUCCESS
[2026-08-11 18:55:28] [LAW] Law "law-10" applied to "object-17" - SUCCESS
[2026-08-11 18:55:28] [LAW] Law "law-9" applied to "object-17" - SUCCESS
[2026-08-11 18:55:28] [LAW] Law "law-10" applied to "object-17" - SUCCESS
[2026-08-11 18:55:28] [LAW] Law "law-9" applied to "object-17" - SUCCESS
[2026-08-11 18:55:28] [LAW] Law "law-10" applied to "object-17" - SUCCESS
[2026-08-11 18:55:28] [LAW] Law "law-9" applied to "object-17" - SUCCESS
[2026-08-11 18:55:28] [LAW] Law "law-10" applied to "object-17" - SUCCESS
[2026-08-11 18:55:28] [LAW] Law "law-9" applied to "object-17" - SUCCESS
[2026-08-11 18:55:28] [LAW] Law "law-10" applied to "object-17" - SUCCESS
[2026-08-11 18:55:28] [LAW] Law "law-9" applied to "object-17" - SUCCESS
[2026-08-11 18:55:28] [LAW] Law "law-10" applied to "object-17" - SUCCESS
[2026-08-11 18:55:28] [LAW] Law "law-9" applied to "object-17" - SUCCESS
[2026-08-11 18:55:28] [LAW] Law "law-10" applied to "object-17" - SUCCESS
[2026-08-11 18:55:28] [LAW] Law "law-9" applied to "object-17" - SUCCESS
[2026-08-11 18:55:28] [LAW] Law "law-10" applied to "object-17" - SUCCESS
[2026-08-11 18:55:28] [LAW] Law "law-9" applied to "object-17" - SUCCESS
[2026-08-11 18:55:28] [LAW] Law "law-10" applied to "object-17" - SUCCESS
[2026-08-11 18:55:28] [LAW] Law "law-9" applied to "object-17" - SUCCESS
[2026-08-11 18:55:28] [LAW] Law "law-10" applied to "object-17" - SUCCESS
[2026-08-11 18:55:28] [LAW] Law "law-9" applied to "object-17" - SUCCESS
[2026-08-11 18:55:28] [LAW] Law "law-10" applied to "object-17" - SUCCESS
[2026-08-11 18:55:28] [LAW] Law "law-9" applied to "object-17" - SUCCESS
[2026-08-11 18:55:28] [LAW] Law "law-10" applied to "object-17" - SUCCESS
[2026-08-11 18:55:28] [LAW] Law "law-9" applied to "object-17" - SUCCESS
[2026-08-11 18:55:28] [LAW] Law "law-10" applied to "object-17" - SUCCESS
[2026-08-11 18:55:28] [LAW] Law "law-9" applied to "object-17" - SUCCESS
[2026-08-11 18:55:28] [LAW] Law "law-10" applied to "object-17" - SUCCESS
[2026-08-11 18:55:28] [LAW] Law "law-9" applied to "object-17" - SUCCESS
[2026-08-11 18:55:28] [LAW] Law "law-10" applied to "object-17" - SUCCESS
[2026-08-11 18:55:28] [LAW] Law "law-9" applied to "object-17" - SUCCESS
[2026-08-11 18:55:28] [LAW] Law "law-10" applied to "object-17" - SUCCESS
[2026-08-11 18:55:28] [LAW] Law "law-9" applied to "object-17" - SUCCESS
[2026-08-11 18:55:28] [LAW] Law "law-10" applied to "object-17" - SUCCESS
[2026-08-11 18:55:28] [LAW] Law "law-9" applied to "object-17" - SUCCESS
[2026-08-11 18:55:28] [LAW] Law "law-10" applied to "object-17" - SUCCESS
[2026-08-11 18:55:28] [LAW] Law "law-9" applied to "object-17" - SUCCESS
[2026-08-11 18:55:28] [LAW] Law "law-10" applied to "object-17" - SUCCESS
[2026-08-11 18:55:28] [LAW] Law "law-9" applied to "object-17" - SUCCESS
[2026-08-11 18:55:28] [LAW] Law "law-10" applied to "object-17" - SUCCESS
[2026-08-11 18:55:28] [LAW] Law "law-9" applied to "object-17" - SUCCESS
[2026-08-11 18:55:28] [LAW] Law "law-10" applied to "object-17" - SUCCESS
[2026-08-11 18:55:28] [LAW] Law "law-9" applied to "object-17" - SUCCESS
[2026-08-11 18:55:28] [LAW] Law "law-10" applied to "object-17" - SUCCESS
[2026-08-11 18:55:28] [LAW] Law "law-9" applied to "object-17" - SUCCESS
[2026-08-11 18:55:28] [LAW] Law "law-10" applied to "object-17" - SUCCESS
[2026-08-11 18:55:28] [LAW] Law "law-9" applied to "object-17" - SUCCESS
[2026-08-11 18:55:28] [LAW] Law "law-10" applied to "object-17" - SUCCESS
[2026-08-11 18:55:28] [LAW] Law "law-9" applied to "object-17" - SUCCESS
[2026-08-11 18:55:28] [LAW] Law "law-10" applied to "object-17" - SUCCESS
[2026-08-11 18:55:28] [LAW] Law "law-9" applied to "object-17" - SUCCESS
[2026-08-11 18:55:28] [LAW] Law "law-10" applied to "object-17" - SUCCESS
[2026-08-11 18:55:28] [LAW] Law "law-9" applied to "object-17" - SUCCESS
[2026-08-11 18:55:28] [LAW] Law "law-10" applied to "object-17" - SUCCESS
[2026-08-11 18:55:28] [LAW] Law "law-9" applied to "object-17" - SUCCESS
[2026-08-11 18:55:28] [LAW] Law "law-10" applied to "object-17" - SUCCESS
[2026-08-11 18:55:28] [LAW] Law "law-9" applied to "object-17" - SUCCESS
[2026-08-11 18:55:28] [LAW] Law "law-10" applied to "object-17" - SUCCESS
[2026-08-11 18:55:28] [LAW] Law "law-9" applied to "object-17" - SUCCESS
[2026-08-11 18:55:28] [LAW] Law "law-10" applied to "object-17" - SUCCESS
[2026-08-11 18:55:28] [LAW] Law "law-9" applied to "object-17" - SUCCESS
[2026-08-11 18:55:28] [LAW] Law "law-10" applied to "object-17" - SUCCESS
[2026-08-11 18:55:28] [LAW] Law "law-9" applied to "object-17" - SUCCESS
[2026-08-11 18:55:28] [LAW] Law "law-10" applied to "object-17" - SUCCESS
[2026-08-11 18:55:28] [LAW] Law "law-9" applied to "object-17" - SUCCESS
[2026-08-11 18:55:28] [LAW] Law "law-10" applied to "object-17" - SUCCESS
[2026-08-11 18:55:28] [LAW] Law "law-9" applied to "object-17" - SUCCESS
[2026-08-11 18:55:28] [LAW] Law "law-10" applied to "object-17" - SUCCESS
[2026-08-11 18:55:28] [LAW] Law "law-9" applied to "object-17" - SUCCESS
[2026-08-11 18:55:28] [LAW] Law "law-10" applied to "object-17" - SUCCESS
[2026-08-11 18:55:28] [LAW] Law "law-9" applied to "object-17" - SUCCESS
[2026-08-11 18:55:28] [LAW] Law "law-10" applied to "object-17" - SUCCESS
[2026-08-11 18:55:28] [LAW] Law "law-9" applied to "object-17" - SUCCESS
[2026-08-11 18:55:28] [LAW] Law "law-10" applied to "object-17" - SUCCESS
[2026-08-11 18:55:28] [LAW] Law "law-9" applied to "object-17" - SUCCESS
[2026-08-11 18:55:28] [LAW] Law "law-10" applied to "object-17" - SUCCESS
[2026-08-11 18:55:28] [LAW] Law "law-9" applied to "object-17" - SUCCESS
[2026-08-11 18:55:28] [LAW] Law "law-10" applied to "object-17" - SUCCESS
[2026-08-11 18:55:28] [LAW] Law "law-9" applied to "object-17" - SUCCESS
[2026-08-11 18:55:28] [LAW] Law "law-10" applied to "object-17" - SUCCESS
[2026-08-11 18:55:28] [LAW] Law "law-9" applied to "object-17" - SUCCESS
[2026-08-11 18:55:28] [LAW] Law "law-10" applied to "object-17" - SUCCESS
[2026-08-11 18:55:28] [LAW] Law "law-9" applied to "object-17" - SUCCESS
[2026-08-11 18:55:28] [LAW] Law "law-10" applied to "object-17" - SUCCESS
[2026-08-11 18:55:28] [LAW] Law "law-9" applied to "object-17" - SUCCESS
[2026-08-11 18:55:28] [LAW] Law "law-10" applied to "object-17" - SUCCESS
[2026-08-11 18:55:28] [LAW] Law "law-9" applied to "object-17" - SUCCESS
[2026-08-11 18:55:28] [LAW] Law "law-10" applied to "object-17" - SUCCESS
[2026-08-11 18:55:28] [LAW] Law "law-9" applied to "object-17" - SUCCESS
[2026-08-11 18:55:28] [LAW] Law "law-10" applied to "object-17" - SUCCESS
[2026-08-11 18:55:28] [LAW] Law "law-9" applied to "object-17" - SUCCESS
[2026-08-11 18:55:28] [LAW] Law "law-10" applied to "object-17" - SUCCESS
[2026-08-11 18:55:28] [LAW] Law "law-9" applied to "object-17" - SUCCESS
[2026-08-11 18:55:28] [LAW] Law "law-10" applied to "object-17" - SUCCESS
[2026-08-11 18:55:28] [LAW] Law "law-9" applied to "object-17" - SUCCESS
[2026-08-11 18:55:28] [LAW] Law "law-10" applied to "object-17" - SUCCESS
[2026-08-11 18:55:28] [LAW] Law "law-9" applied to "object-17" - SUCCESS
[2026-08-11 18:55:28] [LAW] Law "law-10" applied to "object-17" - SUCCESS
[2026-08-11 18:55:28] [LAW] Law "law-9" applied to "object-17" - SUCCESS
[2026-08-11 18:55:28] [LAW] Law "law-10" applied to "object-17" - SUCCESS
[2026-08-11 18:55:28] [LAW] Law "law-9" applied to "object-17" - SUCCESS
[2026-08-11 18:55:28] [LAW] Law "law-10" applied to "object-17" - SUCCESS
[2026-08-11 18:55:28] [LAW] Law "law-9" applied to "object-17" - SUCCESS
[2026-08-11 18:55:28] [LAW] Law "law-10" applied to "object-17" - SUCCESS
[2026-08-11 18:55:28] [LAW] Law "law-9" applied to "object-17" - SUCCESS
[2026-08-11 18:55:28] [LAW] Law "law-10" applied to "object-17" - SUCCESS
[2026-08-11 18:55:28] [LAW] Law "law-9" applied to "object-17" - SUCCESS
[2026-08-11 18:55:28] [LAW] Law "law-10" applied to "object-17" - SUCCESS
[2026-08-11 18:55:28] [LAW] Law "law-9" applied to "object-17" - SUCCESS
[2026-08-11 18:55:28] [LAW] Law "law-10" applied to "object-17" - SUCCESS
[2026-08-11 18:55:28] [LAW] Law "law-9" applied to "object-17" - SUCCESS
[2026-08-11 18:55:28] [LAW] Law "law-10" applied to "object-17" - SUCCESS
[2026-08-11 18:55:28] [LAW] Law "law-9" applied to "object-17" - SUCCESS
[2026-08-11 18:55:28] [LAW] Law "law-10" applied to "object-17" - SUCCESS
[2026-08-11 18:55:28] [LAW] Law "law-9" applied to "object-17" - SUCCESS
[2026-08-11 18:55:28] [LAW] Law "law-10" applied to "object-17" - SUCCESS
[2026-08-11 18:55:28] [LAW] Law "law-9" applied to "object-17" - SUCCESS
[2026-08-11 18:55:28] [LAW] Law "law-10" applied to "object-17" - SUCCESS
[2026-08-11 18:55:28] [LAW] Law "law-9" applied to "object-17" - SUCCESS
[2026-08-11 18:55:28] [LAW] Law "law-10" applied to "object-17" - SUCCESS
[2026-08-11 18:55:28] [LAW] Law "law-9" applied to "object-17" - SUCCESS
[2026-08-11 18:55:28] [LAW] Law "law-10" applied to "object-17" - SUCCESS
[2026-08-11 18:55:28] [LAW] Law "law-9" applied to "object-17" - SUCCESS
[2026-08-11 18:55:28] [LAW] Law "law-10" applied to "object-17" - SUCCESS
[2026-08-11 18:55:28] [LAW] Law "law-9" applied to "object-17" - SUCCESS
[2026-08-11 18:55:28] [LAW] Law "law-10" applied to "object-17" - SUCCESS
[2026-08-11 18:55:28] [LAW] Law "law-9" applied to "object-17" - SUCCESS
[2026-08-11 18:55:28] [LAW] Law "law-10" applied to "object-17" - SUCCESS
[2026-08-11 18:55:28] [LAW] Law "law-9" applied to "object-17" - SUCCESS
[2026-08-11 18:55:28] [LAW] Law "law-10" applied to "object-17" - SUCCESS
[2026-08-11 18:55:28] [LAW] Law "law-9" applied to "object-17" - SUCCESS
[2026-08-11 18:55:28] [LAW] Law "law-10" applied to "object-17" - SUCCESS
[2026-08-11 18:55:28] [LAW] Law "law-9" applied to "object-17" - SUCCESS
[2026-08-11 18:55:28] [LAW] Law "law-10" applied to "object-17" - SUCCESS
[2026-08-11 18:55:28] [LAW] Law "law-9" applied to "object-17" - SUCCESS
[2026-08-11 18:55:28] [LAW] Law "law-10" applied to "object-17" - SUCCESS
[2026-08-11 18:55:28] [LAW] Law "law-9" applied to "object-17" - SUCCESS
[2026-08-11 18:55:28] [LAW] Law "law-10" applied to "object-17" - SUCCESS
[2026-08-11 18:55:28] [LAW] Law "law-9" applied to "object-17" - SUCCESS
[2026-08-11 18:55:28] [LAW] Law "law-10" applied to "object-17" - SUCCESS
[2026-08-11 18:55:28] [LAW] Law "law-9" applied to "object-17" - SUCCESS
[2026-08-11 18:55:28] [LAW] Law "law-10" applied to "object-17" - SUCCESS
[2026-08-11 18:55:28] [LAW] Law "law-9" applied to "object-17" - SUCCESS
[2026-08-11 18:55:28] [LAW] Law "law-10" applied to "object-17" - SUCCESS
[2026-08-11 18:55:28] [LAW] Law "law-9" applied to "object-17" - SUCCESS
[2026-08-11 18:55:28] [LAW] Law "law-10" applied to "object-17" - SUCCESS
[2026-08-11 18:55:28] [LAW] Law "law-9" applied to "object-17" - SUCCESS
[2026-08-11 18:55:28] [LAW] Law "law-10" applied to "object-17" - SUCCESS
[2026-08-11 18:55:28] [LAW] Law "law-9" applied to "object-17" - SUCCESS
[2026-08-11 18:55:28] [LAW] Law "law-10" applied to "object-17" - SUCCESS
[2026-08-11 18:55:28] [LAW] Law "law-9" applied to "object-17" - SUCCESS
[2026-08-11 18:55:28] [LAW] Law "law-10" applied to "object-17" - SUCCESS
[2026-08-11 18:55:28] [LAW] Law "law-9" applied to "object-17" - SUCCESS
[2026-08-11 18:55:28] [LAW] Law "law-10" applied to "object-17" - SUCCESS
[2026-08-11 18:55:28] [LAW] Law "law-9" applied to "object-17" - SUCCESS
[2026-08-11 18:55:28] [LAW] Law "law-10" applied to "object-17" - SUCCESS
[2026-08-11 18:55:28] [LAW] Law "law-9" applied to "object-17" - SUCCESS
[2026-08-11 18:55:28] [LAW] Law "law-10" applied to "object-17" - SUCCESS
[2026-08-11 18:55:28] [LAW] Law "law-9" applied to "object-17" - SUCCESS
[2026-08-11 18:55:28] [LAW] Law "law-10" applied to "object-17" - SUCCESS
[2026-08-11 18:55:28] [LAW] Law "law-9" applied to "object-17" - SUCCESS
[2026-08-11 18:55:28] [LAW] Law "law-10" applied to "object-17" - SUCCESS
[2026-08-11 18:55:28] [LAW] Law "law-9" applied to "object-17" - SUCCESS
[2026-08-11 18:55:28] [LAW] Law "law-10" applied to "object-17" - SUCCESS
[2026-08-11 18:55:28] [LAW] Law "law-9" applied to "object-17" - SUCCESS
[2026-08-11 18:55:28] [LAW] Law "law-10" applied to "object-17" - SUCCESS
[2026-08-11 18:55:28] [LAW] Law "law-9" applied to "object-17" - SUCCESS
[2026-08-11 18:55:28] [LAW] Law "law-10" applied to "object-17" - SUCCESS
[2026-08-11 18:55:28] [LAW] Law "law-9" applied to "object-17" - SUCCESS
[2026-08-11 18:55:28] [LAW] Law "law-10" applied to "object-17" - SUCCESS
[2026-08-11 18:55:28] [LAW] Law "law-9" applied to "object-17" - SUCCESS
[2026-08-11 18:55:28] [LAW] Law "law-10" applied to "object-17" - SUCCESS
[2026-08-11 18:55:28] [LAW] Law "law-9" applied to "object-17" - SUCCESS
[2026-08-11 18:55:28] [LAW] Law "law-10" applied to "object-17" - SUCCESS
[2026-08-11 18:55:28] [LAW] Law "law-9" applied to "object-17" - SUCCESS
[2026-08-11 18:55:28] [LAW] Law "law-10" applied to "object-17" - SUCCESS
[2026-08-11 18:55:28] [LAW] Law "law-9" applied to "object-17" - SUCCESS
[2026-08-11 18:55:28] [LAW] Law "law-10" applied to "object-17" - SUCCESS
[2026-08-11 18:55:28] [LAW] Law "law-9" applied to "object-17" - SUCCESS
[2026-08-11 18:55:28] [LAW] Law "law-10" applied to "object-17" - SUCCESS
[2026-08-11 18:55:28] [LAW] Law "law-9" applied to "object-17" - SUCCESS
[2026-08-11 18:55:28] [LAW] Law "law-10" applied to "object-17" - SUCCESS
[2026-08-11 18:55:28] [LAW] Law "law-9" applied to "object-17" - SUCCESS
[2026-08-11 18:55:28] [LAW] Law "law-10" applied to "object-17" - SUCCESS
[2026-08-11 18:55:28] [LAW] Law "law-9" applied to "object-17" - SUCCESS
[2026-08-11 18:55:28] [LAW] Law "law-10" applied to "object-17" - SUCCESS
[2026-08-11 18:55:28] [LAW] Law "law-9" applied to "object-17" - SUCCESS
[2026-08-11 18:55:28] [LAW] Law "law-10" applied to "object-17" - SUCCESS
[2026-08-11 18:55:28] [LAW] Law "law-9" applied to "object-17" - SUCCESS
[2026-08-11 18:55:28] [LAW] Law "law-10" applied to "object-17" - SUCCESS
[2026-08-11 18:55:28] [LAW] Law "law-9" applied to "object-17" - SUCCESS
[2026-08-11 18:55:28] [LAW] Law "law-10" applied to "object-17" - SUCCESS
[2026-08-11 18:55:28] [LAW] Law "law-9" applied to "object-17" - SUCCESS
[2026-08-11 18:55:28] [LAW] Law "law-10" applied to "object-17" - SUCCESS
[2026-08-11 18:55:28] [LAW] Law "law-9" applied to "object-17" - SUCCESS
[2026-08-11 18:55:28] [LAW] Law "law-10" applied to "object-17" - SUCCESS
[2026-08-11 18:55:28] [LAW] Law "law-9" applied to "object-17" - SUCCESS
[2026-08-11 18:55:28] [LAW] Law "law-10" applied to "object-17" - SUCCESS
[2026-08-11 18:55:28] [LAW] Law "law-9" applied to "object-17" - SUCCESS
[2026-08-11 18:55:28] [LAW] Law "law-10" applied to "object-17" - SUCCESS
[2026-08-11 18:55:28] [LAW] Law "law-9" applied to "object-17" - SUCCESS
[2026-08-11 18:55:28] [LAW] Law "law-10" applied to "object-17" - SUCCESS
[2026-08-11 18:55:28] [LAW] Law "law-9" applied to "object-17" - SUCCESS
[2026-08-11 18:55:28] [LAW] Law "law-10" applied to "object-17" - SUCCESS
[2026-08-11 18:55:28] [LAW] Law "law-9" applied to "object-17" - SUCCESS
[2026-08-11 18:55:28] [LAW] Law "law-10" applied to "object-17" - SUCCESS
[2026-08-11 18:55:28] [LAW] Law "law-9" applied to "object-17" - SUCCESS
[2026-08-11 18:55:28] [LAW] Law "law-10" applied to "object-17" - SUCCESS
[2026-08-11 18:55:28] [LAW] Law "law-9" applied to "object-17" - SUCCESS
[2026-08-11 18:55:28] [LAW] Law "law-10" applied to "object-17" - SUCCESS
[2026-08-11 18:55:28] [LAW] Law "law-9" applied to "object-17" - SUCCESS
[2026-08-11 18:55:28] [LAW] Law "law-10" applied to "object-17" - SUCCESS
[2026-08-11 18:55:28] [LAW] Law "law-9" applied to "object-17" - SUCCESS
[2026-08-11 18:55:28] [LAW] Law "law-10" applied to "object-17" - SUCCESS
[2026-08-11 18:55:29] [LAW] Law "law-2" applied to "object-3" - SUCCESS
[2026-08-11 18:55:29] [LAW] Law "law-3" applied to "object-3" - SUCCESS
[2026-08-11 18:55:29] [LAW] Law "law-1" applied to "object-4" - SUCCESS
[2026-08-11 18:55:29] [LAW] Law "law-1" applied to "World" - NO EFFECT (Destroy: only Objects can be unmade today)
[2026-08-11 18:55:29] [LAW] Law "law-2" applied to "object-6" - NO EFFECT (Set: No Such Property)
[2026-08-11 18:55:29] [LAW] Law "law-3" applied to "object-6" - SUCCESS
[2026-08-11 18:55:29] [LAW] Law "law-4" applied to "object-10" - NO EFFECT (Set: No Such Property)
[2026-08-11 18:55:29] [LAW] Law "law-11" applied to "object-22" - SUCCESS
[2026-08-11 18:55:29] [LAW] Law "law-12" applied to "object-26" - SUCCESS
[2026-08-11 18:55:29] [LAW] Law "law-12" applied to "object-26" - SUCCESS
[2026-08-11 18:55:29] [LAW] Law "law-12" applied to "object-26" - SUCCESS
[2026-08-11 18:55:29] [LAW] Law "law-12" applied to "object-26" - SUCCESS
[2026-08-11 18:55:29] [LAW] Law "law-13" applied to "object-26" - NO EFFECT (Flow: cannot read objectType)
[2026-08-11 18:55:30] [EVENT] Event "boom" triggered (Subject: object-5, Object: null)
[2026-08-11 18:55:30] [LAW] Law "law-1" applied to "object-3" - SUCCESS
[2026-08-11 18:55:30] [LAW] Law "law-1" applied to "object-5" - SUCCESS
[2026-08-11 18:55:30] [LAW] Law "law-1" applied to "object-6" - SUCCESS
[2026-08-11 18:55:30] [EVENT] Event "relation-formed" triggered (Subject: concept-1-abstracted-from-object-5, Object: null)
[2026-08-11 18:55:30] [EVENT] Event "relation-formed" triggered (Subject: concept-1-authored-by-object-3, Object: null)
[2026-08-11 18:55:30] [EVENT] Event "concept-registered" triggered (Subject: concept-1, Object: null)
[2026-08-11 18:55:30] [EVENT] Event "concept-registered" triggered (Subject: concept-1, Object: null)
[2026-08-11 18:55:30] [EVENT] Event "relation-formed" triggered (Subject: law-5-authored-by-object-3, Object: null)
[2026-08-11 18:55:30] [EVENT] Event "law-registered" triggered (Subject: law-5, Object: null)
[2026-08-11 18:55:30] [EVENT] Event "relation-formed" triggered (Subject: law-6-authored-by-object-3, Object: null)
[2026-08-11 18:55:30] [EVENT] Event "law-registered" triggered (Subject: law-6, Object: null)
[2026-08-11 18:55:30] [EVENT] Event "relation-formed" triggered (Subject: law-7-authored-by-object-3, Object: null)
[2026-08-11 18:55:30] [EVENT] Event "law-registered" triggered (Subject: law-7, Object: null)
[2026-08-11 18:55:30] [EVENT] Event "law-registered" triggered (Subject: law-5, Object: null)
[2026-08-11 18:55:30] [EVENT] Event "law-registered" triggered (Subject: law-6, Object: null)
[2026-08-11 18:55:30] [EVENT] Event "law-registered" triggered (Subject: law-7, Object: null)
[2026-08-11 18:55:30] [LAW] Law "law-5" applied to "object-5" - SUCCESS
[2026-08-11 18:55:30] [LAW] Law "law-5" applied to "object-5" - SUCCESS
[2026-08-11 18:55:30] [LAW] Law "law-5" applied to "object-5" - SUCCESS
[2026-08-11 18:55:30] [LAW] Law "law-5" applied to "object-5" - SUCCESS
[2026-08-11 18:55:30] [LAW] Law "law-5" applied to "object-5" - SUCCESS
[2026-08-11 18:55:30] [LAW] Law "law-5" applied to "object-5" - SUCCESS
[2026-08-11 18:55:30] [LAW] Law "law-5" applied to "object-5" - SUCCESS
[2026-08-11 18:55:30] [LAW] Law "law-5" applied to "object-5" - SUCCESS
[2026-08-11 18:55:30] [LAW] Law "law-5" applied to "object-5" - SUCCESS
[2026-08-11 18:55:30] [LAW] Law "law-5" applied to "object-5" - SUCCESS
[2026-08-11 18:55:30] [LAW] Law "law-5" applied to "object-5" - SUCCESS
[2026-08-11 18:55:30] [LAW] Law "law-5" applied to "object-5" - SUCCESS
[2026-08-11 18:55:30] [LAW] Law "law-5" applied to "object-5" - SUCCESS
[2026-08-11 18:55:30] [LAW] Law "law-5" applied to "object-5" - SUCCESS
[2026-08-11 18:55:30] [LAW] Law "law-5" applied to "object-5" - SUCCESS
[2026-08-11 18:55:30] [LAW] Law "law-5" applied to "object-5" - SUCCESS
[2026-08-11 18:55:30] [LAW] Law "law-5" applied to "object-5" - SUCCESS
[2026-08-11 18:55:30] [LAW] Law "law-5" applied to "object-5" - SUCCESS
[2026-08-11 18:55:30] [LAW] Law "law-5" applied to "object-5" - SUCCESS
[2026-08-11 18:55:30] [LAW] Law "law-5" applied to "object-5" - SUCCESS
[2026-08-11 18:55:30] [LAW] Law "law-5" applied to "object-5" - SUCCESS
[2026-08-11 18:55:30] [LAW] Law "law-5" applied to "object-5" - SUCCESS
[2026-08-11 18:55:30] [LAW] Law "law-5" applied to "object-5" - SUCCESS
[2026-08-11 18:55:30] [LAW] Law "law-5" applied to "object-5" - SUCCESS
[2026-08-11 18:55:30] [LAW] Law "law-5" applied to "object-5" - SUCCESS
[2026-08-11 18:55:30] [LAW] Law "law-5" applied to "object-5" - SUCCESS
[2026-08-11 18:55:30] [LAW] Law "law-5" applied to "object-5" - SUCCESS
[2026-08-11 18:55:30] [LAW] Law "law-5" applied to "object-5" - SUCCESS
[2026-08-11 18:55:30] [LAW] Law "law-5" applied to "object-5" - SUCCESS
[2026-08-11 18:55:30] [LAW] Law "law-5" applied to "object-5" - SUCCESS
[2026-08-11 18:55:30] [LAW] Law "law-5" applied to "object-5" - SUCCESS
[2026-08-11 18:55:30] [LAW] Law "law-5" applied to "object-5" - SUCCESS
[2026-08-11 18:55:30] [LAW] Law "law-5" applied to "object-5" - SUCCESS
[2026-08-11 18:55:30] [LAW] Law "law-5" applied to "object-5" - SUCCESS
[2026-08-11 18:55:30] [LAW] Law "law-5" applied to "object-5" - SUCCESS
[2026-08-11 18:55:30] [LAW] Law "law-5" applied to "object-5" - SUCCESS
[2026-08-11 18:55:30] [LAW] Law "law-5" applied to "object-5" - SUCCESS
[2026-08-11 18:55:30] [LAW] Law "law-5" applied to "object-5" - SUCCESS
[2026-08-11 18:55:30] [LAW] Law "law-5" applied to "object-5" - SUCCESS
[2026-08-11 18:55:30] [LAW] Law "law-5" applied to "object-5" - SUCCESS
[2026-08-11 18:55:30] [LAW] Law "law-5" applied to "object-5" - SUCCESS
[2026-08-11 18:55:30] [LAW] Law "law-5" applied to "object-5" - SUCCESS
[2026-08-11 18:55:30] [LAW] Law "law-5" applied to "object-5" - SUCCESS
[2026-08-11 18:55:30] [LAW] Law "law-5" applied to "object-5" - SUCCESS
[2026-08-11 18:55:30] [LAW] Law "law-5" applied to "object-5" - SUCCESS
[2026-08-11 18:55:30] [LAW] Law "law-5" applied to "object-5" - SUCCESS
[2026-08-11 18:55:30] [LAW] Law "law-5" applied to "object-5" - SUCCESS
[2026-08-11 18:55:30] [LAW] Law "law-5" applied to "object-5" - SUCCESS
[2026-08-11 18:55:30] [LAW] Law "law-5" applied to "object-5" - SUCCESS
[2026-08-11 18:55:30] [LAW] Law "law-5" applied to "object-5" - SUCCESS
[2026-08-11 18:55:30] [LAW] Law "law-5" applied to "object-5" - SUCCESS
[2026-08-11 18:55:30] [LAW] Law "law-5" applied to "object-5" - SUCCESS
[2026-08-11 18:55:30] [LAW] Law "law-5" applied to "object-5" - SUCCESS
[2026-08-11 18:55:30] [LAW] Law "law-5" applied to "object-5" - SUCCESS
[2026-08-11 18:55:30] [LAW] Law "law-5" applied to "object-5" - SUCCESS
[2026-08-11 18:55:30] [LAW] Law "law-5" applied to "object-5" - SUCCESS
[2026-08-11 18:55:30] [LAW] Law "law-5" applied to "object-5" - SUCCESS
[2026-08-11 18:55:30] [LAW] Law "law-5" applied to "object-5" - SUCCESS
[2026-08-11 18:55:30] [LAW] Law "law-5" applied to "object-5" - SUCCESS
[2026-08-11 18:55:30] [LAW] Law "law-5" applied to "object-5" - SUCCESS
[2026-08-11 18:55:30] [LAW] Law "law-5" applied to "object-5" - SUCCESS
[2026-08-11 18:55:30] [LAW] Law "law-5" applied to "object-5" - SUCCESS
[2026-08-11 18:55:30] [LAW] Law "law-5" applied to "object-5" - SUCCESS
[2026-08-11 18:55:30] [LAW] Law "law-5" applied to "object-5" - SUCCESS
[2026-08-11 18:55:30] [LAW] Law "law-5" applied to "object-5" - SUCCESS
[2026-08-11 18:55:30] [LAW] Law "law-5" applied to "object-5" - SUCCESS
[2026-08-11 18:55:30] [LAW] Law "law-5" applied to "object-5" - SUCCESS
[2026-08-11 18:55:30] [LAW] Law "law-5" applied to "object-5" - SUCCESS
[2026-08-11 18:55:30] [LAW] Law "law-5" applied to "object-5" - SUCCESS
[2026-08-11 18:55:30] [LAW] Law "law-5" applied to "object-5" - SUCCESS
[2026-08-11 18:55:30] [LAW] Law "law-5" applied to "object-5" - SUCCESS
[2026-08-11 18:55:30] [LAW] Law "law-5" applied to "object-5" - SUCCESS
[2026-08-11 18:55:30] [LAW] Law "law-5" applied to "object-5" - SUCCESS
[2026-08-11 18:55:30] [LAW] Law "law-5" applied to "object-5" - SUCCESS
[2026-08-11 18:55:30] [LAW] Law "law-5" applied to "object-5" - SUCCESS
[2026-08-11 18:55:30] [LAW] Law "law-5" applied to "object-5" - SUCCESS
[2026-08-11 18:55:30] [LAW] Law "law-5" applied to "object-5" - SUCCESS
[2026-08-11 18:55:30] [LAW] Law "law-5" applied to "object-5" - SUCCESS
[2026-08-11 18:55:30] [LAW] Law "law-5" applied to "object-5" - SUCCESS
[2026-08-11 18:55:30] [LAW] Law "law-5" applied to "object-5" - SUCCESS
[2026-08-11 18:55:30] [LAW] Law "law-5" applied to "object-5" - SUCCESS
[2026-08-11 18:55:30] [LAW] Law "law-5" applied to "object-5" - SUCCESS
[2026-08-11 18:55:30] [LAW] Law "law-5" applied to "object-5" - SUCCESS
[2026-08-11 18:55:30] [LAW] Law "law-5" applied to "object-5" - SUCCESS
[2026-08-11 18:55:30] [LAW] Law "law-5" applied to "object-5" - SUCCESS
[2026-08-11 18:55:30] [LAW] Law "law-5" applied to "object-5" - SUCCESS
[2026-08-11 18:55:30] [LAW] Law "law-5" applied to "object-5" - SUCCESS
[2026-08-11 18:55:30] [LAW] Law "law-5" applied to "object-5" - SUCCESS
[2026-08-11 18:55:30] [LAW] Law "law-5" applied to "object-5" - SUCCESS
[2026-08-11 18:55:30] [LAW] Law "law-5" applied to "object-5" - SUCCESS
[2026-08-11 18:55:30] [LAW] Law "law-5" applied to "object-5" - SUCCESS
[2026-08-11 18:55:30] [LAW] Law "law-5" applied to "object-5" - SUCCESS
[2026-08-11 18:55:30] [LAW] Law "law-5" applied to "object-5" - SUCCESS
[2026-08-11 18:55:30] [LAW] Law "law-5" applied to "object-5" - SUCCESS
[2026-08-11 18:55:30] [LAW] Law "law-5" applied to "object-5" - SUCCESS
[2026-08-11 18:55:30] [LAW] Law "law-5" applied to "object-5" - SUCCESS
[2026-08-11 18:55:30] [LAW] Law "law-5" applied to "object-5" - SUCCESS
[2026-08-11 18:55:30] [LAW] Law "law-5" applied to "object-5" - SUCCESS
[2026-08-11 18:55:30] [LAW] Law "law-5" applied to "object-5" - SUCCESS
[2026-08-11 18:55:30] [LAW] Law "law-5" applied to "object-5" - SUCCESS
[2026-08-11 18:55:30] [LAW] Law "law-5" applied to "object-5" - SUCCESS
[2026-08-11 18:55:30] [LAW] Law "law-5" applied to "object-5" - SUCCESS
[2026-08-11 18:55:30] [LAW] Law "law-5" applied to "object-5" - SUCCESS
[2026-08-11 18:55:30] [LAW] Law "law-5" applied to "object-5" - SUCCESS
[2026-08-11 18:55:30] [LAW] Law "law-5" applied to "object-5" - SUCCESS
[2026-08-11 18:55:30] [LAW] Law "law-5" applied to "object-5" - SUCCESS
[2026-08-11 18:55:30] [LAW] Law "law-5" applied to "object-5" - SUCCESS
[2026-08-11 18:55:30] [LAW] Law "law-5" applied to "object-5" - SUCCESS
[2026-08-11 18:55:30] [LAW] Law "law-5" applied to "object-5" - SUCCESS
[2026-08-11 18:55:30] [LAW] Law "law-5" applied to "object-5" - SUCCESS
[2026-08-11 18:55:30] [LAW] Law "law-5" applied to "object-5" - SUCCESS
[2026-08-11 18:55:30] [LAW] Law "law-5" applied to "object-5" - SUCCESS
[2026-08-11 18:55:30] [LAW] Law "law-5" applied to "object-5" - SUCCESS
[2026-08-11 18:55:30] [LAW] Law "law-5" applied to "object-5" - SUCCESS
[2026-08-11 18:55:30] [LAW] Law "law-5" applied to "object-5" - SUCCESS
[2026-08-11 18:55:30] [LAW] Law "law-5" applied to "object-5" - SUCCESS
[2026-08-11 18:55:30] [LAW] Law "law-5" applied to "object-5" - SUCCESS
[2026-08-11 18:55:30] [LAW] Law "law-5" applied to "object-5" - SUCCESS
[2026-08-11 18:55:30] [LAW] Law "law-5" applied to "object-5" - SUCCESS
[2026-08-11 18:55:30] [LAW] Law "law-5" applied to "object-5" - SUCCESS
[2026-08-11 18:55:30] [LAW] Law "law-5" applied to "object-5" - SUCCESS
[2026-08-11 18:55:30] [LAW] Law "law-5" applied to "object-5" - SUCCESS
[2026-08-11 18:55:30] [LAW] Law "law-5" applied to "object-5" - SUCCESS
[2026-08-11 18:55:30] [LAW] Law "law-5" applied to "object-5" - SUCCESS
[2026-08-11 18:55:30] [LAW] Law "law-5" applied to "object-5" - SUCCESS
[2026-08-11 18:55:30] [LAW] Law "law-5" applied to "object-5" - SUCCESS
[2026-08-11 18:55:30] [LAW] Law "law-5" applied to "object-5" - SUCCESS
[2026-08-11 18:55:30] [LAW] Law "law-5" applied to "object-5" - SUCCESS
[2026-08-11 18:55:30] [LAW] Law "law-5" applied to "object-5" - SUCCESS
[2026-08-11 18:55:30] [LAW] Law "law-5" applied to "object-5" - SUCCESS
[2026-08-11 18:55:30] [LAW] Law "law-5" applied to "object-5" - SUCCESS
[2026-08-11 18:55:30] [LAW] Law "law-5" applied to "object-5" - SUCCESS
[2026-08-11 18:55:30] [LAW] Law "law-5" applied to "object-5" - SUCCESS
[2026-08-11 18:55:30] [LAW] Law "law-5" applied to "object-5" - SUCCESS
[2026-08-11 18:55:30] [LAW] Law "law-5" applied to "object-5" - SUCCESS
[2026-08-11 18:55:30] [LAW] Law "law-5" applied to "object-5" - SUCCESS
[2026-08-11 18:55:30] [LAW] Law "law-5" applied to "object-5" - SUCCESS
[2026-08-11 18:55:30] [LAW] Law "law-5" applied to "object-5" - SUCCESS
[2026-08-11 18:55:30] [LAW] Law "law-5" applied to "object-5" - SUCCESS
[2026-08-11 18:55:30] [LAW] Law "law-5" applied to "object-5" - SUCCESS
[2026-08-11 18:55:30] [LAW] Law "law-5" applied to "object-5" - SUCCESS
[2026-08-11 18:55:30] [LAW] Law "law-5" applied to "object-5" - SUCCESS
[2026-08-11 18:55:30] [LAW] Law "law-5" applied to "object-5" - SUCCESS
[2026-08-11 18:55:30] [LAW] Law "law-5" applied to "object-5" - SUCCESS
[2026-08-11 18:55:30] [LAW] Law "law-5" applied to "object-5" - SUCCESS
[2026-08-11 18:55:30] [LAW] Law "law-5" applied to "object-5" - SUCCESS
[2026-08-11 18:55:30] [LAW] Law "law-5" applied to "object-5" - SUCCESS
[2026-08-11 18:55:30] [LAW] Law "law-5" applied to "object-5" - SUCCESS
[2026-08-11 18:55:30] [LAW] Law "law-5" applied to "object-5" - SUCCESS
[2026-08-11 18:55:30] [LAW] Law "law-5" applied to "object-5" - SUCCESS
[2026-08-11 18:55:30] [LAW] Law "law-5" applied to "object-5" - SUCCESS
[2026-08-11 18:55:30] [LAW] Law "law-5" applied to "object-5" - SUCCESS
[2026-08-11 18:55:30] [LAW] Law "law-5" applied to "object-5" - SUCCESS
[2026-08-11 18:55:30] [LAW] Law "law-5" applied to "object-5" - SUCCESS
[2026-08-11 18:55:30] [LAW] Law "law-5" applied to "object-5" - SUCCESS
[2026-08-11 18:55:30] [LAW] Law "law-5" applied to "object-5" - SUCCESS
[2026-08-11 18:55:30] [LAW] Law "law-5" applied to "object-5" - SUCCESS
[2026-08-11 18:55:30] [LAW] Law "law-5" applied to "object-5" - SUCCESS
[2026-08-11 18:55:30] [LAW] Law "law-5" applied to "object-5" - SUCCESS
[2026-08-11 18:55:30] [LAW] Law "law-5" applied to "object-5" - SUCCESS
[2026-08-11 18:55:30] [LAW] Law "law-5" applied to "object-5" - SUCCESS
[2026-08-11 18:55:30] [LAW] Law "law-5" applied to "object-5" - SUCCESS
[2026-08-11 18:55:30] [LAW] Law "law-5" applied to "object-5" - SUCCESS
[2026-08-11 18:55:30] [LAW] Law "law-5" applied to "object-5" - SUCCESS
[2026-08-11 18:55:30] [LAW] Law "law-5" applied to "object-5" - SUCCESS
[2026-08-11 18:55:30] [LAW] Law "law-5" applied to "object-5" - SUCCESS
[2026-08-11 18:55:30] [LAW] Law "law-5" applied to "object-5" - SUCCESS
[2026-08-11 18:55:30] [LAW] Law "law-5" applied to "object-5" - SUCCESS
[2026-08-11 18:55:30] [LAW] Law "law-5" applied to "object-5" - SUCCESS
[2026-08-11 18:55:30] [LAW] Law "law-5" applied to "object-5" - SUCCESS
[2026-08-11 18:55:30] [LAW] Law "law-5" applied to "object-5" - SUCCESS
[2026-08-11 18:55:30] [LAW] Law "law-5" applied to "object-5" - SUCCESS
[2026-08-11 18:55:30] [LAW] Law "law-5" applied to "object-5" - SUCCESS
[2026-08-11 18:55:30] [LAW] Law "law-5" applied to "object-5" - SUCCESS
[2026-08-11 18:55:30] [LAW] Law "law-5" applied to "object-5" - SUCCESS
[2026-08-11 18:55:30] [LAW] Law "law-5" applied to "object-5" - SUCCESS
[2026-08-11 18:55:30] [LAW] Law "law-5" applied to "object-5" - SUCCESS
[2026-08-11 18:55:30] [LAW] Law "law-5" applied to "object-5" - SUCCESS
[2026-08-11 18:55:30] [LAW] Law "law-5" applied to "object-5" - SUCCESS
[2026-08-11 18:55:30] [LAW] Law "law-5" applied to "object-5" - SUCCESS
[2026-08-11 18:55:30] [LAW] Law "law-5" applied to "object-5" - SUCCESS
[2026-08-11 18:55:30] [LAW] Law "law-5" applied to "object-5" - SUCCESS
[2026-08-11 18:55:30] [LAW] Law "law-5" applied to "object-5" - SUCCESS
[2026-08-11 18:55:30] [LAW] Law "law-5" applied to "object-5" - SUCCESS
[2026-08-11 18:55:30] [LAW] Law "law-5" applied to "object-5" - SUCCESS
[2026-08-11 18:55:30] [LAW] Law "law-5" applied to "object-5" - SUCCESS
[2026-08-11 18:55:30] [LAW] Law "law-5" applied to "object-5" - SUCCESS
[2026-08-11 18:55:30] [LAW] Law "law-5" applied to "object-5" - SUCCESS
[2026-08-11 18:55:30] [LAW] Law "law-5" applied to "object-5" - SUCCESS
[2026-08-11 18:55:30] [LAW] Law "law-5" applied to "object-5" - SUCCESS
[2026-08-11 18:55:30] [LAW] Law "law-5" applied to "object-5" - SUCCESS
[2026-08-11 18:55:30] [LAW] Law "law-5" applied to "object-5" - SUCCESS
[2026-08-11 18:55:30] [LAW] Law "law-5" applied to "object-5" - SUCCESS
[2026-08-11 18:55:30] [LAW] Law "law-5" applied to "object-5" - SUCCESS
[2026-08-11 18:55:30] [LAW] Law "law-5" applied to "object-5" - SUCCESS
[2026-08-11 18:55:30] [LAW] Law "law-5" applied to "object-5" - SUCCESS
[2026-08-11 18:55:30] [LAW] Law "law-5" applied to "object-5" - SUCCESS
[2026-08-11 18:55:30] [LAW] Law "law-5" applied to "object-5" - SUCCESS
[2026-08-11 18:55:30] [LAW] Law "law-5" applied to "object-5" - SUCCESS
[2026-08-11 18:55:30] [LAW] Law "law-5" applied to "object-5" - SUCCESS
[2026-08-11 18:55:30] [LAW] Law "law-5" applied to "object-5" - SUCCESS
[2026-08-11 18:55:30] [LAW] Law "law-5" applied to "object-5" - SUCCESS
[2026-08-11 18:55:30] [LAW] Law "law-5" applied to "object-5" - SUCCESS
[2026-08-11 18:55:30] [LAW] Law "law-5" applied to "object-5" - SUCCESS
[2026-08-11 18:55:30] [LAW] Law "law-5" applied to "object-5" - SUCCESS
[2026-08-11 18:55:30] [LAW] Law "law-5" applied to "object-5" - SUCCESS
[2026-08-11 18:55:30] [LAW] Law "law-5" applied to "object-5" - SUCCESS
[2026-08-11 18:55:30] [LAW] Law "law-5" applied to "object-5" - SUCCESS
[2026-08-11 18:55:30] [LAW] Law "law-5" applied to "object-5" - SUCCESS
[2026-08-11 18:55:30] [LAW] Law "law-5" applied to "object-5" - SUCCESS
[2026-08-11 18:55:30] [LAW] Law "law-5" applied to "object-5" - SUCCESS
[2026-08-11 18:55:30] [LAW] Law "law-5" applied to "object-5" - SUCCESS
[2026-08-11 18:55:30] [LAW] Law "law-5" applied to "object-5" - SUCCESS
[2026-08-11 18:55:30] [LAW] Law "law-5" applied to "object-5" - SUCCESS
[2026-08-11 18:55:30] [LAW] Law "law-5" applied to "object-5" - SUCCESS
[2026-08-11 18:55:30] [LAW] Law "law-5" applied to "object-5" - SUCCESS
[2026-08-11 18:55:30] [LAW] Law "law-5" applied to "object-5" - SUCCESS
[2026-08-11 18:55:30] [LAW] Law "law-5" applied to "object-5" - SUCCESS
[2026-08-11 18:55:30] [LAW] Law "law-5" applied to "object-5" - SUCCESS
[2026-08-11 18:55:30] [LAW] Law "law-5" applied to "object-5" - SUCCESS
[2026-08-11 18:55:30] [LAW] Law "law-5" applied to "object-5" - SUCCESS
[2026-08-11 18:55:30] [LAW] Law "law-5" applied to "object-5" - SUCCESS
[2026-08-11 18:55:30] [LAW] Law "law-5" applied to "object-5" - SUCCESS
[2026-08-11 18:55:30] [LAW] Law "law-5" applied to "object-5" - SUCCESS
[2026-08-11 18:55:30] [LAW] Law "law-5" applied to "object-5" - SUCCESS
[2026-08-11 18:55:30] [LAW] Law "law-5" applied to "object-5" - SUCCESS
[2026-08-11 18:55:30] [LAW] Law "law-5" applied to "object-5" - SUCCESS
[2026-08-11 18:55:30] [LAW] Law "law-5" applied to "object-5" - SUCCESS
[2026-08-11 18:55:30] [LAW] Law "law-5" applied to "object-5" - SUCCESS
[2026-08-11 18:55:30] [LAW] Law "law-5" applied to "object-5" - SUCCESS
[2026-08-11 18:55:30] [LAW] Law "law-5" applied to "object-5" - SUCCESS
[2026-08-11 18:55:30] [LAW] Law "law-5" applied to "object-5" - SUCCESS
[2026-08-11 18:55:30] [LAW] Law "law-5" applied to "object-5" - SUCCESS
[2026-08-11 18:55:30] [LAW] Law "law-5" applied to "object-5" - SUCCESS
[2026-08-11 18:55:30] [LAW] Law "law-5" applied to "object-5" - SUCCESS
[2026-08-11 18:55:30] [LAW] Law "law-5" applied to "object-5" - SUCCESS
[2026-08-11 18:55:30] [LAW] Law "law-5" applied to "object-5" - SUCCESS
[2026-08-11 18:55:30] [LAW] Law "law-5" applied to "object-5" - SUCCESS
[2026-08-11 18:55:30] [LAW] Law "law-5" applied to "object-5" - SUCCESS
[2026-08-11 18:55:30] [LAW] Law "law-5" applied to "object-5" - SUCCESS
[2026-08-11 18:55:30] [LAW] Law "law-5" applied to "object-5" - SUCCESS
[2026-08-11 18:55:30] [LAW] Law "law-5" applied to "object-5" - SUCCESS
[2026-08-11 18:55:30] [LAW] Law "law-5" applied to "object-5" - SUCCESS
[2026-08-11 18:55:30] [LAW] Law "law-5" applied to "object-5" - SUCCESS
[2026-08-11 18:55:30] [LAW] Law "law-5" applied to "object-5" - SUCCESS
[2026-08-11 18:55:30] [LAW] Law "law-5" applied to "object-5" - SUCCESS
[2026-08-11 18:55:30] [LAW] Law "law-5" applied to "object-5" - SUCCESS
[2026-08-11 18:55:30] [LAW] Law "law-5" applied to "object-5" - SUCCESS
[2026-08-11 18:55:30] [LAW] Law "law-5" applied to "object-5" - SUCCESS
[2026-08-11 18:55:30] [LAW] Law "law-5" applied to "object-5" - SUCCESS
[2026-08-11 18:55:30] [LAW] Law "law-5" applied to "object-5" - SUCCESS
[2026-08-11 18:55:30] [LAW] Law "law-5" applied to "object-5" - SUCCESS
[2026-08-11 18:55:30] [LAW] Law "law-5" applied to "object-5" - SUCCESS
[2026-08-11 18:55:30] [LAW] Law "law-5" applied to "object-5" - SUCCESS
[2026-08-11 18:55:30] [LAW] Law "law-5" applied to "object-5" - SUCCESS
[2026-08-11 18:55:30] [LAW] Law "law-5" applied to "object-5" - SUCCESS
[2026-08-11 18:55:30] [LAW] Law "law-5" applied to "object-5" - SUCCESS
[2026-08-11 18:55:30] [LAW] Law "law-5" applied to "object-5" - SUCCESS
[2026-08-11 18:55:30] [LAW] Law "law-5" applied to "object-5" - SUCCESS
[2026-08-11 18:55:30] [LAW] Law "law-5" applied to "object-5" - SUCCESS
[2026-08-11 18:55:30] [LAW] Law "law-5" applied to "object-5" - SUCCESS
[2026-08-11 18:55:30] [LAW] Law "law-5" applied to "object-5" - SUCCESS
[2026-08-11 18:55:30] [LAW] Law "law-5" applied to "object-5" - SUCCESS
[2026-08-11 18:55:30] [LAW] Law "law-5" applied to "object-5" - SUCCESS
[2026-08-11 18:55:30] [LAW] Law "law-5" applied to "object-5" - SUCCESS
[2026-08-11 18:55:30] [LAW] Law "law-5" applied to "object-5" - SUCCESS
[2026-08-11 18:55:30] [LAW] Law "law-5" applied to "object-5" - SUCCESS
[2026-08-11 18:55:30] [LAW] Law "law-5" applied to "object-5" - SUCCESS
[2026-08-11 18:55:30] [LAW] Law "law-5" applied to "object-5" - SUCCESS
[2026-08-11 18:55:30] [LAW] Law "law-5" applied to "object-5" - SUCCESS
[2026-08-11 18:55:30] [LAW] Law "law-5" applied to "object-5" - SUCCESS
[2026-08-11 18:55:30] [LAW] Law "law-5" applied to "object-5" - SUCCESS
[2026-08-11 18:55:30] [LAW] Law "law-5" applied to "object-5" - SUCCESS
[2026-08-11 18:55:30] [LAW] Law "law-5" applied to "object-5" - SUCCESS
[2026-08-11 18:55:30] [LAW] Law "law-5" applied to "object-5" - SUCCESS
[2026-08-11 18:55:30] [LAW] Law "law-5" applied to "object-5" - SUCCESS
[2026-08-11 18:55:30] [LAW] Law "law-5" applied to "object-5" - SUCCESS
[2026-08-11 18:55:30] [LAW] Law "law-5" applied to "object-5" - SUCCESS
[2026-08-11 18:55:30] [LAW] Law "law-5" applied to "object-5" - SUCCESS
[2026-08-11 18:55:30] [LAW] Law "law-5" applied to "object-5" - SUCCESS
[2026-08-11 18:55:30] [LAW] Law "law-5" applied to "object-5" - SUCCESS
[2026-08-11 18:55:30] [LAW] Law "law-5" applied to "object-5" - SUCCESS
[2026-08-11 18:55:30] [LAW] Law "law-5" applied to "object-5" - SUCCESS
[2026-08-11 18:55:30] [LAW] Law "law-5" applied to "object-5" - SUCCESS
[2026-08-11 18:55:30] [LAW] Law "law-5" applied to "object-5" - SUCCESS
[2026-08-11 18:55:30] [LAW] Law "law-5" applied to "object-5" - SUCCESS
[2026-08-11 18:55:30] [LAW] Law "law-5" applied to "object-5" - SUCCESS
[2026-08-11 18:55:30] [LAW] Law "law-5" applied to "object-5" - SUCCESS
[2026-08-11 18:55:30] [LAW] Law "law-5" applied to "object-5" - SUCCESS
[2026-08-11 18:55:30] [LAW] Law "law-5" applied to "object-5" - SUCCESS
[2026-08-11 18:55:30] [LAW] Law "law-5" applied to "object-5" - SUCCESS
[2026-08-11 18:55:30] [LAW] Law "law-5" applied to "object-5" - SUCCESS
[2026-08-11 18:55:30] [LAW] Law "law-5" applied to "object-5" - SUCCESS
[2026-08-11 18:55:30] [LAW] Law "law-5" applied to "object-5" - SUCCESS
[2026-08-11 18:55:30] [LAW] Law "law-5" applied to "object-5" - SUCCESS
[2026-08-11 18:55:30] [LAW] Law "law-5" applied to "object-5" - SUCCESS
[2026-08-11 18:55:30] [LAW] Law "law-5" applied to "object-5" - SUCCESS
[2026-08-11 18:55:30] [LAW] Law "law-5" applied to "object-5" - SUCCESS
[2026-08-11 18:55:30] [LAW] Law "law-5" applied to "object-5" - SUCCESS
[2026-08-11 18:55:30] [LAW] Law "law-5" applied to "object-5" - SUCCESS
[2026-08-11 18:55:30] [LAW] Law "law-5" applied to "object-5" - SUCCESS
[2026-08-11 18:55:30] [LAW] Law "law-5" applied to "object-5" - SUCCESS
[2026-08-11 18:55:30] [LAW] Law "law-5" applied to "object-5" - SUCCESS
[2026-08-11 18:55:30] [LAW] Law "law-5" applied to "object-5" - SUCCESS
[2026-08-11 18:55:30] [LAW] Law "law-5" applied to "object-5" - SUCCESS
[2026-08-11 18:55:30] [LAW] Law "law-5" applied to "object-5" - SUCCESS
[2026-08-11 18:55:30] [LAW] Law "law-5" applied to "object-5" - SUCCESS
[2026-08-11 18:55:30] [LAW] Law "law-5" applied to "object-5" - SUCCESS
[2026-08-11 18:55:30] [LAW] Law "law-5" applied to "object-5" - SUCCESS
[2026-08-11 18:55:30] [LAW] Law "law-5" applied to "object-5" - SUCCESS
[2026-08-11 18:55:30] [LAW] Law "law-5" applied to "object-5" - SUCCESS
[2026-08-11 18:55:30] [LAW] Law "law-5" applied to "object-5" - SUCCESS
[2026-08-11 18:55:30] [LAW] Law "law-5" applied to "object-5" - SUCCESS
[2026-08-11 18:55:30] [LAW] Law "law-5" applied to "object-5" - SUCCESS
[2026-08-11 18:55:30] [LAW] Law "law-5" applied to "object-5" - SUCCESS
[2026-08-11 18:55:30] [LAW] Law "law-5" applied to "object-5" - SUCCESS
[2026-08-11 18:55:30] [LAW] Law "law-5" applied to "object-5" - SUCCESS
[2026-08-11 18:55:30] [LAW] Law "law-5" applied to "object-5" - SUCCESS
[2026-08-11 18:55:30] [LAW] Law "law-5" applied to "object-5" - SUCCESS
[2026-08-11 18:55:30] [LAW] Law "law-5" applied to "object-5" - SUCCESS
[2026-08-11 18:55:30] [LAW] Law "law-5" applied to "object-5" - SUCCESS
[2026-08-11 18:55:30] [LAW] Law "law-5" applied to "object-5" - SUCCESS
[2026-08-11 18:55:30] [LAW] Law "law-5" applied to "object-5" - SUCCESS
[2026-08-11 18:55:30] [LAW] Law "law-5" applied to "object-5" - SUCCESS
[2026-08-11 18:55:30] [LAW] Law "law-5" applied to "object-5" - SUCCESS
[2026-08-11 18:55:30] [LAW] Law "law-5" applied to "object-5" - SUCCESS
[2026-08-11 18:55:30] [LAW] Law "law-5" applied to "object-5" - SUCCESS
[2026-08-11 18:55:30] [LAW] Law "law-5" applied to "object-5" - SUCCESS
[2026-08-11 18:55:30] [LAW] Law "law-5" applied to "object-5" - SUCCESS
[2026-08-11 18:55:30] [LAW] Law "law-5" applied to "object-5" - SUCCESS
[2026-08-11 18:55:30] [LAW] Law "law-5" applied to "object-5" - SUCCESS
[2026-08-11 18:55:30] [LAW] Law "law-5" applied to "object-5" - SUCCESS
[2026-08-11 18:55:30] [LAW] Law "law-5" applied to "object-5" - SUCCESS
[2026-08-11 18:55:30] [LAW] Law "law-5" applied to "object-5" - SUCCESS
[2026-08-11 18:55:30] [LAW] Law "law-5" applied to "object-5" - SUCCESS
[2026-08-11 18:55:30] [LAW] Law "law-5" applied to "object-5" - SUCCESS
[2026-08-11 18:55:30] [LAW] Law "law-5" applied to "object-5" - SUCCESS
[2026-08-11 18:55:30] [LAW] Law "law-5" applied to "object-5" - SUCCESS
[2026-08-11 18:55:30] [LAW] Law "law-5" applied to "object-5" - SUCCESS
[2026-08-11 18:55:30] [LAW] Law "law-5" applied to "object-5" - SUCCESS
[2026-08-11 18:55:30] [LAW] Law "law-5" applied to "object-5" - SUCCESS
[2026-08-11 18:55:30] [LAW] Law "law-5" applied to "object-5" - SUCCESS
[2026-08-11 18:55:30] [LAW] Law "law-5" applied to "object-5" - SUCCESS
[2026-08-11 18:55:30] [LAW] Law "law-5" applied to "object-5" - SUCCESS
[2026-08-11 18:55:30] [LAW] Law "law-5" applied to "object-5" - SUCCESS
[2026-08-11 18:55:30] [LAW] Law "law-5" applied to "object-5" - SUCCESS
[2026-08-11 18:55:30] [LAW] Law "law-5" applied to "object-5" - SUCCESS
[2026-08-11 18:55:30] [LAW] Law "law-5" applied to "object-5" - SUCCESS
[2026-08-11 18:55:30] [LAW] Law "law-5" applied to "object-5" - SUCCESS
[2026-08-11 18:55:30] [LAW] Law "law-5" applied to "object-5" - SUCCESS
[2026-08-11 18:55:30] [LAW] Law "law-5" applied to "object-5" - SUCCESS
[2026-08-11 18:55:30] [LAW] Law "law-5" applied to "object-5" - SUCCESS
[2026-08-11 18:55:30] [LAW] Law "law-5" applied to "object-5" - SUCCESS
[2026-08-11 18:55:30] [LAW] Law "law-5" applied to "object-5" - SUCCESS
[2026-08-11 18:55:30] [LAW] Law "law-5" applied to "object-5" - SUCCESS
[2026-08-11 18:55:30] [LAW] Law "law-5" applied to "object-5" - SUCCESS
[2026-08-11 18:55:30] [LAW] Law "law-5" applied to "object-5" - SUCCESS
[2026-08-11 18:55:30] [LAW] Law "law-5" applied to "object-5" - SUCCESS
[2026-08-11 18:55:30] [LAW] Law "law-5" applied to "object-5" - SUCCESS
[2026-08-11 18:55:30] [LAW] Law "law-5" applied to "object-5" - SUCCESS
[2026-08-11 18:55:30] [LAW] Law "law-5" applied to "object-5" - SUCCESS
[2026-08-11 18:55:30] [LAW] Law "law-5" applied to "object-5" - SUCCESS
[2026-08-11 18:55:30] [LAW] Law "law-5" applied to "object-5" - SUCCESS
[2026-08-11 18:55:30] [LAW] Law "law-5" applied to "object-5" - SUCCESS
[2026-08-11 18:55:30] [LAW] Law "law-5" applied to "object-5" - SUCCESS
[2026-08-11 18:55:30] [LAW] Law "law-5" applied to "object-5" - SUCCESS
[2026-08-11 18:55:30] [LAW] Law "law-5" applied to "object-5" - SUCCESS
[2026-08-11 18:55:30] [LAW] Law "law-5" applied to "object-5" - SUCCESS
[2026-08-11 18:55:30] [LAW] Law "law-5" applied to "object-5" - SUCCESS
[2026-08-11 18:55:30] [LAW] Law "law-5" applied to "object-5" - SUCCESS
[2026-08-11 18:55:30] [LAW] Law "law-5" applied to "object-5" - SUCCESS
[2026-08-11 18:55:30] [LAW] Law "law-5" applied to "object-5" - SUCCESS
[2026-08-11 18:55:30] [LAW] Law "law-5" applied to "object-5" - SUCCESS
[2026-08-11 18:55:30] [LAW] Law "law-5" applied to "object-5" - SUCCESS
[2026-08-11 18:55:30] [LAW] Law "law-5" applied to "object-5" - SUCCESS
[2026-08-11 18:55:30] [LAW] Law "law-5" applied to "object-5" - SUCCESS
[2026-08-11 18:55:30] [LAW] Law "law-5" applied to "object-5" - SUCCESS
[2026-08-11 18:55:30] [LAW] Law "law-5" applied to "object-5" - SUCCESS
[2026-08-11 18:55:30] [LAW] Law "law-5" applied to "object-5" - SUCCESS
[2026-08-11 18:55:30] [LAW] Law "law-5" applied to "object-5" - SUCCESS
[2026-08-11 18:55:30] [LAW] Law "law-5" applied to "object-5" - SUCCESS
[2026-08-11 18:55:30] [LAW] Law "law-5" applied to "object-5" - SUCCESS
[2026-08-11 18:55:30] [LAW] Law "law-5" applied to "object-5" - SUCCESS
[2026-08-11 18:55:30] [LAW] Law "law-5" applied to "object-5" - SUCCESS
[2026-08-11 18:55:30] [LAW] Law "law-5" applied to "object-5" - SUCCESS
[2026-08-11 18:55:30] [LAW] Law "law-5" applied to "object-5" - SUCCESS
[2026-08-11 18:55:30] [LAW] Law "law-5" applied to "object-5" - SUCCESS
[2026-08-11 18:55:30] [LAW] Law "law-5" applied to "object-5" - SUCCESS
[2026-08-11 18:55:30] [LAW] Law "law-5" applied to "object-5" - SUCCESS
[2026-08-11 18:55:30] [LAW] Law "law-5" applied to "object-5" - SUCCESS
[2026-08-11 18:55:30] [LAW] Law "law-5" applied to "object-5" - SUCCESS
[2026-08-11 18:55:30] [LAW] Law "law-5" applied to "object-5" - SUCCESS
[2026-08-11 18:55:30] [LAW] Law "law-5" applied to "object-5" - SUCCESS
[2026-08-11 18:55:30] [LAW] Law "law-5" applied to "object-5" - SUCCESS
[2026-08-11 18:55:30] [LAW] Law "law-5" applied to "object-5" - SUCCESS
[2026-08-11 18:55:30] [LAW] Law "law-5" applied to "object-5" - SUCCESS
[2026-08-11 18:55:30] [LAW] Law "law-5" applied to "object-5" - SUCCESS
[2026-08-11 18:55:30] [LAW] Law "law-5" applied to "object-5" - SUCCESS
[2026-08-11 18:55:30] [LAW] Law "law-5" applied to "object-5" - SUCCESS
[2026-08-11 18:55:30] [LAW] Law "law-5" applied to "object-5" - SUCCESS
[2026-08-11 18:55:31] [LAW] Law "law-1" applied to "object-5" - SUCCESS
[2026-08-11 18:55:31] [LAW] Law "law-1" applied to "object-5" - CONDITIONS FAILED
[2026-08-11 18:55:31] [LAW] Law "law-1" applied to "object-7" - SUCCESS
[2026-08-11 18:55:31] [LAW] Law "law-3" applied to "object-9" - SUCCESS
[2026-08-11 18:55:31] [LAW] Law "law-3" applied to "object-10" - CONDITIONS FAILED
[2026-08-11 18:55:31] [LAW] Law "law-3" applied to "object-12" - SUCCESS
[2026-08-11 18:55:31] [LAW] Law "law-5" applied to "object-14" - SUCCESS
[2026-08-11 18:55:31] [LAW] Law "law-6" applied to "TestSubject" - CONDITIONS FAILED
[2026-08-11 18:55:31] [LAW] Law "law-6" applied to "TestSubject" - SUCCESS
[2026-08-11 18:55:31] [LAW] Law "law-7" applied to "TestSubject" - SUCCESS
[2026-08-11 18:55:31] [LAW] Law "law-8" applied to "TestSubject" - SUCCESS
[2026-08-11 18:55:31] [LAW] Law "law-8" applied to "TestSubject" - CONDITIONS FAILED
[2026-08-11 18:55:31] [LAW] Law "law-9" applied to "object-42" - CONDITIONS FAILED
[2026-08-11 18:55:31] [LAW] Law "law-9" applied to "object-42" - CONDITIONS FAILED
[2026-08-11 18:55:31] [LAW] Law "law-9" applied to "object-42" - SUCCESS
[2026-08-11 18:55:31] [LAW] Law "law-9" applied to "object-42" - SUCCESS
[2026-08-11 18:55:31] [LAW] Law "law-1" applied to "object-5" - SUCCESS
[2026-08-11 18:55:31] [LAW] Law "law-1" applied to "object-6" - CONDITIONS FAILED
[2026-08-11 18:55:31] [LAW] Law "law-1" applied to "object-8" - SUCCESS
[2026-08-11 18:55:31] [LAW] Law "law-1" applied to "object-9" - CONDITIONS FAILED
[2026-08-11 18:55:31] [LAW] Law "law-3" applied to "object-11" - SUCCESS
[2026-08-11 18:55:31] [LAW] Law "law-4" applied to "object-13" - NO EFFECT (Map: outside the authored bounds)
[2026-08-11 18:55:31] [LAW] Law "law-5" applied to "object-15" - SUCCESS
[2026-08-11 18:55:31] [LAW] Law "law-6" applied to "object-17" - SUCCESS
[2026-08-11 18:55:31] [LAW] Law "law-7" applied to "object-20" - SUCCESS
[2026-08-11 18:55:31] [LAW] Law "law-8" applied to "object-22" - SUCCESS
[2026-08-11 18:55:31] [LAW] Law "law-9" applied to "object-27" - SUCCESS
[2026-08-11 18:55:32] [LAW] Law "law-1" applied to "zack" - SUCCESS
[2026-08-11 18:55:33] [EVENT] Event "concept-registered" triggered (Subject: concept-1, Object: null)
[2026-08-11 18:55:33] [EVENT] Event "relation-formed" triggered (Subject: law-1-authored-by-Player, Object: null)
[2026-08-11 18:55:33] [EVENT] Event "law-registered" triggered (Subject: law-1, Object: null)
[2026-08-11 18:55:33] [EVENT] Event "onMouseClicked" triggered (Subject: Player, Object: null)
[2026-08-11 18:55:33] [LAW] Law "law-1" applied to "Player" - CONDITIONS FAILED
[2026-08-11 18:55:33] [EVENT] Event "onMouseClicked" triggered (Subject: Player, Object: null)
[2026-08-11 18:55:33] [LAW] Law "law-1" applied to "Player" - CONDITIONS FAILED
[2026-08-11 18:55:33] [EVENT] Event "onMouseClicked" triggered (Subject: Player, Object: null)
[2026-08-11 18:55:33] [EVENT] Event "relation-formed" triggered (Subject: object-6-generated-from-concept-1, Object: null)
[2026-08-11 18:55:33] [EVENT] Event "concept-instantiated" triggered (Subject: concept-1, Object: null)
[2026-08-11 18:55:33] [EVENT] Event "object-created" triggered (Subject: object-6, Object: Player)
[2026-08-11 18:55:33] [LAW] Law "law-1" applied to "Player" - SUCCESS
[2026-08-11 18:55:33] [EVENT] Event "onMouseClicked" triggered (Subject: Player, Object: null)
[2026-08-11 18:55:33] [EVENT] Event "relation-formed" triggered (Subject: object-7-generated-from-concept-1, Object: null)
[2026-08-11 18:55:33] [EVENT] Event "concept-instantiated" triggered (Subject: concept-1, Object: null)
[2026-08-11 18:55:33] [EVENT] Event "object-created" triggered (Subject: object-7, Object: Player)
[2026-08-11 18:55:33] [LAW] Law "law-1" applied to "Player" - SUCCESS
[2026-08-11 18:55:33] [EVENT] Event "onMouseClicked" triggered (Subject: Player, Object: null)
[2026-08-11 18:55:33] [EVENT] Event "relation-formed" triggered (Subject: object-8-generated-from-concept-1, Object: null)
[2026-08-11 18:55:33] [EVENT] Event "concept-instantiated" triggered (Subject: concept-1, Object: null)
[2026-08-11 18:55:33] [EVENT] Event "object-created" triggered (Subject: object-8, Object: Player)
[2026-08-11 18:55:33] [LAW] Law "law-1" applied to "Player" - SUCCESS
[2026-08-11 18:55:33] [EVENT] Event "onMouseClicked" triggered (Subject: Player, Object: null)
[2026-08-11 18:55:33] [EVENT] Event "relation-formed" triggered (Subject: object-9-generated-from-concept-1, Object: null)
[2026-08-11 18:55:33] [EVENT] Event "concept-instantiated" triggered (Subject: concept-1, Object: null)
[2026-08-11 18:55:33] [EVENT] Event "object-created" triggered (Subject: object-9, Object: Player)
[2026-08-11 18:55:33] [LAW] Law "law-1" applied to "Player" - SUCCESS
[2026-08-11 18:55:33] [EVENT] Event "onMouseClicked" triggered (Subject: Player, Object: null)
[2026-08-11 18:55:33] [EVENT] Event "relation-formed" triggered (Subject: object-10-generated-from-concept-1, Object: null)
[2026-08-11 18:55:33] [EVENT] Event "concept-instantiated" triggered (Subject: concept-1, Object: null)
[2026-08-11 18:55:33] [EVENT] Event "object-created" triggered (Subject: object-10, Object: Player)
[2026-08-11 18:55:33] [LAW] Law "law-1" applied to "Player" - SUCCESS
[2026-08-11 18:55:33] [EVENT] Event "law-registered" triggered (Subject: law-1, Object: null)
[2026-08-11 18:55:33] [EVENT] Event "law-registered" triggered (Subject: law-1, Object: null)
[2026-08-11 18:55:33] [EVENT] Event "onMouseClicked" triggered (Subject: Player, Object: null)
[2026-08-11 18:55:33] [EVENT] Event "onMouseClicked" triggered (Subject: Player, Object: null)
[2026-08-11 18:55:33] [EVENT] Event "relation-formed" triggered (Subject: object-12-generated-from-concept-1, Object: null)
[2026-08-11 18:55:33] [EVENT] Event "relation-formed" triggered (Subject: object-12-generated-from-concept-1, Object: null)
[2026-08-11 18:55:33] [EVENT] Event "concept-instantiated" triggered (Subject: concept-1, Object: null)
[2026-08-11 18:55:33] [EVENT] Event "concept-instantiated" triggered (Subject: concept-1, Object: null)
[2026-08-11 18:55:33] [EVENT] Event "object-created" triggered (Subject: object-12, Object: Player)
[2026-08-11 18:55:33] [EVENT] Event "object-created" triggered (Subject: object-12, Object: Player)
[2026-08-11 18:55:33] [LAW] Law "law-1" applied to "Player" - SUCCESS
[2026-08-11 18:55:35] [LAW] Law "law-1" applied to "object-5" - CONDITIONS FAILED
[2026-08-11 18:55:35] [LAW] Law "law-1" applied to "object-5" - SUCCESS
[2026-08-11 18:55:35] [LAW] Law "law-1" applied to "object-5" - SUCCESS
[2026-08-11 18:55:35] [LAW] Law "law-2" applied to "object-8" - NO ACTIONS
[2026-08-11 18:55:36] [LAW] Law "law-1" applied to "object-4" - SUCCESS
[2026-08-11 18:55:36] [LAW] Law "law-1" applied to "object-4" - SUCCESS
[2026-08-11 18:55:36] [LAW] Law "law-1" applied to "object-4" - SUCCESS
[2026-08-11 18:55:36] [LAW] Law "law-2" applied to "object-5" - SUCCESS
[2026-08-11 18:55:36] [LAW] Law "law-2" applied to "object-5" - SUCCESS
[2026-08-11 18:55:36] [LAW] Law "law-2" applied to "object-5" - SUCCESS
[2026-08-11 18:55:36] [LAW] Law "law-2" applied to "object-5" - SUCCESS
[2026-08-11 18:55:36] [LAW] Law "law-3" applied to "object-5" - SUCCESS
[2026-08-11 18:55:36] [LAW] Law "law-3" applied to "object-5" - SUCCESS
[2026-08-11 18:55:36] [LAW] Law "law-3" applied to "object-5" - SUCCESS
[2026-08-11 18:55:36] [LAW] Law "law-3" applied to "object-5" - SUCCESS
[2026-08-11 18:55:36] [LAW] Law "law-3" applied to "object-5" - SUCCESS
[2026-08-11 18:55:36] [LAW] Law "law-3" applied to "object-5" - SUCCESS
[2026-08-11 18:55:36] [LAW] Law "law-3" applied to "object-5" - SUCCESS
[2026-08-11 18:55:36] [LAW] Law "law-3" applied to "object-5" - SUCCESS
[2026-08-11 18:55:36] [LAW] Law "law-3" applied to "object-5" - SUCCESS
[2026-08-11 18:55:36] [LAW] Law "law-3" applied to "object-5" - SUCCESS
[2026-08-11 18:55:36] [LAW] Law "law-3" applied to "object-5" - SUCCESS
[2026-08-11 18:55:36] [EVENT] Event "relation-formed" triggered (Subject: law-4-authored-by-object-3, Object: null)
[2026-08-11 18:55:36] [EVENT] Event "law-registered" triggered (Subject: law-4, Object: null)
[2026-08-11 18:55:36] [EVENT] Event "kick" triggered (Subject: object-4, Object: null)
[2026-08-11 18:55:36] [LAW] Law "law-4" applied to "object-4" - SUCCESS
[2026-08-11 18:55:36] [EVENT] Event "law-applied" triggered (Subject: object-4, Object: null)
[2026-08-11 18:55:36] [LAW] Law "law-4" applied to "object-4" - SUCCESS
[2026-08-11 18:55:36] [EVENT] Event "law-applied" triggered (Subject: object-4, Object: null)
[2026-08-11 18:55:36] [LAW] Law "law-4" applied to "object-4" - SUCCESS
[2026-08-11 18:55:36] [EVENT] Event "law-applied" triggered (Subject: object-4, Object: null)
[2026-08-11 18:55:36] [EVENT] Event "law-drive-finished" triggered (Subject: object-4, Object: null)
[2026-08-11 18:55:36] [EVENT] Event "kick" triggered (Subject: object-4, Object: null)
[2026-08-11 18:55:36] [LAW] Law "law-4" applied to "object-4" - SUCCESS
[2026-08-11 18:55:36] [EVENT] Event "law-applied" triggered (Subject: object-4, Object: null)
[2026-08-11 18:55:36] [EVENT] Event "relation-formed" triggered (Subject: law-5-authored-by-object-3, Object: null)
[2026-08-11 18:55:36] [EVENT] Event "law-registered" triggered (Subject: law-5, Object: null)
[2026-08-11 18:55:36] [EVENT] Event "kick" triggered (Subject: object-5, Object: null)
[2026-08-11 18:55:36] [LAW] Law "law-5" applied to "object-5" - SUCCESS
[2026-08-11 18:55:36] [EVENT] Event "law-applied" triggered (Subject: object-5, Object: null)
[2026-08-11 18:55:36] [LAW] Law "law-5" applied to "object-5" - SUCCESS
[2026-08-11 18:55:36] [EVENT] Event "law-applied" triggered (Subject: object-5, Object: null)
[2026-08-11 18:55:36] [EVENT] Event "law-drive-finished" triggered (Subject: object-5, Object: null)
[2026-08-11 18:55:36] [EVENT] Event "relation-formed" triggered (Subject: law-6-authored-by-object-3, Object: null)
[2026-08-11 18:55:36] [EVENT] Event "law-registered" triggered (Subject: law-6, Object: null)
[2026-08-11 18:55:36] [EVENT] Event "kick" triggered (Subject: object-5, Object: null)
[2026-08-11 18:55:36] [LAW] Law "law-6" applied to "object-5" - SUCCESS
[2026-08-11 18:55:36] [EVENT] Event "law-applied" triggered (Subject: object-5, Object: null)
[2026-08-11 18:55:36] [EVENT] Event "kick" triggered (Subject: object-5, Object: null)
[2026-08-11 18:55:36] [LAW] Law "law-6" applied to "object-5" - SUCCESS
[2026-08-11 18:55:36] [EVENT] Event "law-applied" triggered (Subject: object-5, Object: null)
[2026-08-11 18:55:36] [EVENT] Event "kick" triggered (Subject: object-5, Object: null)
[2026-08-11 18:55:36] [LAW] Law "law-6" applied to "object-5" - SUCCESS
[2026-08-11 18:55:36] [EVENT] Event "law-applied" triggered (Subject: object-5, Object: null)
[2026-08-11 18:55:36] [EVENT] Event "kick" triggered (Subject: object-5, Object: null)
[2026-08-11 18:55:36] [LAW] Law "law-6" applied to "object-5" - SUCCESS
[2026-08-11 18:55:36] [EVENT] Event "law-applied" triggered (Subject: object-5, Object: null)
[2026-08-11 18:55:36] [EVENT] Event "relation-formed" triggered (Subject: law-7-authored-by-object-3, Object: null)
[2026-08-11 18:55:36] [EVENT] Event "law-registered" triggered (Subject: law-7, Object: null)
[2026-08-11 18:55:36] [EVENT] Event "kick" triggered (Subject: object-5, Object: null)
[2026-08-11 18:55:36] [LAW] Law "law-7" applied to "object-5" - SUCCESS
[2026-08-11 18:55:36] [EVENT] Event "law-applied" triggered (Subject: object-5, Object: null)
[2026-08-11 18:55:36] [LAW] Law "law-7" applied to "object-5" - SUCCESS
[2026-08-11 18:55:36] [EVENT] Event "law-applied" triggered (Subject: object-5, Object: null)
[2026-08-11 18:55:36] [EVENT] Event "kick" triggered (Subject: object-5, Object: null)
[2026-08-11 18:55:36] [LAW] Law "law-7" applied to "object-5" - SUCCESS
[2026-08-11 18:55:36] [EVENT] Event "law-applied" triggered (Subject: object-5, Object: null)
[2026-08-11 18:55:36] [EVENT] Event "relation-formed" triggered (Subject: law-10-authored-by-object-3, Object: null)
[2026-08-11 18:55:36] [EVENT] Event "law-registered" triggered (Subject: law-10, Object: null)
[2026-08-11 18:55:36] [EVENT] Event "touch" triggered (Subject: object-4, Object: object-5)
[2026-08-11 18:55:36] [LAW] Law "law-10" applied to "object-4" - SUCCESS
[2026-08-11 18:55:36] [EVENT] Event "law-applied" triggered (Subject: object-4, Object: null)
[2026-08-11 18:55:36] [EVENT] Event "relation-formed" triggered (Subject: law-11-authored-by-object-3, Object: null)
[2026-08-11 18:55:36] [EVENT] Event "law-registered" triggered (Subject: law-11, Object: null)
[2026-08-11 18:55:36] [EVENT] Event "touch" triggered (Subject: object-4, Object: object-5)
[2026-08-11 18:55:36] [LAW] Law "law-11" applied to "object-4" - SUCCESS
[2026-08-11 18:55:36] [EVENT] Event "law-applied" triggered (Subject: object-4, Object: null)
[2026-08-11 18:55:36] [LAW] Law "law-11" applied to "object-4" - SUCCESS
[2026-08-11 18:55:36] [EVENT] Event "law-applied" triggered (Subject: object-4, Object: null)
[2026-08-11 18:55:36] [LAW] Law "law-11" applied to "object-4" - SUCCESS
[2026-08-11 18:55:36] [EVENT] Event "law-applied" triggered (Subject: object-4, Object: null)
[2026-08-11 18:55:36] [EVENT] Event "law-drive-finished" triggered (Subject: object-4, Object: null)
[2026-08-11 18:55:37] [EVENT] Event "law-registered" triggered (Subject: law-1, Object: null)
[2026-08-11 18:55:37] [EVENT] Event "birth-signal" triggered (Subject: World, Object: null)
[2026-08-11 18:55:37] [EVENT] Event "relation-formed" triggered (Subject: law-1-authored-by-object-3, Object: null)
[2026-08-11 18:55:37] [EVENT] Event "birth-signal" triggered (Subject: World, Object: null)
[2026-08-11 18:55:37] [EVENT] Event "relation-formed" triggered (Subject: object-14-generated-from-concept-1, Object: null)
[2026-08-11 18:55:37] [EVENT] Event "relation-formed" triggered (Subject: object-15-generated-from-concept-1, Object: null)
[2026-08-11 18:55:37] [EVENT] Event "concept-instantiated" triggered (Subject: concept-1, Object: null)
[2026-08-11 18:55:37] [EVENT] Event "object-created" triggered (Subject: object-14, Object: World)
[2026-08-11 18:55:37] [EVENT] Event "object-created" triggered (Subject: object-15, Object: World)
[2026-08-11 18:55:37] [LAW] Law "law-1" applied to "World" - SUCCESS
[2026-08-11 18:55:37] [EVENT] Event "law-applied" triggered (Subject: World, Object: null)
[2026-08-11 18:55:37] [EVENT] Event "relation-formed" triggered (Subject: concept-3-abstracted-from-object-16, Object: null)
[2026-08-11 18:55:37] [EVENT] Event "relation-formed" triggered (Subject: concept-3-authored-by-object-3, Object: null)
[2026-08-11 18:55:37] [EVENT] Event "relation-formed" triggered (Subject: object-18-generated-from-concept-3, Object: null)
[2026-08-11 18:55:37] [EVENT] Event "concept-instantiated" triggered (Subject: concept-3, Object: null)
[2026-08-11 18:55:37] [EVENT] Event "relation-formed" triggered (Subject: object-19-generated-from-concept-3, Object: null)
[2026-08-11 18:55:37] [EVENT] Event "concept-instantiated" triggered (Subject: concept-3, Object: null)
[2026-08-11 18:55:37] [EVENT] Event "relation-formed" triggered (Subject: law-2-authored-by-object-3, Object: null)
[2026-08-11 18:55:37] [EVENT] Event "law-registered" triggered (Subject: law-2, Object: null)
[2026-08-11 18:55:37] [LAW] Law "law-2" applied to "object-16" - SUCCESS
[2026-08-11 18:55:37] [EVENT] Event "law-applied" triggered (Subject: object-16, Object: null)
[2026-08-11 18:55:37] [EVENT] Event "relation-formed" triggered (Subject: concept-5-abstracted-from-object-16, Object: null)
[2026-08-11 18:55:37] [EVENT] Event "relation-formed" triggered (Subject: concept-5-authored-by-object-3, Object: null)
[2026-08-11 18:55:37] [EVENT] Event "relation-formed" triggered (Subject: object-23-generated-from-concept-5, Object: null)
[2026-08-11 18:55:37] [EVENT] Event "concept-instantiated" triggered (Subject: concept-5, Object: null)
[2026-08-11 18:55:37] [EVENT] Event "relation-formed" triggered (Subject: law-3-authored-by-object-3, Object: null)
[2026-08-11 18:55:37] [EVENT] Event "law-registered" triggered (Subject: law-3, Object: null)
[2026-08-11 18:55:37] [LAW] Law "law-3" applied to "object-16" - SUCCESS
[2026-08-11 18:55:37] [EVENT] Event "law-applied" triggered (Subject: object-16, Object: null)
[2026-08-11 18:55:37] [EVENT] Event "relation-formed" triggered (Subject: object-25-generated-from-concept-5, Object: null)
[2026-08-11 18:55:37] [EVENT] Event "concept-instantiated" triggered (Subject: concept-5, Object: null)
[2026-08-11 18:55:37] [EVENT] Event "relation-formed" triggered (Subject: law-4-authored-by-object-3, Object: null)
[2026-08-11 18:55:37] [EVENT] Event "law-registered" triggered (Subject: law-4, Object: null)
[2026-08-11 18:55:37] [LAW] Law "law-4" applied to "object-16" - NO EFFECT (Set: Read Only)
[2026-08-11 18:55:37] [EVENT] Event "law-applied" triggered (Subject: object-16, Object: null)
[2026-08-11 18:55:37] [EVENT] Event "relation-formed" triggered (Subject: object-27-attached-to-object-28, Object: null)
[2026-08-11 18:55:37] [EVENT] Event "relation-formed" triggered (Subject: concept-6-abstracted-from-object-27, Object: null)
[2026-08-11 18:55:37] [EVENT] Event "relation-formed" triggered (Subject: concept-6-abstracted-from-object-28, Object: null)
[2026-08-11 18:55:37] [EVENT] Event "relation-formed" triggered (Subject: concept-6-authored-by-object-3, Object: null)
[2026-08-11 18:55:37] [EVENT] Event "relation-formed" triggered (Subject: object-30-generated-from-concept-6, Object: null)
[2026-08-11 18:55:37] [EVENT] Event "relation-formed" triggered (Subject: object-31-generated-from-concept-6, Object: null)
[2026-08-11 18:55:37] [EVENT] Event "relation-formed" triggered (Subject: object-30-attached-to-object-31, Object: null)
[2026-08-11 18:55:37] [EVENT] Event "concept-instantiated" triggered (Subject: concept-6, Object: null)
[2026-08-11 18:55:38] [LAW] Law "law-1" applied to "object-4" - SUCCESS
[2026-08-11 18:55:38] [LAW] Law "law-1" applied to "object-4" - SUCCESS
[2026-08-11 18:55:38] [LAW] Law "law-2" applied to "object-5" - SUCCESS
[2026-08-11 18:55:38] [LAW] Law "law-2" applied to "object-5" - SUCCESS
[2026-08-11 18:55:38] [LAW] Law "law-4" applied to "object-9" - SUCCESS
[2026-08-11 18:55:38] [EVENT] Event "relation-formed" triggered (Subject: law-5-authored-by-object-3, Object: null)
[2026-08-11 18:55:38] [EVENT] Event "law-registered" triggered (Subject: law-5, Object: null)
[2026-08-11 18:55:38] [EVENT] Event "raise-signal" triggered (Subject: object-4, Object: null)
[2026-08-11 18:55:38] [LAW] Law "law-5" applied to "object-4" - SUCCESS
[2026-08-11 18:55:38] [EVENT] Event "law-applied" triggered (Subject: object-4, Object: null)
[2026-08-11 18:55:38] [LAW] Law "law-5" applied to "object-5" - SUCCESS
[2026-08-11 18:55:38] [EVENT] Event "law-applied" triggered (Subject: object-5, Object: null)
[2026-08-11 18:55:38] [EVENT] Event "relation-formed" triggered (Subject: law-7-authored-by-object-3, Object: null)
[2026-08-11 18:55:38] [EVENT] Event "law-registered" triggered (Subject: law-7, Object: null)
[2026-08-11 18:55:38] [LAW] Law "law-7" applied to "object-5" - SUCCESS
[2026-08-11 18:55:38] [EVENT] Event "law-applied" triggered (Subject: object-5, Object: null)
[2026-08-11 18:55:38] [EVENT] Event "relation-formed" triggered (Subject: law-4-targets-object-15, Object: null)
[2026-08-11 18:55:38] [LAW] Law "law-4" applied to "object-15" - SUCCESS
[2026-08-11 18:55:38] [EVENT] Event "law-applied" triggered (Subject: object-15, Object: null)
[2026-08-11 18:55:38] [EVENT] Event "relation-formed" triggered (Subject: object-4-touching-object-5, Object: null)
[2026-08-11 18:55:38] [EVENT] Event "relation-formed" triggered (Subject: object-4-owns-object-9, Object: null)
[2026-08-11 18:55:38] [EVENT] Event "relation-formed" triggered (Subject: law-9-authored-by-object-3, Object: null)
[2026-08-11 18:55:38] [EVENT] Event "law-registered" triggered (Subject: law-9, Object: null)
[2026-08-11 18:55:38] [EVENT] Event "relation-formed" triggered (Subject: law-9-targets-object-4, Object: null)
[2026-08-11 18:55:38] [EVENT] Event "relation-formed" triggered (Subject: law-10-authored-by-object-3, Object: null)
[2026-08-11 18:55:38] [EVENT] Event "law-registered" triggered (Subject: law-10, Object: null)
[2026-08-11 18:55:38] [EVENT] Event "contact-perceived" triggered (Subject: object-4, Object: object-5)
[2026-08-11 18:55:38] [LAW] Law "law-9" applied to "object-4" - SUCCESS
[2026-08-11 18:55:38] [EVENT] Event "law-applied" triggered (Subject: object-4, Object: null)
[2026-08-11 18:55:38] [LAW] Law "law-10" applied to "object-4" - SUCCESS
[2026-08-11 18:55:38] [EVENT] Event "law-applied" triggered (Subject: object-4, Object: null)
[2026-08-11 18:55:38] [LAW] Law "law-9" applied to "object-4" - CONDITIONS FAILED
[2026-08-11 18:55:38] [LAW] Law "law-9" applied to "object-4" - CONDITIONS FAILED
[2026-08-11 18:55:38] [LAW] Law "law-9" applied to "object-4" - CONDITIONS FAILED
[2026-08-11 18:55:38] [LAW] Law "law-9" applied to "object-4" - CONDITIONS FAILED
[2026-08-11 18:55:38] [EVENT] Event "relation-formed" triggered (Subject: law-11-authored-by-object-3, Object: null)
[2026-08-11 18:55:38] [LAW] Law "law-11" applied to "object-4" - NO EFFECT (Publish: unproven subject: no-such-being)
[2026-08-11 18:55:38] [EVENT] Event "law-applied" triggered (Subject: object-4, Object: null)
[2026-08-11 18:55:39] [EVENT] Event "relation-formed" triggered (Subject: law-1-authored-by-object-3, Object: null)
[2026-08-11 18:55:39] [EVENT] Event "law-registered" triggered (Subject: law-1, Object: null)
[2026-08-11 18:55:39] [EVENT] Event "enters-world" triggered (Subject: object-5, Object: null)
[2026-08-11 18:55:39] [LAW] Law "law-1" applied to "object-5" - SUCCESS
[2026-08-11 18:55:39] [EVENT] Event "law-applied" triggered (Subject: object-5, Object: null)
[2026-08-11 18:55:39] [EVENT] Event "relation-formed" triggered (Subject: law-2-authored-by-object-3, Object: null)
[2026-08-11 18:55:39] [EVENT] Event "law-registered" triggered (Subject: law-2, Object: null)
[2026-08-11 18:55:39] [EVENT] Event "enters-world" triggered (Subject: object-5, Object: null)
[2026-08-11 18:55:39] [LAW] Law "law-1" applied to "object-5" - SUCCESS
[2026-08-11 18:55:39] [EVENT] Event "law-applied" triggered (Subject: object-5, Object: null)
[2026-08-11 18:55:39] [LAW] Law "law-2" applied to "object-5" - SUCCESS
[2026-08-11 18:55:39] [EVENT] Event "law-applied" triggered (Subject: object-5, Object: null)
[2026-08-11 18:55:39] [LAW] Law "law-2" applied to "object-5" - SUCCESS
[2026-08-11 18:55:39] [EVENT] Event "law-applied" triggered (Subject: object-5, Object: null)
[2026-08-11 18:55:39] [LAW] Law "law-2" applied to "object-5" - SUCCESS
[2026-08-11 18:55:39] [EVENT] Event "law-applied" triggered (Subject: object-5, Object: null)
[2026-08-11 18:55:39] [LAW] Law "law-2" applied to "object-5" - SUCCESS
[2026-08-11 18:55:39] [EVENT] Event "law-applied" triggered (Subject: object-5, Object: null)
[2026-08-11 18:55:39] [LAW] Law "law-2" applied to "object-5" - SUCCESS
[2026-08-11 18:55:39] [EVENT] Event "law-applied" triggered (Subject: object-5, Object: null)
[2026-08-11 18:55:39] [LAW] Law "law-2" applied to "object-5" - SUCCESS
[2026-08-11 18:55:39] [EVENT] Event "law-applied" triggered (Subject: object-5, Object: null)
[2026-08-11 18:55:39] [LAW] Law "law-2" applied to "object-5" - SUCCESS
[2026-08-11 18:55:39] [EVENT] Event "law-applied" triggered (Subject: object-5, Object: null)
[2026-08-11 18:55:39] [EVENT] Event "enters-world" triggered (Subject: object-5, Object: null)
[2026-08-11 18:55:39] [LAW] Law "law-1" applied to "object-5" - SUCCESS
[2026-08-11 18:55:39] [EVENT] Event "law-applied" triggered (Subject: object-5, Object: null)
[2026-08-11 18:55:44] [EVENT] Event "relation-formed" triggered (Subject: law-1-authored-by-object-8, Object: null)
[2026-08-11 18:55:44] [EVENT] Event "law-registered" triggered (Subject: law-1, Object: null)
[2026-08-11 18:55:44] [EVENT] Event "person-joined-zone" triggered (Subject: object-7, Object: Commons)
[2026-08-11 18:55:44] [LAW] Law "law-1" applied to "object-7" - CONDITIONS FAILED
[2026-08-11 18:55:44] [EVENT] Event "person-joined-zone" triggered (Subject: object-7, Object: Home)
[2026-08-11 18:55:44] [LAW] Law "law-1" applied to "object-7" - SUCCESS
[2026-08-11 18:58:23] [EVENT] Event "relation-formed" triggered (Subject: law-2-targets-object-6, Object: null)
[2026-08-11 18:58:23] [EVENT] Event "relation-formed" triggered (Subject: law-1-authored-by-object-3, Object: null)
[2026-08-11 18:58:23] [EVENT] Event "law-registered" triggered (Subject: law-1, Object: null)
[2026-08-11 18:58:23] [EVENT] Event "relation-formed" triggered (Subject: law-2-authored-by-object-3, Object: null)
[2026-08-11 18:58:23] [EVENT] Event "law-registered" triggered (Subject: law-2, Object: null)
[2026-08-11 18:58:23] [LAW] Law "law-1" applied to "object-3" - SUCCESS
[2026-08-11 18:58:23] [EVENT] Event "law-applied" triggered (Subject: object-3, Object: null)
[2026-08-11 18:58:23] [LAW] Law "law-1" applied to "object-4" - SUCCESS
[2026-08-11 18:58:23] [EVENT] Event "law-applied" triggered (Subject: object-4, Object: null)
[2026-08-11 18:58:23] [EVENT] Event "relation-formed" triggered (Subject: law-5-authored-by-object-3, Object: null)
[2026-08-11 18:58:23] [EVENT] Event "law-registered" triggered (Subject: law-5, Object: null)
[2026-08-11 18:58:23] [LAW] Law "law-5" applied to "object-7" - SUCCESS
[2026-08-11 18:58:23] [EVENT] Event "law-applied" triggered (Subject: object-7, Object: null)
[2026-08-11 18:58:23] [EVENT] Event "object-created" triggered (Subject: object-6, Object: null)
[2026-08-11 18:58:23] [LAW] Law "law-2" applied to "object-6" - SUCCESS
[2026-08-11 18:58:23] [EVENT] Event "law-applied" triggered (Subject: object-6, Object: null)
[2026-08-11 18:58:23] [LAW] Law "law-2" applied to "object-6" - SUCCESS
[2026-08-11 18:58:23] [EVENT] Event "law-applied" triggered (Subject: object-6, Object: null)
[2026-08-11 18:58:23] [EVENT] Event "relation-formed" triggered (Subject: law-6-authored-by-object-3, Object: null)
[2026-08-11 18:58:23] [EVENT] Event "law-registered" triggered (Subject: law-6, Object: null)
[2026-08-11 18:58:23] [LAW] Law "law-6" applied to "object-8" - SUCCESS
[2026-08-11 18:58:23] [EVENT] Event "law-applied" triggered (Subject: object-8, Object: null)
[2026-08-11 18:58:23] [EVENT] Event "relation-formed" triggered (Subject: law-7-authored-by-object-3, Object: null)
[2026-08-11 18:58:23] [EVENT] Event "law-registered" triggered (Subject: law-7, Object: null)
[2026-08-11 18:58:23] [EVENT] Event "relation-formed" triggered (Subject: law-7-targets-object-4, Object: null)
[2026-08-11 18:58:23] [LAW] Law "law-7" applied to "object-4" - SUCCESS
[2026-08-11 18:58:23] [EVENT] Event "law-applied" triggered (Subject: object-4, Object: null)
[2026-08-11 18:58:25] [LAW] Law "law-1" applied to "object-5" - SUCCESS
[2026-08-11 18:58:25] [LAW] Law "law-1" applied to "object-5" - CONDITIONS FAILED
[2026-08-11 18:58:25] [LAW] Law "law-1" applied to "object-7" - SUCCESS
[2026-08-11 18:58:25] [LAW] Law "law-3" applied to "object-9" - SUCCESS
[2026-08-11 18:58:25] [LAW] Law "law-3" applied to "object-10" - CONDITIONS FAILED
[2026-08-11 18:58:25] [LAW] Law "law-3" applied to "object-12" - SUCCESS
[2026-08-11 18:58:25] [LAW] Law "law-5" applied to "object-14" - SUCCESS
[2026-08-11 18:58:25] [LAW] Law "law-6" applied to "TestSubject" - CONDITIONS FAILED
[2026-08-11 18:58:25] [LAW] Law "law-6" applied to "TestSubject" - SUCCESS
[2026-08-11 18:58:25] [LAW] Law "law-7" applied to "TestSubject" - SUCCESS
[2026-08-11 18:58:25] [LAW] Law "law-8" applied to "TestSubject" - SUCCESS
[2026-08-11 18:58:25] [LAW] Law "law-8" applied to "TestSubject" - CONDITIONS FAILED
[2026-08-11 18:58:25] [LAW] Law "law-9" applied to "object-42" - CONDITIONS FAILED
[2026-08-11 18:58:25] [LAW] Law "law-9" applied to "object-42" - CONDITIONS FAILED
[2026-08-11 18:58:25] [LAW] Law "law-9" applied to "object-42" - SUCCESS
[2026-08-11 18:58:25] [LAW] Law "law-9" applied to "object-42" - SUCCESS
[2026-08-11 18:58:25] [LAW] Law "law-1" applied to "object-5" - SUCCESS
[2026-08-11 18:58:25] [LAW] Law "law-1" applied to "object-6" - CONDITIONS FAILED
[2026-08-11 18:58:25] [LAW] Law "law-1" applied to "object-8" - SUCCESS
[2026-08-11 18:58:25] [LAW] Law "law-1" applied to "object-9" - CONDITIONS FAILED
[2026-08-11 18:58:25] [LAW] Law "law-3" applied to "object-11" - SUCCESS
[2026-08-11 18:58:25] [LAW] Law "law-4" applied to "object-13" - NO EFFECT (Map: outside the authored bounds)
[2026-08-11 18:58:25] [LAW] Law "law-5" applied to "object-15" - SUCCESS
[2026-08-11 18:58:25] [LAW] Law "law-6" applied to "object-17" - SUCCESS
[2026-08-11 18:58:25] [LAW] Law "law-7" applied to "object-20" - SUCCESS
[2026-08-11 18:58:25] [LAW] Law "law-8" applied to "object-22" - SUCCESS
[2026-08-11 18:58:25] [LAW] Law "law-9" applied to "object-27" - SUCCESS
[2026-08-11 18:58:26] [LAW] Law "law-1" applied to "zack" - SUCCESS
[2026-08-11 18:58:27] [LAW] Law "law-1" applied to "object-5" - CONDITIONS FAILED
[2026-08-11 18:58:27] [LAW] Law "law-1" applied to "object-5" - SUCCESS
[2026-08-11 18:58:27] [LAW] Law "law-1" applied to "object-5" - SUCCESS
[2026-08-11 18:58:27] [LAW] Law "law-2" applied to "object-8" - NO ACTIONS
[2026-08-11 18:58:29] [EVENT] Event "boom" triggered (Subject: object-5, Object: null)
[2026-08-11 18:58:29] [LAW] Law "law-1" applied to "object-3" - SUCCESS
[2026-08-11 18:58:29] [LAW] Law "law-1" applied to "object-5" - SUCCESS
[2026-08-11 18:58:29] [LAW] Law "law-1" applied to "object-6" - SUCCESS
[2026-08-11 18:58:29] [EVENT] Event "relation-formed" triggered (Subject: concept-1-abstracted-from-object-5, Object: null)
[2026-08-11 18:58:29] [EVENT] Event "relation-formed" triggered (Subject: concept-1-authored-by-object-3, Object: null)
[2026-08-11 18:58:29] [EVENT] Event "concept-registered" triggered (Subject: concept-1, Object: null)
[2026-08-11 18:58:29] [EVENT] Event "concept-registered" triggered (Subject: concept-1, Object: null)
[2026-08-11 18:58:29] [EVENT] Event "relation-formed" triggered (Subject: law-5-authored-by-object-3, Object: null)
[2026-08-11 18:58:29] [EVENT] Event "law-registered" triggered (Subject: law-5, Object: null)
[2026-08-11 18:58:29] [EVENT] Event "relation-formed" triggered (Subject: law-6-authored-by-object-3, Object: null)
[2026-08-11 18:58:29] [EVENT] Event "law-registered" triggered (Subject: law-6, Object: null)
[2026-08-11 18:58:29] [EVENT] Event "relation-formed" triggered (Subject: law-7-authored-by-object-3, Object: null)
[2026-08-11 18:58:29] [EVENT] Event "law-registered" triggered (Subject: law-7, Object: null)
[2026-08-11 18:58:29] [EVENT] Event "law-registered" triggered (Subject: law-5, Object: null)
[2026-08-11 18:58:29] [EVENT] Event "law-registered" triggered (Subject: law-6, Object: null)
[2026-08-11 18:58:29] [EVENT] Event "law-registered" triggered (Subject: law-7, Object: null)
[2026-08-11 18:58:29] [LAW] Law "law-5" applied to "object-5" - SUCCESS
[2026-08-11 18:58:29] [LAW] Law "law-5" applied to "object-5" - SUCCESS
[2026-08-11 18:58:29] [LAW] Law "law-5" applied to "object-5" - SUCCESS
[2026-08-11 18:58:29] [LAW] Law "law-5" applied to "object-5" - SUCCESS
[2026-08-11 18:58:29] [LAW] Law "law-5" applied to "object-5" - SUCCESS
[2026-08-11 18:58:29] [LAW] Law "law-5" applied to "object-5" - SUCCESS
[2026-08-11 18:58:29] [LAW] Law "law-5" applied to "object-5" - SUCCESS
[2026-08-11 18:58:29] [LAW] Law "law-5" applied to "object-5" - SUCCESS
[2026-08-11 18:58:29] [LAW] Law "law-5" applied to "object-5" - SUCCESS
[2026-08-11 18:58:29] [LAW] Law "law-5" applied to "object-5" - SUCCESS
[2026-08-11 18:58:29] [LAW] Law "law-5" applied to "object-5" - SUCCESS
[2026-08-11 18:58:29] [LAW] Law "law-5" applied to "object-5" - SUCCESS
[2026-08-11 18:58:29] [LAW] Law "law-5" applied to "object-5" - SUCCESS
[2026-08-11 18:58:29] [LAW] Law "law-5" applied to "object-5" - SUCCESS
[2026-08-11 18:58:29] [LAW] Law "law-5" applied to "object-5" - SUCCESS
[2026-08-11 18:58:29] [LAW] Law "law-5" applied to "object-5" - SUCCESS
[2026-08-11 18:58:29] [LAW] Law "law-5" applied to "object-5" - SUCCESS
[2026-08-11 18:58:29] [LAW] Law "law-5" applied to "object-5" - SUCCESS
[2026-08-11 18:58:29] [LAW] Law "law-5" applied to "object-5" - SUCCESS
[2026-08-11 18:58:29] [LAW] Law "law-5" applied to "object-5" - SUCCESS
[2026-08-11 18:58:29] [LAW] Law "law-5" applied to "object-5" - SUCCESS
[2026-08-11 18:58:29] [LAW] Law "law-5" applied to "object-5" - SUCCESS
[2026-08-11 18:58:29] [LAW] Law "law-5" applied to "object-5" - SUCCESS
[2026-08-11 18:58:29] [LAW] Law "law-5" applied to "object-5" - SUCCESS
[2026-08-11 18:58:29] [LAW] Law "law-5" applied to "object-5" - SUCCESS
[2026-08-11 18:58:29] [LAW] Law "law-5" applied to "object-5" - SUCCESS
[2026-08-11 18:58:29] [LAW] Law "law-5" applied to "object-5" - SUCCESS
[2026-08-11 18:58:29] [LAW] Law "law-5" applied to "object-5" - SUCCESS
[2026-08-11 18:58:29] [LAW] Law "law-5" applied to "object-5" - SUCCESS
[2026-08-11 18:58:29] [LAW] Law "law-5" applied to "object-5" - SUCCESS
[2026-08-11 18:58:29] [LAW] Law "law-5" applied to "object-5" - SUCCESS
[2026-08-11 18:58:29] [LAW] Law "law-5" applied to "object-5" - SUCCESS
[2026-08-11 18:58:29] [LAW] Law "law-5" applied to "object-5" - SUCCESS
[2026-08-11 18:58:29] [LAW] Law "law-5" applied to "object-5" - SUCCESS
[2026-08-11 18:58:29] [LAW] Law "law-5" applied to "object-5" - SUCCESS
[2026-08-11 18:58:29] [LAW] Law "law-5" applied to "object-5" - SUCCESS
[2026-08-11 18:58:29] [LAW] Law "law-5" applied to "object-5" - SUCCESS
[2026-08-11 18:58:29] [LAW] Law "law-5" applied to "object-5" - SUCCESS
[2026-08-11 18:58:29] [LAW] Law "law-5" applied to "object-5" - SUCCESS
[2026-08-11 18:58:29] [LAW] Law "law-5" applied to "object-5" - SUCCESS
[2026-08-11 18:58:29] [LAW] Law "law-5" applied to "object-5" - SUCCESS
[2026-08-11 18:58:29] [LAW] Law "law-5" applied to "object-5" - SUCCESS
[2026-08-11 18:58:29] [LAW] Law "law-5" applied to "object-5" - SUCCESS
[2026-08-11 18:58:29] [LAW] Law "law-5" applied to "object-5" - SUCCESS
[2026-08-11 18:58:29] [LAW] Law "law-5" applied to "object-5" - SUCCESS
[2026-08-11 18:58:29] [LAW] Law "law-5" applied to "object-5" - SUCCESS
[2026-08-11 18:58:29] [LAW] Law "law-5" applied to "object-5" - SUCCESS
[2026-08-11 18:58:29] [LAW] Law "law-5" applied to "object-5" - SUCCESS
[2026-08-11 18:58:29] [LAW] Law "law-5" applied to "object-5" - SUCCESS
[2026-08-11 18:58:29] [LAW] Law "law-5" applied to "object-5" - SUCCESS
[2026-08-11 18:58:29] [LAW] Law "law-5" applied to "object-5" - SUCCESS
[2026-08-11 18:58:29] [LAW] Law "law-5" applied to "object-5" - SUCCESS
[2026-08-11 18:58:29] [LAW] Law "law-5" applied to "object-5" - SUCCESS
[2026-08-11 18:58:29] [LAW] Law "law-5" applied to "object-5" - SUCCESS
[2026-08-11 18:58:29] [LAW] Law "law-5" applied to "object-5" - SUCCESS
[2026-08-11 18:58:29] [LAW] Law "law-5" applied to "object-5" - SUCCESS
[2026-08-11 18:58:29] [LAW] Law "law-5" applied to "object-5" - SUCCESS
[2026-08-11 18:58:29] [LAW] Law "law-5" applied to "object-5" - SUCCESS
[2026-08-11 18:58:29] [LAW] Law "law-5" applied to "object-5" - SUCCESS
[2026-08-11 18:58:29] [LAW] Law "law-5" applied to "object-5" - SUCCESS
[2026-08-11 18:58:29] [LAW] Law "law-5" applied to "object-5" - SUCCESS
[2026-08-11 18:58:29] [LAW] Law "law-5" applied to "object-5" - SUCCESS
[2026-08-11 18:58:29] [LAW] Law "law-5" applied to "object-5" - SUCCESS
[2026-08-11 18:58:29] [LAW] Law "law-5" applied to "object-5" - SUCCESS
[2026-08-11 18:58:29] [LAW] Law "law-5" applied to "object-5" - SUCCESS
[2026-08-11 18:58:29] [LAW] Law "law-5" applied to "object-5" - SUCCESS
[2026-08-11 18:58:29] [LAW] Law "law-5" applied to "object-5" - SUCCESS
[2026-08-11 18:58:29] [LAW] Law "law-5" applied to "object-5" - SUCCESS
[2026-08-11 18:58:29] [LAW] Law "law-5" applied to "object-5" - SUCCESS
[2026-08-11 18:58:29] [LAW] Law "law-5" applied to "object-5" - SUCCESS
[2026-08-11 18:58:29] [LAW] Law "law-5" applied to "object-5" - SUCCESS
[2026-08-11 18:58:29] [LAW] Law "law-5" applied to "object-5" - SUCCESS
[2026-08-11 18:58:29] [LAW] Law "law-5" applied to "object-5" - SUCCESS
[2026-08-11 18:58:29] [LAW] Law "law-5" applied to "object-5" - SUCCESS
[2026-08-11 18:58:29] [LAW] Law "law-5" applied to "object-5" - SUCCESS
[2026-08-11 18:58:29] [LAW] Law "law-5" applied to "object-5" - SUCCESS
[2026-08-11 18:58:29] [LAW] Law "law-5" applied to "object-5" - SUCCESS
[2026-08-11 18:58:29] [LAW] Law "law-5" applied to "object-5" - SUCCESS
[2026-08-11 18:58:29] [LAW] Law "law-5" applied to "object-5" - SUCCESS
[2026-08-11 18:58:29] [LAW] Law "law-5" applied to "object-5" - SUCCESS
[2026-08-11 18:58:29] [LAW] Law "law-5" applied to "object-5" - SUCCESS
[2026-08-11 18:58:29] [LAW] Law "law-5" applied to "object-5" - SUCCESS
[2026-08-11 18:58:29] [LAW] Law "law-5" applied to "object-5" - SUCCESS
[2026-08-11 18:58:29] [LAW] Law "law-5" applied to "object-5" - SUCCESS
[2026-08-11 18:58:29] [LAW] Law "law-5" applied to "object-5" - SUCCESS
[2026-08-11 18:58:29] [LAW] Law "law-5" applied to "object-5" - SUCCESS
[2026-08-11 18:58:29] [LAW] Law "law-5" applied to "object-5" - SUCCESS
[2026-08-11 18:58:29] [LAW] Law "law-5" applied to "object-5" - SUCCESS
[2026-08-11 18:58:29] [LAW] Law "law-5" applied to "object-5" - SUCCESS
[2026-08-11 18:58:29] [LAW] Law "law-5" applied to "object-5" - SUCCESS
[2026-08-11 18:58:29] [LAW] Law "law-5" applied to "object-5" - SUCCESS
[2026-08-11 18:58:29] [LAW] Law "law-5" applied to "object-5" - SUCCESS
[2026-08-11 18:58:29] [LAW] Law "law-5" applied to "object-5" - SUCCESS
[2026-08-11 18:58:29] [LAW] Law "law-5" applied to "object-5" - SUCCESS
[2026-08-11 18:58:29] [LAW] Law "law-5" applied to "object-5" - SUCCESS
[2026-08-11 18:58:29] [LAW] Law "law-5" applied to "object-5" - SUCCESS
[2026-08-11 18:58:29] [LAW] Law "law-5" applied to "object-5" - SUCCESS
[2026-08-11 18:58:29] [LAW] Law "law-5" applied to "object-5" - SUCCESS
[2026-08-11 18:58:29] [LAW] Law "law-5" applied to "object-5" - SUCCESS
[2026-08-11 18:58:29] [LAW] Law "law-5" applied to "object-5" - SUCCESS
[2026-08-11 18:58:29] [LAW] Law "law-5" applied to "object-5" - SUCCESS
[2026-08-11 18:58:29] [LAW] Law "law-5" applied to "object-5" - SUCCESS
[2026-08-11 18:58:29] [LAW] Law "law-5" applied to "object-5" - SUCCESS
[2026-08-11 18:58:29] [LAW] Law "law-5" applied to "object-5" - SUCCESS
[2026-08-11 18:58:29] [LAW] Law "law-5" applied to "object-5" - SUCCESS
[2026-08-11 18:58:29] [LAW] Law "law-5" applied to "object-5" - SUCCESS
[2026-08-11 18:58:29] [LAW] Law "law-5" applied to "object-5" - SUCCESS
[2026-08-11 18:58:29] [LAW] Law "law-5" applied to "object-5" - SUCCESS
[2026-08-11 18:58:29] [LAW] Law "law-5" applied to "object-5" - SUCCESS
[2026-08-11 18:58:29] [LAW] Law "law-5" applied to "object-5" - SUCCESS
[2026-08-11 18:58:29] [LAW] Law "law-5" applied to "object-5" - SUCCESS
[2026-08-11 18:58:29] [LAW] Law "law-5" applied to "object-5" - SUCCESS
[2026-08-11 18:58:29] [LAW] Law "law-5" applied to "object-5" - SUCCESS
[2026-08-11 18:58:29] [LAW] Law "law-5" applied to "object-5" - SUCCESS
[2026-08-11 18:58:29] [LAW] Law "law-5" applied to "object-5" - SUCCESS
[2026-08-11 18:58:29] [LAW] Law "law-5" applied to "object-5" - SUCCESS
[2026-08-11 18:58:29] [LAW] Law "law-5" applied to "object-5" - SUCCESS
[2026-08-11 18:58:29] [LAW] Law "law-5" applied to "object-5" - SUCCESS
[2026-08-11 18:58:29] [LAW] Law "law-5" applied to "object-5" - SUCCESS
[2026-08-11 18:58:29] [LAW] Law "law-5" applied to "object-5" - SUCCESS
[2026-08-11 18:58:29] [LAW] Law "law-5" applied to "object-5" - SUCCESS
[2026-08-11 18:58:29] [LAW] Law "law-5" applied to "object-5" - SUCCESS
[2026-08-11 18:58:29] [LAW] Law "law-5" applied to "object-5" - SUCCESS
[2026-08-11 18:58:29] [LAW] Law "law-5" applied to "object-5" - SUCCESS
[2026-08-11 18:58:29] [LAW] Law "law-5" applied to "object-5" - SUCCESS
[2026-08-11 18:58:29] [LAW] Law "law-5" applied to "object-5" - SUCCESS
[2026-08-11 18:58:29] [LAW] Law "law-5" applied to "object-5" - SUCCESS
[2026-08-11 18:58:29] [LAW] Law "law-5" applied to "object-5" - SUCCESS
[2026-08-11 18:58:29] [LAW] Law "law-5" applied to "object-5" - SUCCESS
[2026-08-11 18:58:29] [LAW] Law "law-5" applied to "object-5" - SUCCESS
[2026-08-11 18:58:29] [LAW] Law "law-5" applied to "object-5" - SUCCESS
[2026-08-11 18:58:29] [LAW] Law "law-5" applied to "object-5" - SUCCESS
[2026-08-11 18:58:29] [LAW] Law "law-5" applied to "object-5" - SUCCESS
[2026-08-11 18:58:29] [LAW] Law "law-5" applied to "object-5" - SUCCESS
[2026-08-11 18:58:29] [LAW] Law "law-5" applied to "object-5" - SUCCESS
[2026-08-11 18:58:29] [LAW] Law "law-5" applied to "object-5" - SUCCESS
[2026-08-11 18:58:29] [LAW] Law "law-5" applied to "object-5" - SUCCESS
[2026-08-11 18:58:29] [LAW] Law "law-5" applied to "object-5" - SUCCESS
[2026-08-11 18:58:29] [LAW] Law "law-5" applied to "object-5" - SUCCESS
[2026-08-11 18:58:29] [LAW] Law "law-5" applied to "object-5" - SUCCESS
[2026-08-11 18:58:29] [LAW] Law "law-5" applied to "object-5" - SUCCESS
[2026-08-11 18:58:29] [LAW] Law "law-5" applied to "object-5" - SUCCESS
[2026-08-11 18:58:29] [LAW] Law "law-5" applied to "object-5" - SUCCESS
[2026-08-11 18:58:29] [LAW] Law "law-5" applied to "object-5" - SUCCESS
[2026-08-11 18:58:29] [LAW] Law "law-5" applied to "object-5" - SUCCESS
[2026-08-11 18:58:29] [LAW] Law "law-5" applied to "object-5" - SUCCESS
[2026-08-11 18:58:29] [LAW] Law "law-5" applied to "object-5" - SUCCESS
[2026-08-11 18:58:29] [LAW] Law "law-5" applied to "object-5" - SUCCESS
[2026-08-11 18:58:29] [LAW] Law "law-5" applied to "object-5" - SUCCESS
[2026-08-11 18:58:29] [LAW] Law "law-5" applied to "object-5" - SUCCESS
[2026-08-11 18:58:29] [LAW] Law "law-5" applied to "object-5" - SUCCESS
[2026-08-11 18:58:29] [LAW] Law "law-5" applied to "object-5" - SUCCESS
[2026-08-11 18:58:29] [LAW] Law "law-5" applied to "object-5" - SUCCESS
[2026-08-11 18:58:29] [LAW] Law "law-5" applied to "object-5" - SUCCESS
[2026-08-11 18:58:29] [LAW] Law "law-5" applied to "object-5" - SUCCESS
[2026-08-11 18:58:29] [LAW] Law "law-5" applied to "object-5" - SUCCESS
[2026-08-11 18:58:29] [LAW] Law "law-5" applied to "object-5" - SUCCESS
[2026-08-11 18:58:29] [LAW] Law "law-5" applied to "object-5" - SUCCESS
[2026-08-11 18:58:29] [LAW] Law "law-5" applied to "object-5" - SUCCESS
[2026-08-11 18:58:29] [LAW] Law "law-5" applied to "object-5" - SUCCESS
[2026-08-11 18:58:29] [LAW] Law "law-5" applied to "object-5" - SUCCESS
[2026-08-11 18:58:29] [LAW] Law "law-5" applied to "object-5" - SUCCESS
[2026-08-11 18:58:29] [LAW] Law "law-5" applied to "object-5" - SUCCESS
[2026-08-11 18:58:29] [LAW] Law "law-5" applied to "object-5" - SUCCESS
[2026-08-11 18:58:29] [LAW] Law "law-5" applied to "object-5" - SUCCESS
[2026-08-11 18:58:29] [LAW] Law "law-5" applied to "object-5" - SUCCESS
[2026-08-11 18:58:29] [LAW] Law "law-5" applied to "object-5" - SUCCESS
[2026-08-11 18:58:29] [LAW] Law "law-5" applied to "object-5" - SUCCESS
[2026-08-11 18:58:29] [LAW] Law "law-5" applied to "object-5" - SUCCESS
[2026-08-11 18:58:29] [LAW] Law "law-5" applied to "object-5" - SUCCESS
[2026-08-11 18:58:29] [LAW] Law "law-5" applied to "object-5" - SUCCESS
[2026-08-11 18:58:29] [LAW] Law "law-5" applied to "object-5" - SUCCESS
[2026-08-11 18:58:29] [LAW] Law "law-5" applied to "object-5" - SUCCESS
[2026-08-11 18:58:29] [LAW] Law "law-5" applied to "object-5" - SUCCESS
[2026-08-11 18:58:29] [LAW] Law "law-5" applied to "object-5" - SUCCESS
[2026-08-11 18:58:29] [LAW] Law "law-5" applied to "object-5" - SUCCESS
[2026-08-11 18:58:29] [LAW] Law "law-5" applied to "object-5" - SUCCESS
[2026-08-11 18:58:29] [LAW] Law "law-5" applied to "object-5" - SUCCESS
[2026-08-11 18:58:29] [LAW] Law "law-5" applied to "object-5" - SUCCESS
[2026-08-11 18:58:29] [LAW] Law "law-5" applied to "object-5" - SUCCESS
[2026-08-11 18:58:29] [LAW] Law "law-5" applied to "object-5" - SUCCESS
[2026-08-11 18:58:29] [LAW] Law "law-5" applied to "object-5" - SUCCESS
[2026-08-11 18:58:29] [LAW] Law "law-5" applied to "object-5" - SUCCESS
[2026-08-11 18:58:29] [LAW] Law "law-5" applied to "object-5" - SUCCESS
[2026-08-11 18:58:29] [LAW] Law "law-5" applied to "object-5" - SUCCESS
[2026-08-11 18:58:29] [LAW] Law "law-5" applied to "object-5" - SUCCESS
[2026-08-11 18:58:29] [LAW] Law "law-5" applied to "object-5" - SUCCESS
[2026-08-11 18:58:29] [LAW] Law "law-5" applied to "object-5" - SUCCESS
[2026-08-11 18:58:29] [LAW] Law "law-5" applied to "object-5" - SUCCESS
[2026-08-11 18:58:29] [LAW] Law "law-5" applied to "object-5" - SUCCESS
[2026-08-11 18:58:29] [LAW] Law "law-5" applied to "object-5" - SUCCESS
[2026-08-11 18:58:29] [LAW] Law "law-5" applied to "object-5" - SUCCESS
[2026-08-11 18:58:29] [LAW] Law "law-5" applied to "object-5" - SUCCESS
[2026-08-11 18:58:29] [LAW] Law "law-5" applied to "object-5" - SUCCESS
[2026-08-11 18:58:29] [LAW] Law "law-5" applied to "object-5" - SUCCESS
[2026-08-11 18:58:29] [LAW] Law "law-5" applied to "object-5" - SUCCESS
[2026-08-11 18:58:29] [LAW] Law "law-5" applied to "object-5" - SUCCESS
[2026-08-11 18:58:29] [LAW] Law "law-5" applied to "object-5" - SUCCESS
[2026-08-11 18:58:29] [LAW] Law "law-5" applied to "object-5" - SUCCESS
[2026-08-11 18:58:29] [LAW] Law "law-5" applied to "object-5" - SUCCESS
[2026-08-11 18:58:29] [LAW] Law "law-5" applied to "object-5" - SUCCESS
[2026-08-11 18:58:29] [LAW] Law "law-5" applied to "object-5" - SUCCESS
[2026-08-11 18:58:29] [LAW] Law "law-5" applied to "object-5" - SUCCESS
[2026-08-11 18:58:29] [LAW] Law "law-5" applied to "object-5" - SUCCESS
[2026-08-11 18:58:29] [LAW] Law "law-5" applied to "object-5" - SUCCESS
[2026-08-11 18:58:29] [LAW] Law "law-5" applied to "object-5" - SUCCESS
[2026-08-11 18:58:29] [LAW] Law "law-5" applied to "object-5" - SUCCESS
[2026-08-11 18:58:29] [LAW] Law "law-5" applied to "object-5" - SUCCESS
[2026-08-11 18:58:29] [LAW] Law "law-5" applied to "object-5" - SUCCESS
[2026-08-11 18:58:29] [LAW] Law "law-5" applied to "object-5" - SUCCESS
[2026-08-11 18:58:29] [LAW] Law "law-5" applied to "object-5" - SUCCESS
[2026-08-11 18:58:29] [LAW] Law "law-5" applied to "object-5" - SUCCESS
[2026-08-11 18:58:29] [LAW] Law "law-5" applied to "object-5" - SUCCESS
[2026-08-11 18:58:29] [LAW] Law "law-5" applied to "object-5" - SUCCESS
[2026-08-11 18:58:29] [LAW] Law "law-5" applied to "object-5" - SUCCESS
[2026-08-11 18:58:29] [LAW] Law "law-5" applied to "object-5" - SUCCESS
[2026-08-11 18:58:29] [LAW] Law "law-5" applied to "object-5" - SUCCESS
[2026-08-11 18:58:29] [LAW] Law "law-5" applied to "object-5" - SUCCESS
[2026-08-11 18:58:29] [LAW] Law "law-5" applied to "object-5" - SUCCESS
[2026-08-11 18:58:29] [LAW] Law "law-5" applied to "object-5" - SUCCESS
[2026-08-11 18:58:29] [LAW] Law "law-5" applied to "object-5" - SUCCESS
[2026-08-11 18:58:29] [LAW] Law "law-5" applied to "object-5" - SUCCESS
[2026-08-11 18:58:29] [LAW] Law "law-5" applied to "object-5" - SUCCESS
[2026-08-11 18:58:29] [LAW] Law "law-5" applied to "object-5" - SUCCESS
[2026-08-11 18:58:29] [LAW] Law "law-5" applied to "object-5" - SUCCESS
[2026-08-11 18:58:29] [LAW] Law "law-5" applied to "object-5" - SUCCESS
[2026-08-11 18:58:29] [LAW] Law "law-5" applied to "object-5" - SUCCESS
[2026-08-11 18:58:29] [LAW] Law "law-5" applied to "object-5" - SUCCESS
[2026-08-11 18:58:29] [LAW] Law "law-5" applied to "object-5" - SUCCESS
[2026-08-11 18:58:29] [LAW] Law "law-5" applied to "object-5" - SUCCESS
[2026-08-11 18:58:29] [LAW] Law "law-5" applied to "object-5" - SUCCESS
[2026-08-11 18:58:29] [LAW] Law "law-5" applied to "object-5" - SUCCESS
[2026-08-11 18:58:29] [LAW] Law "law-5" applied to "object-5" - SUCCESS
[2026-08-11 18:58:29] [LAW] Law "law-5" applied to "object-5" - SUCCESS
[2026-08-11 18:58:29] [LAW] Law "law-5" applied to "object-5" - SUCCESS
[2026-08-11 18:58:29] [LAW] Law "law-5" applied to "object-5" - SUCCESS
[2026-08-11 18:58:29] [LAW] Law "law-5" applied to "object-5" - SUCCESS
[2026-08-11 18:58:29] [LAW] Law "law-5" applied to "object-5" - SUCCESS
[2026-08-11 18:58:29] [LAW] Law "law-5" applied to "object-5" - SUCCESS
[2026-08-11 18:58:29] [LAW] Law "law-5" applied to "object-5" - SUCCESS
[2026-08-11 18:58:29] [LAW] Law "law-5" applied to "object-5" - SUCCESS
[2026-08-11 18:58:29] [LAW] Law "law-5" applied to "object-5" - SUCCESS
[2026-08-11 18:58:29] [LAW] Law "law-5" applied to "object-5" - SUCCESS
[2026-08-11 18:58:29] [LAW] Law "law-5" applied to "object-5" - SUCCESS
[2026-08-11 18:58:29] [LAW] Law "law-5" applied to "object-5" - SUCCESS
[2026-08-11 18:58:29] [LAW] Law "law-5" applied to "object-5" - SUCCESS
[2026-08-11 18:58:29] [LAW] Law "law-5" applied to "object-5" - SUCCESS
[2026-08-11 18:58:29] [LAW] Law "law-5" applied to "object-5" - SUCCESS
[2026-08-11 18:58:29] [LAW] Law "law-5" applied to "object-5" - SUCCESS
[2026-08-11 18:58:29] [LAW] Law "law-5" applied to "object-5" - SUCCESS
[2026-08-11 18:58:29] [LAW] Law "law-5" applied to "object-5" - SUCCESS
[2026-08-11 18:58:29] [LAW] Law "law-5" applied to "object-5" - SUCCESS
[2026-08-11 18:58:29] [LAW] Law "law-5" applied to "object-5" - SUCCESS
[2026-08-11 18:58:29] [LAW] Law "law-5" applied to "object-5" - SUCCESS
[2026-08-11 18:58:29] [LAW] Law "law-5" applied to "object-5" - SUCCESS
[2026-08-11 18:58:29] [LAW] Law "law-5" applied to "object-5" - SUCCESS
[2026-08-11 18:58:29] [LAW] Law "law-5" applied to "object-5" - SUCCESS
[2026-08-11 18:58:29] [LAW] Law "law-5" applied to "object-5" - SUCCESS
[2026-08-11 18:58:29] [LAW] Law "law-5" applied to "object-5" - SUCCESS
[2026-08-11 18:58:29] [LAW] Law "law-5" applied to "object-5" - SUCCESS
[2026-08-11 18:58:29] [LAW] Law "law-5" applied to "object-5" - SUCCESS
[2026-08-11 18:58:29] [LAW] Law "law-5" applied to "object-5" - SUCCESS
[2026-08-11 18:58:29] [LAW] Law "law-5" applied to "object-5" - SUCCESS
[2026-08-11 18:58:29] [LAW] Law "law-5" applied to "object-5" - SUCCESS
[2026-08-11 18:58:29] [LAW] Law "law-5" applied to "object-5" - SUCCESS
[2026-08-11 18:58:29] [LAW] Law "law-5" applied to "object-5" - SUCCESS
[2026-08-11 18:58:29] [LAW] Law "law-5" applied to "object-5" - SUCCESS
[2026-08-11 18:58:29] [LAW] Law "law-5" applied to "object-5" - SUCCESS
[2026-08-11 18:58:29] [LAW] Law "law-5" applied to "object-5" - SUCCESS
[2026-08-11 18:58:29] [LAW] Law "law-5" applied to "object-5" - SUCCESS
[2026-08-11 18:58:29] [LAW] Law "law-5" applied to "object-5" - SUCCESS
[2026-08-11 18:58:29] [LAW] Law "law-5" applied to "object-5" - SUCCESS
[2026-08-11 18:58:29] [LAW] Law "law-5" applied to "object-5" - SUCCESS
[2026-08-11 18:58:29] [LAW] Law "law-5" applied to "object-5" - SUCCESS
[2026-08-11 18:58:29] [LAW] Law "law-5" applied to "object-5" - SUCCESS
[2026-08-11 18:58:29] [LAW] Law "law-5" applied to "object-5" - SUCCESS
[2026-08-11 18:58:29] [LAW] Law "law-5" applied to "object-5" - SUCCESS
[2026-08-11 18:58:29] [LAW] Law "law-5" applied to "object-5" - SUCCESS
[2026-08-11 18:58:29] [LAW] Law "law-5" applied to "object-5" - SUCCESS
[2026-08-11 18:58:29] [LAW] Law "law-5" applied to "object-5" - SUCCESS
[2026-08-11 18:58:29] [LAW] Law "law-5" applied to "object-5" - SUCCESS
[2026-08-11 18:58:29] [LAW] Law "law-5" applied to "object-5" - SUCCESS
[2026-08-11 18:58:29] [LAW] Law "law-5" applied to "object-5" - SUCCESS
[2026-08-11 18:58:29] [LAW] Law "law-5" applied to "object-5" - SUCCESS
[2026-08-11 18:58:29] [LAW] Law "law-5" applied to "object-5" - SUCCESS
[2026-08-11 18:58:29] [LAW] Law "law-5" applied to "object-5" - SUCCESS
[2026-08-11 18:58:29] [LAW] Law "law-5" applied to "object-5" - SUCCESS
[2026-08-11 18:58:29] [LAW] Law "law-5" applied to "object-5" - SUCCESS
[2026-08-11 18:58:29] [LAW] Law "law-5" applied to "object-5" - SUCCESS
[2026-08-11 18:58:29] [LAW] Law "law-5" applied to "object-5" - SUCCESS
[2026-08-11 18:58:29] [LAW] Law "law-5" applied to "object-5" - SUCCESS
[2026-08-11 18:58:29] [LAW] Law "law-5" applied to "object-5" - SUCCESS
[2026-08-11 18:58:29] [LAW] Law "law-5" applied to "object-5" - SUCCESS
[2026-08-11 18:58:29] [LAW] Law "law-5" applied to "object-5" - SUCCESS
[2026-08-11 18:58:29] [LAW] Law "law-5" applied to "object-5" - SUCCESS
[2026-08-11 18:58:29] [LAW] Law "law-5" applied to "object-5" - SUCCESS
[2026-08-11 18:58:29] [LAW] Law "law-5" applied to "object-5" - SUCCESS
[2026-08-11 18:58:29] [LAW] Law "law-5" applied to "object-5" - SUCCESS
[2026-08-11 18:58:29] [LAW] Law "law-5" applied to "object-5" - SUCCESS
[2026-08-11 18:58:29] [LAW] Law "law-5" applied to "object-5" - SUCCESS
[2026-08-11 18:58:29] [LAW] Law "law-5" applied to "object-5" - SUCCESS
[2026-08-11 18:58:29] [LAW] Law "law-5" applied to "object-5" - SUCCESS
[2026-08-11 18:58:29] [LAW] Law "law-5" applied to "object-5" - SUCCESS
[2026-08-11 18:58:29] [LAW] Law "law-5" applied to "object-5" - SUCCESS
[2026-08-11 18:58:29] [LAW] Law "law-5" applied to "object-5" - SUCCESS
[2026-08-11 18:58:29] [LAW] Law "law-5" applied to "object-5" - SUCCESS
[2026-08-11 18:58:29] [LAW] Law "law-5" applied to "object-5" - SUCCESS
[2026-08-11 18:58:29] [LAW] Law "law-5" applied to "object-5" - SUCCESS
[2026-08-11 18:58:29] [LAW] Law "law-5" applied to "object-5" - SUCCESS
[2026-08-11 18:58:29] [LAW] Law "law-5" applied to "object-5" - SUCCESS
[2026-08-11 18:58:29] [LAW] Law "law-5" applied to "object-5" - SUCCESS
[2026-08-11 18:58:29] [LAW] Law "law-5" applied to "object-5" - SUCCESS
[2026-08-11 18:58:29] [LAW] Law "law-5" applied to "object-5" - SUCCESS
[2026-08-11 18:58:29] [LAW] Law "law-5" applied to "object-5" - SUCCESS
[2026-08-11 18:58:29] [LAW] Law "law-5" applied to "object-5" - SUCCESS
[2026-08-11 18:58:29] [LAW] Law "law-5" applied to "object-5" - SUCCESS
[2026-08-11 18:58:29] [LAW] Law "law-5" applied to "object-5" - SUCCESS
[2026-08-11 18:58:29] [LAW] Law "law-5" applied to "object-5" - SUCCESS
[2026-08-11 18:58:29] [LAW] Law "law-5" applied to "object-5" - SUCCESS
[2026-08-11 18:58:29] [LAW] Law "law-5" applied to "object-5" - SUCCESS
[2026-08-11 18:58:29] [LAW] Law "law-5" applied to "object-5" - SUCCESS
[2026-08-11 18:58:29] [LAW] Law "law-5" applied to "object-5" - SUCCESS
[2026-08-11 18:58:29] [LAW] Law "law-5" applied to "object-5" - SUCCESS
[2026-08-11 18:58:29] [LAW] Law "law-5" applied to "object-5" - SUCCESS
[2026-08-11 18:58:29] [LAW] Law "law-5" applied to "object-5" - SUCCESS
[2026-08-11 18:58:29] [LAW] Law "law-5" applied to "object-5" - SUCCESS
[2026-08-11 18:58:29] [LAW] Law "law-5" applied to "object-5" - SUCCESS
[2026-08-11 18:58:29] [LAW] Law "law-5" applied to "object-5" - SUCCESS
[2026-08-11 18:58:29] [LAW] Law "law-5" applied to "object-5" - SUCCESS
[2026-08-11 18:58:29] [LAW] Law "law-5" applied to "object-5" - SUCCESS
[2026-08-11 18:58:29] [LAW] Law "law-5" applied to "object-5" - SUCCESS
[2026-08-11 18:58:29] [LAW] Law "law-5" applied to "object-5" - SUCCESS
[2026-08-11 18:58:29] [LAW] Law "law-5" applied to "object-5" - SUCCESS
[2026-08-11 18:58:29] [LAW] Law "law-5" applied to "object-5" - SUCCESS
[2026-08-11 18:58:29] [LAW] Law "law-5" applied to "object-5" - SUCCESS
[2026-08-11 18:58:29] [LAW] Law "law-5" applied to "object-5" - SUCCESS
[2026-08-11 18:58:29] [LAW] Law "law-5" applied to "object-5" - SUCCESS
[2026-08-11 18:58:29] [LAW] Law "law-5" applied to "object-5" - SUCCESS
[2026-08-11 18:58:29] [LAW] Law "law-5" applied to "object-5" - SUCCESS
[2026-08-11 18:58:29] [LAW] Law "law-5" applied to "object-5" - SUCCESS
[2026-08-11 18:58:29] [LAW] Law "law-5" applied to "object-5" - SUCCESS
[2026-08-11 18:58:29] [LAW] Law "law-5" applied to "object-5" - SUCCESS
[2026-08-11 18:58:29] [LAW] Law "law-5" applied to "object-5" - SUCCESS
[2026-08-11 18:58:29] [LAW] Law "law-5" applied to "object-5" - SUCCESS
[2026-08-11 18:58:29] [LAW] Law "law-5" applied to "object-5" - SUCCESS
[2026-08-11 18:58:29] [LAW] Law "law-5" applied to "object-5" - SUCCESS
[2026-08-11 18:58:29] [LAW] Law "law-5" applied to "object-5" - SUCCESS
[2026-08-11 18:58:29] [LAW] Law "law-5" applied to "object-5" - SUCCESS
[2026-08-11 18:58:29] [LAW] Law "law-5" applied to "object-5" - SUCCESS
[2026-08-11 18:58:29] [LAW] Law "law-5" applied to "object-5" - SUCCESS
[2026-08-11 18:58:29] [LAW] Law "law-5" applied to "object-5" - SUCCESS
[2026-08-11 18:58:29] [LAW] Law "law-5" applied to "object-5" - SUCCESS
[2026-08-11 18:58:29] [LAW] Law "law-5" applied to "object-5" - SUCCESS
[2026-08-11 18:58:29] [LAW] Law "law-5" applied to "object-5" - SUCCESS
[2026-08-11 18:58:29] [LAW] Law "law-5" applied to "object-5" - SUCCESS
[2026-08-11 18:58:29] [LAW] Law "law-5" applied to "object-5" - SUCCESS
[2026-08-11 18:58:29] [LAW] Law "law-5" applied to "object-5" - SUCCESS
[2026-08-11 18:58:29] [LAW] Law "law-5" applied to "object-5" - SUCCESS
[2026-08-11 18:58:29] [LAW] Law "law-5" applied to "object-5" - SUCCESS
[2026-08-11 18:58:29] [LAW] Law "law-5" applied to "object-5" - SUCCESS
[2026-08-11 18:58:29] [LAW] Law "law-5" applied to "object-5" - SUCCESS
[2026-08-11 18:58:29] [LAW] Law "law-5" applied to "object-5" - SUCCESS
[2026-08-11 18:58:29] [LAW] Law "law-5" applied to "object-5" - SUCCESS
[2026-08-11 18:58:29] [LAW] Law "law-5" applied to "object-5" - SUCCESS
[2026-08-11 18:58:29] [LAW] Law "law-5" applied to "object-5" - SUCCESS
[2026-08-11 18:58:29] [LAW] Law "law-5" applied to "object-5" - SUCCESS
[2026-08-11 18:58:29] [LAW] Law "law-5" applied to "object-5" - SUCCESS
[2026-08-11 18:58:29] [LAW] Law "law-5" applied to "object-5" - SUCCESS
[2026-08-11 18:58:29] [LAW] Law "law-5" applied to "object-5" - SUCCESS
[2026-08-11 18:58:29] [LAW] Law "law-5" applied to "object-5" - SUCCESS
[2026-08-11 18:58:29] [LAW] Law "law-5" applied to "object-5" - SUCCESS
[2026-08-11 18:58:29] [LAW] Law "law-5" applied to "object-5" - SUCCESS
[2026-08-11 18:58:29] [LAW] Law "law-5" applied to "object-5" - SUCCESS
[2026-08-11 18:58:29] [LAW] Law "law-5" applied to "object-5" - SUCCESS
[2026-08-11 18:58:29] [LAW] Law "law-5" applied to "object-5" - SUCCESS
[2026-08-11 18:58:29] [LAW] Law "law-5" applied to "object-5" - SUCCESS
[2026-08-11 18:58:29] [LAW] Law "law-5" applied to "object-5" - SUCCESS
[2026-08-11 18:58:29] [LAW] Law "law-5" applied to "object-5" - SUCCESS
[2026-08-11 18:58:29] [LAW] Law "law-5" applied to "object-5" - SUCCESS
[2026-08-11 18:58:29] [LAW] Law "law-5" applied to "object-5" - SUCCESS
[2026-08-11 18:58:29] [LAW] Law "law-5" applied to "object-5" - SUCCESS
[2026-08-11 18:58:29] [LAW] Law "law-5" applied to "object-5" - SUCCESS
[2026-08-11 18:58:29] [LAW] Law "law-5" applied to "object-5" - SUCCESS
[2026-08-11 18:58:29] [LAW] Law "law-5" applied to "object-5" - SUCCESS
[2026-08-11 18:58:29] [LAW] Law "law-5" applied to "object-5" - SUCCESS
[2026-08-11 18:58:29] [LAW] Law "law-5" applied to "object-5" - SUCCESS
[2026-08-11 18:58:29] [LAW] Law "law-5" applied to "object-5" - SUCCESS
[2026-08-11 18:58:29] [LAW] Law "law-5" applied to "object-5" - SUCCESS
[2026-08-11 18:58:29] [LAW] Law "law-5" applied to "object-5" - SUCCESS
[2026-08-11 18:58:29] [LAW] Law "law-5" applied to "object-5" - SUCCESS
[2026-08-11 18:58:29] [LAW] Law "law-5" applied to "object-5" - SUCCESS
[2026-08-11 18:58:29] [LAW] Law "law-5" applied to "object-5" - SUCCESS
[2026-08-11 18:58:29] [LAW] Law "law-5" applied to "object-5" - SUCCESS
[2026-08-11 18:58:29] [LAW] Law "law-5" applied to "object-5" - SUCCESS
[2026-08-11 18:58:29] [LAW] Law "law-5" applied to "object-5" - SUCCESS
[2026-08-11 18:58:29] [LAW] Law "law-5" applied to "object-5" - SUCCESS
[2026-08-11 18:58:29] [LAW] Law "law-5" applied to "object-5" - SUCCESS
[2026-08-11 18:58:29] [LAW] Law "law-5" applied to "object-5" - SUCCESS
[2026-08-11 18:58:29] [LAW] Law "law-5" applied to "object-5" - SUCCESS
[2026-08-11 18:58:29] [LAW] Law "law-5" applied to "object-5" - SUCCESS
[2026-08-11 18:58:30] [LAW] Law "law-2" applied to "law-1" - SUCCESS
[2026-08-11 18:58:30] [LAW] Law "law-3" applied to "law-1" - SUCCESS
[2026-08-11 18:58:30] [LAW] Law "law-5" applied to "law-4" - SUCCESS
[2026-08-11 18:58:30] [LAW] Law "law-7" applied to "object-12" - SUCCESS
[2026-08-11 18:58:30] [LAW] Law "law-7" applied to "object-14" - SUCCESS
[2026-08-11 18:58:30] [LAW] Law "law-9" applied to "object-17" - SUCCESS
[2026-08-11 18:58:30] [LAW] Law "law-10" applied to "object-17" - SUCCESS
[2026-08-11 18:58:30] [LAW] Law "law-9" applied to "object-17" - SUCCESS
[2026-08-11 18:58:30] [LAW] Law "law-10" applied to "object-17" - SUCCESS
[2026-08-11 18:58:30] [LAW] Law "law-9" applied to "object-17" - SUCCESS
[2026-08-11 18:58:30] [LAW] Law "law-10" applied to "object-17" - SUCCESS
[2026-08-11 18:58:30] [LAW] Law "law-9" applied to "object-17" - SUCCESS
[2026-08-11 18:58:30] [LAW] Law "law-10" applied to "object-17" - SUCCESS
[2026-08-11 18:58:30] [LAW] Law "law-9" applied to "object-17" - SUCCESS
[2026-08-11 18:58:30] [LAW] Law "law-10" applied to "object-17" - SUCCESS
[2026-08-11 18:58:30] [LAW] Law "law-9" applied to "object-17" - SUCCESS
[2026-08-11 18:58:30] [LAW] Law "law-10" applied to "object-17" - SUCCESS
[2026-08-11 18:58:30] [LAW] Law "law-9" applied to "object-17" - SUCCESS
[2026-08-11 18:58:30] [LAW] Law "law-10" applied to "object-17" - SUCCESS
[2026-08-11 18:58:30] [LAW] Law "law-9" applied to "object-17" - SUCCESS
[2026-08-11 18:58:30] [LAW] Law "law-10" applied to "object-17" - SUCCESS
[2026-08-11 18:58:30] [LAW] Law "law-9" applied to "object-17" - SUCCESS
[2026-08-11 18:58:30] [LAW] Law "law-10" applied to "object-17" - SUCCESS
[2026-08-11 18:58:30] [LAW] Law "law-9" applied to "object-17" - SUCCESS
[2026-08-11 18:58:30] [LAW] Law "law-10" applied to "object-17" - SUCCESS
[2026-08-11 18:58:30] [LAW] Law "law-9" applied to "object-17" - SUCCESS
[2026-08-11 18:58:30] [LAW] Law "law-10" applied to "object-17" - SUCCESS
[2026-08-11 18:58:30] [LAW] Law "law-9" applied to "object-17" - SUCCESS
[2026-08-11 18:58:30] [LAW] Law "law-10" applied to "object-17" - SUCCESS
[2026-08-11 18:58:30] [LAW] Law "law-9" applied to "object-17" - SUCCESS
[2026-08-11 18:58:30] [LAW] Law "law-10" applied to "object-17" - SUCCESS
[2026-08-11 18:58:30] [LAW] Law "law-9" applied to "object-17" - SUCCESS
[2026-08-11 18:58:30] [LAW] Law "law-10" applied to "object-17" - SUCCESS
[2026-08-11 18:58:30] [LAW] Law "law-9" applied to "object-17" - SUCCESS
[2026-08-11 18:58:30] [LAW] Law "law-10" applied to "object-17" - SUCCESS
[2026-08-11 18:58:30] [LAW] Law "law-9" applied to "object-17" - SUCCESS
[2026-08-11 18:58:30] [LAW] Law "law-10" applied to "object-17" - SUCCESS
[2026-08-11 18:58:30] [LAW] Law "law-9" applied to "object-17" - SUCCESS
[2026-08-11 18:58:30] [LAW] Law "law-10" applied to "object-17" - SUCCESS
[2026-08-11 18:58:30] [LAW] Law "law-9" applied to "object-17" - SUCCESS
[2026-08-11 18:58:30] [LAW] Law "law-10" applied to "object-17" - SUCCESS
[2026-08-11 18:58:30] [LAW] Law "law-9" applied to "object-17" - SUCCESS
[2026-08-11 18:58:30] [LAW] Law "law-10" applied to "object-17" - SUCCESS
[2026-08-11 18:58:30] [LAW] Law "law-9" applied to "object-17" - SUCCESS
[2026-08-11 18:58:30] [LAW] Law "law-10" applied to "object-17" - SUCCESS
[2026-08-11 18:58:30] [LAW] Law "law-9" applied to "object-17" - SUCCESS
[2026-08-11 18:58:30] [LAW] Law "law-10" applied to "object-17" - SUCCESS
[2026-08-11 18:58:30] [LAW] Law "law-9" applied to "object-17" - SUCCESS
[2026-08-11 18:58:30] [LAW] Law "law-10" applied to "object-17" - SUCCESS
[2026-08-11 18:58:30] [LAW] Law "law-9" applied to "object-17" - SUCCESS
[2026-08-11 18:58:30] [LAW] Law "law-10" applied to "object-17" - SUCCESS
[2026-08-11 18:58:30] [LAW] Law "law-9" applied to "object-17" - SUCCESS
[2026-08-11 18:58:30] [LAW] Law "law-10" applied to "object-17" - SUCCESS
[2026-08-11 18:58:30] [LAW] Law "law-9" applied to "object-17" - SUCCESS
[2026-08-11 18:58:30] [LAW] Law "law-10" applied to "object-17" - SUCCESS
[2026-08-11 18:58:30] [LAW] Law "law-9" applied to "object-17" - SUCCESS
[2026-08-11 18:58:30] [LAW] Law "law-10" applied to "object-17" - SUCCESS
[2026-08-11 18:58:30] [LAW] Law "law-9" applied to "object-17" - SUCCESS
[2026-08-11 18:58:30] [LAW] Law "law-10" applied to "object-17" - SUCCESS
[2026-08-11 18:58:30] [LAW] Law "law-9" applied to "object-17" - SUCCESS
[2026-08-11 18:58:30] [LAW] Law "law-10" applied to "object-17" - SUCCESS
[2026-08-11 18:58:30] [LAW] Law "law-9" applied to "object-17" - SUCCESS
[2026-08-11 18:58:30] [LAW] Law "law-10" applied to "object-17" - SUCCESS
[2026-08-11 18:58:30] [LAW] Law "law-9" applied to "object-17" - SUCCESS
[2026-08-11 18:58:30] [LAW] Law "law-10" applied to "object-17" - SUCCESS
[2026-08-11 18:58:30] [LAW] Law "law-9" applied to "object-17" - SUCCESS
[2026-08-11 18:58:30] [LAW] Law "law-10" applied to "object-17" - SUCCESS
[2026-08-11 18:58:30] [LAW] Law "law-9" applied to "object-17" - SUCCESS
[2026-08-11 18:58:30] [LAW] Law "law-10" applied to "object-17" - SUCCESS
[2026-08-11 18:58:30] [LAW] Law "law-9" applied to "object-17" - SUCCESS
[2026-08-11 18:58:30] [LAW] Law "law-10" applied to "object-17" - SUCCESS
[2026-08-11 18:58:30] [LAW] Law "law-9" applied to "object-17" - SUCCESS
[2026-08-11 18:58:30] [LAW] Law "law-10" applied to "object-17" - SUCCESS
[2026-08-11 18:58:30] [LAW] Law "law-9" applied to "object-17" - SUCCESS
[2026-08-11 18:58:30] [LAW] Law "law-10" applied to "object-17" - SUCCESS
[2026-08-11 18:58:30] [LAW] Law "law-9" applied to "object-17" - SUCCESS
[2026-08-11 18:58:30] [LAW] Law "law-10" applied to "object-17" - SUCCESS
[2026-08-11 18:58:30] [LAW] Law "law-9" applied to "object-17" - SUCCESS
[2026-08-11 18:58:30] [LAW] Law "law-10" applied to "object-17" - SUCCESS
[2026-08-11 18:58:30] [LAW] Law "law-9" applied to "object-17" - SUCCESS
[2026-08-11 18:58:30] [LAW] Law "law-10" applied to "object-17" - SUCCESS
[2026-08-11 18:58:30] [LAW] Law "law-9" applied to "object-17" - SUCCESS
[2026-08-11 18:58:30] [LAW] Law "law-10" applied to "object-17" - SUCCESS
[2026-08-11 18:58:30] [LAW] Law "law-9" applied to "object-17" - SUCCESS
[2026-08-11 18:58:30] [LAW] Law "law-10" applied to "object-17" - SUCCESS
[2026-08-11 18:58:30] [LAW] Law "law-9" applied to "object-17" - SUCCESS
[2026-08-11 18:58:30] [LAW] Law "law-10" applied to "object-17" - SUCCESS
[2026-08-11 18:58:30] [LAW] Law "law-9" applied to "object-17" - SUCCESS
[2026-08-11 18:58:30] [LAW] Law "law-10" applied to "object-17" - SUCCESS
[2026-08-11 18:58:30] [LAW] Law "law-9" applied to "object-17" - SUCCESS
[2026-08-11 18:58:30] [LAW] Law "law-10" applied to "object-17" - SUCCESS
[2026-08-11 18:58:30] [LAW] Law "law-9" applied to "object-17" - SUCCESS
[2026-08-11 18:58:30] [LAW] Law "law-10" applied to "object-17" - SUCCESS
[2026-08-11 18:58:30] [LAW] Law "law-9" applied to "object-17" - SUCCESS
[2026-08-11 18:58:30] [LAW] Law "law-10" applied to "object-17" - SUCCESS
[2026-08-11 18:58:30] [LAW] Law "law-9" applied to "object-17" - SUCCESS
[2026-08-11 18:58:30] [LAW] Law "law-10" applied to "object-17" - SUCCESS
[2026-08-11 18:58:30] [LAW] Law "law-9" applied to "object-17" - SUCCESS
[2026-08-11 18:58:30] [LAW] Law "law-10" applied to "object-17" - SUCCESS
[2026-08-11 18:58:30] [LAW] Law "law-9" applied to "object-17" - SUCCESS
[2026-08-11 18:58:30] [LAW] Law "law-10" applied to "object-17" - SUCCESS
[2026-08-11 18:58:30] [LAW] Law "law-9" applied to "object-17" - SUCCESS
[2026-08-11 18:58:30] [LAW] Law "law-10" applied to "object-17" - SUCCESS
[2026-08-11 18:58:30] [LAW] Law "law-9" applied to "object-17" - SUCCESS
[2026-08-11 18:58:30] [LAW] Law "law-10" applied to "object-17" - SUCCESS
[2026-08-11 18:58:30] [LAW] Law "law-9" applied to "object-17" - SUCCESS
[2026-08-11 18:58:30] [LAW] Law "law-10" applied to "object-17" - SUCCESS
[2026-08-11 18:58:30] [LAW] Law "law-9" applied to "object-17" - SUCCESS
[2026-08-11 18:58:30] [LAW] Law "law-10" applied to "object-17" - SUCCESS
[2026-08-11 18:58:30] [LAW] Law "law-9" applied to "object-17" - SUCCESS
[2026-08-11 18:58:30] [LAW] Law "law-10" applied to "object-17" - SUCCESS
[2026-08-11 18:58:30] [LAW] Law "law-9" applied to "object-17" - SUCCESS
[2026-08-11 18:58:30] [LAW] Law "law-10" applied to "object-17" - SUCCESS
[2026-08-11 18:58:30] [LAW] Law "law-9" applied to "object-17" - SUCCESS
[2026-08-11 18:58:30] [LAW] Law "law-10" applied to "object-17" - SUCCESS
[2026-08-11 18:58:30] [LAW] Law "law-9" applied to "object-17" - SUCCESS
[2026-08-11 18:58:30] [LAW] Law "law-10" applied to "object-17" - SUCCESS
[2026-08-11 18:58:30] [LAW] Law "law-9" applied to "object-17" - SUCCESS
[2026-08-11 18:58:30] [LAW] Law "law-10" applied to "object-17" - SUCCESS
[2026-08-11 18:58:30] [LAW] Law "law-9" applied to "object-17" - SUCCESS
[2026-08-11 18:58:30] [LAW] Law "law-10" applied to "object-17" - SUCCESS
[2026-08-11 18:58:30] [LAW] Law "law-9" applied to "object-17" - SUCCESS
[2026-08-11 18:58:30] [LAW] Law "law-10" applied to "object-17" - SUCCESS
[2026-08-11 18:58:30] [LAW] Law "law-9" applied to "object-17" - SUCCESS
[2026-08-11 18:58:30] [LAW] Law "law-10" applied to "object-17" - SUCCESS
[2026-08-11 18:58:30] [LAW] Law "law-9" applied to "object-17" - SUCCESS
[2026-08-11 18:58:30] [LAW] Law "law-10" applied to "object-17" - SUCCESS
[2026-08-11 18:58:30] [LAW] Law "law-9" applied to "object-17" - SUCCESS
[2026-08-11 18:58:30] [LAW] Law "law-10" applied to "object-17" - SUCCESS
[2026-08-11 18:58:30] [LAW] Law "law-9" applied to "object-17" - SUCCESS
[2026-08-11 18:58:30] [LAW] Law "law-10" applied to "object-17" - SUCCESS
[2026-08-11 18:58:30] [LAW] Law "law-9" applied to "object-17" - SUCCESS
[2026-08-11 18:58:30] [LAW] Law "law-10" applied to "object-17" - SUCCESS
[2026-08-11 18:58:30] [LAW] Law "law-9" applied to "object-17" - SUCCESS
[2026-08-11 18:58:30] [LAW] Law "law-10" applied to "object-17" - SUCCESS
[2026-08-11 18:58:30] [LAW] Law "law-9" applied to "object-17" - SUCCESS
[2026-08-11 18:58:30] [LAW] Law "law-10" applied to "object-17" - SUCCESS
[2026-08-11 18:58:30] [LAW] Law "law-9" applied to "object-17" - SUCCESS
[2026-08-11 18:58:30] [LAW] Law "law-10" applied to "object-17" - SUCCESS
[2026-08-11 18:58:30] [LAW] Law "law-9" applied to "object-17" - SUCCESS
[2026-08-11 18:58:30] [LAW] Law "law-10" applied to "object-17" - SUCCESS
[2026-08-11 18:58:30] [LAW] Law "law-9" applied to "object-17" - SUCCESS
[2026-08-11 18:58:30] [LAW] Law "law-10" applied to "object-17" - SUCCESS
[2026-08-11 18:58:30] [LAW] Law "law-9" applied to "object-17" - SUCCESS
[2026-08-11 18:58:30] [LAW] Law "law-10" applied to "object-17" - SUCCESS
[2026-08-11 18:58:30] [LAW] Law "law-9" applied to "object-17" - SUCCESS
[2026-08-11 18:58:30] [LAW] Law "law-10" applied to "object-17" - SUCCESS
[2026-08-11 18:58:30] [LAW] Law "law-9" applied to "object-17" - SUCCESS
[2026-08-11 18:58:30] [LAW] Law "law-10" applied to "object-17" - SUCCESS
[2026-08-11 18:58:30] [LAW] Law "law-9" applied to "object-17" - SUCCESS
[2026-08-11 18:58:30] [LAW] Law "law-10" applied to "object-17" - SUCCESS
[2026-08-11 18:58:30] [LAW] Law "law-9" applied to "object-17" - SUCCESS
[2026-08-11 18:58:30] [LAW] Law "law-10" applied to "object-17" - SUCCESS
[2026-08-11 18:58:30] [LAW] Law "law-9" applied to "object-17" - SUCCESS
[2026-08-11 18:58:30] [LAW] Law "law-10" applied to "object-17" - SUCCESS
[2026-08-11 18:58:30] [LAW] Law "law-9" applied to "object-17" - SUCCESS
[2026-08-11 18:58:30] [LAW] Law "law-10" applied to "object-17" - SUCCESS
[2026-08-11 18:58:30] [LAW] Law "law-9" applied to "object-17" - SUCCESS
[2026-08-11 18:58:30] [LAW] Law "law-10" applied to "object-17" - SUCCESS
[2026-08-11 18:58:30] [LAW] Law "law-9" applied to "object-17" - SUCCESS
[2026-08-11 18:58:30] [LAW] Law "law-10" applied to "object-17" - SUCCESS
[2026-08-11 18:58:30] [LAW] Law "law-9" applied to "object-17" - SUCCESS
[2026-08-11 18:58:30] [LAW] Law "law-10" applied to "object-17" - SUCCESS
[2026-08-11 18:58:30] [LAW] Law "law-9" applied to "object-17" - SUCCESS
[2026-08-11 18:58:30] [LAW] Law "law-10" applied to "object-17" - SUCCESS
[2026-08-11 18:58:30] [LAW] Law "law-9" applied to "object-17" - SUCCESS
[2026-08-11 18:58:30] [LAW] Law "law-10" applied to "object-17" - SUCCESS
[2026-08-11 18:58:30] [LAW] Law "law-9" applied to "object-17" - SUCCESS
[2026-08-11 18:58:30] [LAW] Law "law-10" applied to "object-17" - SUCCESS
[2026-08-11 18:58:30] [LAW] Law "law-9" applied to "object-17" - SUCCESS
[2026-08-11 18:58:30] [LAW] Law "law-10" applied to "object-17" - SUCCESS
[2026-08-11 18:58:30] [LAW] Law "law-9" applied to "object-17" - SUCCESS
[2026-08-11 18:58:30] [LAW] Law "law-10" applied to "object-17" - SUCCESS
[2026-08-11 18:58:30] [LAW] Law "law-9" applied to "object-17" - SUCCESS
[2026-08-11 18:58:30] [LAW] Law "law-10" applied to "object-17" - SUCCESS
[2026-08-11 18:58:30] [LAW] Law "law-9" applied to "object-17" - SUCCESS
[2026-08-11 18:58:30] [LAW] Law "law-10" applied to "object-17" - SUCCESS
[2026-08-11 18:58:30] [LAW] Law "law-9" applied to "object-17" - SUCCESS
[2026-08-11 18:58:30] [LAW] Law "law-10" applied to "object-17" - SUCCESS
[2026-08-11 18:58:30] [LAW] Law "law-9" applied to "object-17" - SUCCESS
[2026-08-11 18:58:30] [LAW] Law "law-10" applied to "object-17" - SUCCESS
[2026-08-11 18:58:30] [LAW] Law "law-9" applied to "object-17" - SUCCESS
[2026-08-11 18:58:30] [LAW] Law "law-10" applied to "object-17" - SUCCESS
[2026-08-11 18:58:30] [LAW] Law "law-9" applied to "object-17" - SUCCESS
[2026-08-11 18:58:30] [LAW] Law "law-10" applied to "object-17" - SUCCESS
[2026-08-11 18:58:30] [LAW] Law "law-9" applied to "object-17" - SUCCESS
[2026-08-11 18:58:30] [LAW] Law "law-10" applied to "object-17" - SUCCESS
[2026-08-11 18:58:30] [LAW] Law "law-9" applied to "object-17" - SUCCESS
[2026-08-11 18:58:30] [LAW] Law "law-10" applied to "object-17" - SUCCESS
[2026-08-11 18:58:30] [LAW] Law "law-9" applied to "object-17" - SUCCESS
[2026-08-11 18:58:30] [LAW] Law "law-10" applied to "object-17" - SUCCESS
[2026-08-11 18:58:30] [LAW] Law "law-9" applied to "object-17" - SUCCESS
[2026-08-11 18:58:30] [LAW] Law "law-10" applied to "object-17" - SUCCESS
[2026-08-11 18:58:30] [LAW] Law "law-9" applied to "object-17" - SUCCESS
[2026-08-11 18:58:30] [LAW] Law "law-10" applied to "object-17" - SUCCESS
[2026-08-11 18:58:30] [LAW] Law "law-9" applied to "object-17" - SUCCESS
[2026-08-11 18:58:30] [LAW] Law "law-10" applied to "object-17" - SUCCESS
[2026-08-11 18:58:30] [LAW] Law "law-9" applied to "object-17" - SUCCESS
[2026-08-11 18:58:30] [LAW] Law "law-10" applied to "object-17" - SUCCESS
[2026-08-11 18:58:30] [LAW] Law "law-9" applied to "object-17" - SUCCESS
[2026-08-11 18:58:30] [LAW] Law "law-10" applied to "object-17" - SUCCESS
[2026-08-11 18:58:30] [LAW] Law "law-9" applied to "object-17" - SUCCESS
[2026-08-11 18:58:30] [LAW] Law "law-10" applied to "object-17" - SUCCESS
[2026-08-11 18:58:30] [LAW] Law "law-9" applied to "object-17" - SUCCESS
[2026-08-11 18:58:30] [LAW] Law "law-10" applied to "object-17" - SUCCESS
[2026-08-11 18:58:30] [LAW] Law "law-9" applied to "object-17" - SUCCESS
[2026-08-11 18:58:30] [LAW] Law "law-10" applied to "object-17" - SUCCESS
[2026-08-11 18:58:30] [LAW] Law "law-9" applied to "object-17" - SUCCESS
[2026-08-11 18:58:30] [LAW] Law "law-10" applied to "object-17" - SUCCESS
[2026-08-11 18:58:30] [LAW] Law "law-9" applied to "object-17" - SUCCESS
[2026-08-11 18:58:30] [LAW] Law "law-10" applied to "object-17" - SUCCESS
[2026-08-11 18:58:30] [LAW] Law "law-9" applied to "object-17" - SUCCESS
[2026-08-11 18:58:30] [LAW] Law "law-10" applied to "object-17" - SUCCESS
[2026-08-11 18:58:30] [LAW] Law "law-9" applied to "object-17" - SUCCESS
[2026-08-11 18:58:30] [LAW] Law "law-10" applied to "object-17" - SUCCESS
[2026-08-11 18:58:30] [LAW] Law "law-9" applied to "object-17" - SUCCESS
[2026-08-11 18:58:30] [LAW] Law "law-10" applied to "object-17" - SUCCESS
[2026-08-11 18:58:30] [LAW] Law "law-9" applied to "object-17" - SUCCESS
[2026-08-11 18:58:30] [LAW] Law "law-10" applied to "object-17" - SUCCESS
[2026-08-11 18:58:30] [LAW] Law "law-9" applied to "object-17" - SUCCESS
[2026-08-11 18:58:30] [LAW] Law "law-10" applied to "object-17" - SUCCESS
[2026-08-11 18:58:30] [LAW] Law "law-9" applied to "object-17" - SUCCESS
[2026-08-11 18:58:30] [LAW] Law "law-10" applied to "object-17" - SUCCESS
[2026-08-11 18:58:30] [LAW] Law "law-9" applied to "object-17" - SUCCESS
[2026-08-11 18:58:30] [LAW] Law "law-10" applied to "object-17" - SUCCESS
[2026-08-11 18:58:30] [LAW] Law "law-9" applied to "object-17" - SUCCESS
[2026-08-11 18:58:30] [LAW] Law "law-10" applied to "object-17" - SUCCESS
[2026-08-11 18:58:30] [LAW] Law "law-9" applied to "object-17" - SUCCESS
[2026-08-11 18:58:30] [LAW] Law "law-10" applied to "object-17" - SUCCESS
[2026-08-11 18:58:30] [LAW] Law "law-9" applied to "object-17" - SUCCESS
[2026-08-11 18:58:30] [LAW] Law "law-10" applied to "object-17" - SUCCESS
[2026-08-11 18:58:30] [LAW] Law "law-9" applied to "object-17" - SUCCESS
[2026-08-11 18:58:30] [LAW] Law "law-10" applied to "object-17" - SUCCESS
[2026-08-11 18:58:30] [LAW] Law "law-9" applied to "object-17" - SUCCESS
[2026-08-11 18:58:30] [LAW] Law "law-10" applied to "object-17" - SUCCESS
[2026-08-11 18:58:30] [LAW] Law "law-9" applied to "object-17" - SUCCESS
[2026-08-11 18:58:30] [LAW] Law "law-10" applied to "object-17" - SUCCESS
[2026-08-11 18:58:30] [LAW] Law "law-9" applied to "object-17" - SUCCESS
[2026-08-11 18:58:30] [LAW] Law "law-10" applied to "object-17" - SUCCESS
[2026-08-11 18:58:30] [LAW] Law "law-9" applied to "object-17" - SUCCESS
[2026-08-11 18:58:30] [LAW] Law "law-10" applied to "object-17" - SUCCESS
[2026-08-11 18:58:30] [LAW] Law "law-9" applied to "object-17" - SUCCESS
[2026-08-11 18:58:30] [LAW] Law "law-10" applied to "object-17" - SUCCESS
[2026-08-11 18:58:30] [LAW] Law "law-9" applied to "object-17" - SUCCESS
[2026-08-11 18:58:30] [LAW] Law "law-10" applied to "object-17" - SUCCESS
[2026-08-11 18:58:30] [EVENT] Event "concept-registered" triggered (Subject: concept-1, Object: null)
[2026-08-11 18:58:30] [EVENT] Event "relation-formed" triggered (Subject: law-1-authored-by-Player, Object: null)
[2026-08-11 18:58:30] [EVENT] Event "law-registered" triggered (Subject: law-1, Object: null)
[2026-08-11 18:58:30] [EVENT] Event "onMouseClicked" triggered (Subject: Player, Object: null)
[2026-08-11 18:58:30] [LAW] Law "law-1" applied to "Player" - CONDITIONS FAILED
[2026-08-11 18:58:30] [EVENT] Event "onMouseClicked" triggered (Subject: Player, Object: null)
[2026-08-11 18:58:30] [LAW] Law "law-1" applied to "Player" - CONDITIONS FAILED
[2026-08-11 18:58:30] [EVENT] Event "onMouseClicked" triggered (Subject: Player, Object: null)
[2026-08-11 18:58:30] [EVENT] Event "relation-formed" triggered (Subject: object-6-generated-from-concept-1, Object: null)
[2026-08-11 18:58:30] [EVENT] Event "concept-instantiated" triggered (Subject: concept-1, Object: null)
[2026-08-11 18:58:30] [EVENT] Event "object-created" triggered (Subject: object-6, Object: Player)
[2026-08-11 18:58:30] [LAW] Law "law-1" applied to "Player" - SUCCESS
[2026-08-11 18:58:30] [EVENT] Event "onMouseClicked" triggered (Subject: Player, Object: null)
[2026-08-11 18:58:30] [EVENT] Event "relation-formed" triggered (Subject: object-7-generated-from-concept-1, Object: null)
[2026-08-11 18:58:30] [EVENT] Event "concept-instantiated" triggered (Subject: concept-1, Object: null)
[2026-08-11 18:58:30] [EVENT] Event "object-created" triggered (Subject: object-7, Object: Player)
[2026-08-11 18:58:30] [LAW] Law "law-1" applied to "Player" - SUCCESS
[2026-08-11 18:58:30] [EVENT] Event "onMouseClicked" triggered (Subject: Player, Object: null)
[2026-08-11 18:58:30] [EVENT] Event "relation-formed" triggered (Subject: object-8-generated-from-concept-1, Object: null)
[2026-08-11 18:58:30] [EVENT] Event "concept-instantiated" triggered (Subject: concept-1, Object: null)
[2026-08-11 18:58:30] [EVENT] Event "object-created" triggered (Subject: object-8, Object: Player)
[2026-08-11 18:58:30] [LAW] Law "law-1" applied to "Player" - SUCCESS
[2026-08-11 18:58:30] [EVENT] Event "onMouseClicked" triggered (Subject: Player, Object: null)
[2026-08-11 18:58:30] [EVENT] Event "relation-formed" triggered (Subject: object-9-generated-from-concept-1, Object: null)
[2026-08-11 18:58:30] [EVENT] Event "concept-instantiated" triggered (Subject: concept-1, Object: null)
[2026-08-11 18:58:30] [EVENT] Event "object-created" triggered (Subject: object-9, Object: Player)
[2026-08-11 18:58:30] [LAW] Law "law-1" applied to "Player" - SUCCESS
[2026-08-11 18:58:30] [EVENT] Event "onMouseClicked" triggered (Subject: Player, Object: null)
[2026-08-11 18:58:30] [EVENT] Event "relation-formed" triggered (Subject: object-10-generated-from-concept-1, Object: null)
[2026-08-11 18:58:30] [EVENT] Event "concept-instantiated" triggered (Subject: concept-1, Object: null)
[2026-08-11 18:58:30] [EVENT] Event "object-created" triggered (Subject: object-10, Object: Player)
[2026-08-11 18:58:30] [LAW] Law "law-1" applied to "Player" - SUCCESS
[2026-08-11 18:58:30] [EVENT] Event "law-registered" triggered (Subject: law-1, Object: null)
[2026-08-11 18:58:30] [EVENT] Event "law-registered" triggered (Subject: law-1, Object: null)
[2026-08-11 18:58:30] [EVENT] Event "onMouseClicked" triggered (Subject: Player, Object: null)
[2026-08-11 18:58:30] [EVENT] Event "onMouseClicked" triggered (Subject: Player, Object: null)
[2026-08-11 18:58:30] [EVENT] Event "relation-formed" triggered (Subject: object-12-generated-from-concept-1, Object: null)
[2026-08-11 18:58:30] [EVENT] Event "relation-formed" triggered (Subject: object-12-generated-from-concept-1, Object: null)
[2026-08-11 18:58:30] [EVENT] Event "concept-instantiated" triggered (Subject: concept-1, Object: null)
[2026-08-11 18:58:30] [EVENT] Event "concept-instantiated" triggered (Subject: concept-1, Object: null)
[2026-08-11 18:58:30] [EVENT] Event "object-created" triggered (Subject: object-12, Object: Player)
[2026-08-11 18:58:30] [EVENT] Event "object-created" triggered (Subject: object-12, Object: Player)
[2026-08-11 18:58:30] [LAW] Law "law-1" applied to "Player" - SUCCESS
[2026-08-11 18:58:32] [EVENT] Event "law-registered" triggered (Subject: law-1, Object: null)
[2026-08-11 18:58:32] [EVENT] Event "birth-signal" triggered (Subject: World, Object: null)
[2026-08-11 18:58:32] [EVENT] Event "relation-formed" triggered (Subject: law-1-authored-by-object-3, Object: null)
[2026-08-11 18:58:32] [EVENT] Event "birth-signal" triggered (Subject: World, Object: null)
[2026-08-11 18:58:32] [EVENT] Event "relation-formed" triggered (Subject: object-14-generated-from-concept-1, Object: null)
[2026-08-11 18:58:32] [EVENT] Event "relation-formed" triggered (Subject: object-15-generated-from-concept-1, Object: null)
[2026-08-11 18:58:32] [EVENT] Event "concept-instantiated" triggered (Subject: concept-1, Object: null)
[2026-08-11 18:58:32] [EVENT] Event "object-created" triggered (Subject: object-14, Object: World)
[2026-08-11 18:58:32] [EVENT] Event "object-created" triggered (Subject: object-15, Object: World)
[2026-08-11 18:58:32] [LAW] Law "law-1" applied to "World" - SUCCESS
[2026-08-11 18:58:32] [EVENT] Event "law-applied" triggered (Subject: World, Object: null)
[2026-08-11 18:58:32] [EVENT] Event "relation-formed" triggered (Subject: concept-3-abstracted-from-object-16, Object: null)
[2026-08-11 18:58:32] [EVENT] Event "relation-formed" triggered (Subject: concept-3-authored-by-object-3, Object: null)
[2026-08-11 18:58:32] [EVENT] Event "relation-formed" triggered (Subject: object-18-generated-from-concept-3, Object: null)
[2026-08-11 18:58:32] [EVENT] Event "concept-instantiated" triggered (Subject: concept-3, Object: null)
[2026-08-11 18:58:32] [EVENT] Event "relation-formed" triggered (Subject: object-19-generated-from-concept-3, Object: null)
[2026-08-11 18:58:32] [EVENT] Event "concept-instantiated" triggered (Subject: concept-3, Object: null)
[2026-08-11 18:58:32] [EVENT] Event "relation-formed" triggered (Subject: law-2-authored-by-object-3, Object: null)
[2026-08-11 18:58:32] [EVENT] Event "law-registered" triggered (Subject: law-2, Object: null)
[2026-08-11 18:58:32] [LAW] Law "law-2" applied to "object-16" - SUCCESS
[2026-08-11 18:58:32] [EVENT] Event "law-applied" triggered (Subject: object-16, Object: null)
[2026-08-11 18:58:32] [EVENT] Event "relation-formed" triggered (Subject: concept-5-abstracted-from-object-16, Object: null)
[2026-08-11 18:58:32] [EVENT] Event "relation-formed" triggered (Subject: concept-5-authored-by-object-3, Object: null)
[2026-08-11 18:58:32] [EVENT] Event "relation-formed" triggered (Subject: object-23-generated-from-concept-5, Object: null)
[2026-08-11 18:58:32] [EVENT] Event "concept-instantiated" triggered (Subject: concept-5, Object: null)
[2026-08-11 18:58:32] [EVENT] Event "relation-formed" triggered (Subject: law-3-authored-by-object-3, Object: null)
[2026-08-11 18:58:32] [EVENT] Event "law-registered" triggered (Subject: law-3, Object: null)
[2026-08-11 18:58:32] [LAW] Law "law-3" applied to "object-16" - SUCCESS
[2026-08-11 18:58:32] [EVENT] Event "law-applied" triggered (Subject: object-16, Object: null)
[2026-08-11 18:58:32] [EVENT] Event "relation-formed" triggered (Subject: object-25-generated-from-concept-5, Object: null)
[2026-08-11 18:58:32] [EVENT] Event "concept-instantiated" triggered (Subject: concept-5, Object: null)
[2026-08-11 18:58:32] [EVENT] Event "relation-formed" triggered (Subject: law-4-authored-by-object-3, Object: null)
[2026-08-11 18:58:32] [EVENT] Event "law-registered" triggered (Subject: law-4, Object: null)
[2026-08-11 18:58:32] [LAW] Law "law-4" applied to "object-16" - NO EFFECT (Set: Read Only)
[2026-08-11 18:58:32] [EVENT] Event "law-applied" triggered (Subject: object-16, Object: null)
[2026-08-11 18:58:32] [EVENT] Event "relation-formed" triggered (Subject: object-27-attached-to-object-28, Object: null)
[2026-08-11 18:58:32] [EVENT] Event "relation-formed" triggered (Subject: concept-6-abstracted-from-object-27, Object: null)
[2026-08-11 18:58:32] [EVENT] Event "relation-formed" triggered (Subject: concept-6-abstracted-from-object-28, Object: null)
[2026-08-11 18:58:32] [EVENT] Event "relation-formed" triggered (Subject: concept-6-authored-by-object-3, Object: null)
[2026-08-11 18:58:32] [EVENT] Event "relation-formed" triggered (Subject: object-30-generated-from-concept-6, Object: null)
[2026-08-11 18:58:32] [EVENT] Event "relation-formed" triggered (Subject: object-31-generated-from-concept-6, Object: null)
[2026-08-11 18:58:32] [EVENT] Event "relation-formed" triggered (Subject: object-30-attached-to-object-31, Object: null)
[2026-08-11 18:58:32] [EVENT] Event "concept-instantiated" triggered (Subject: concept-6, Object: null)
[2026-08-11 18:58:32] [LAW] Law "law-1" applied to "object-4" - SUCCESS
[2026-08-11 18:58:32] [LAW] Law "law-1" applied to "object-4" - SUCCESS
[2026-08-11 18:58:32] [LAW] Law "law-2" applied to "object-5" - SUCCESS
[2026-08-11 18:58:32] [LAW] Law "law-2" applied to "object-5" - SUCCESS
[2026-08-11 18:58:32] [LAW] Law "law-4" applied to "object-9" - SUCCESS
[2026-08-11 18:58:32] [EVENT] Event "relation-formed" triggered (Subject: law-5-authored-by-object-3, Object: null)
[2026-08-11 18:58:32] [EVENT] Event "law-registered" triggered (Subject: law-5, Object: null)
[2026-08-11 18:58:32] [EVENT] Event "raise-signal" triggered (Subject: object-4, Object: null)
[2026-08-11 18:58:32] [LAW] Law "law-5" applied to "object-4" - SUCCESS
[2026-08-11 18:58:32] [EVENT] Event "law-applied" triggered (Subject: object-4, Object: null)
[2026-08-11 18:58:32] [LAW] Law "law-5" applied to "object-5" - SUCCESS
[2026-08-11 18:58:32] [EVENT] Event "law-applied" triggered (Subject: object-5, Object: null)
[2026-08-11 18:58:32] [EVENT] Event "relation-formed" triggered (Subject: law-7-authored-by-object-3, Object: null)
[2026-08-11 18:58:32] [EVENT] Event "law-registered" triggered (Subject: law-7, Object: null)
[2026-08-11 18:58:32] [LAW] Law "law-7" applied to "object-5" - SUCCESS
[2026-08-11 18:58:32] [EVENT] Event "law-applied" triggered (Subject: object-5, Object: null)
[2026-08-11 18:58:32] [EVENT] Event "relation-formed" triggered (Subject: law-4-targets-object-15, Object: null)
[2026-08-11 18:58:32] [LAW] Law "law-4" applied to "object-15" - SUCCESS
[2026-08-11 18:58:32] [EVENT] Event "law-applied" triggered (Subject: object-15, Object: null)
[2026-08-11 18:58:32] [EVENT] Event "relation-formed" triggered (Subject: object-4-touching-object-5, Object: null)
[2026-08-11 18:58:32] [EVENT] Event "relation-formed" triggered (Subject: object-4-owns-object-9, Object: null)
[2026-08-11 18:58:32] [EVENT] Event "relation-formed" triggered (Subject: law-9-authored-by-object-3, Object: null)
[2026-08-11 18:58:32] [EVENT] Event "law-registered" triggered (Subject: law-9, Object: null)
[2026-08-11 18:58:32] [EVENT] Event "relation-formed" triggered (Subject: law-9-targets-object-4, Object: null)
[2026-08-11 18:58:32] [EVENT] Event "relation-formed" triggered (Subject: law-10-authored-by-object-3, Object: null)
[2026-08-11 18:58:32] [EVENT] Event "law-registered" triggered (Subject: law-10, Object: null)
[2026-08-11 18:58:32] [EVENT] Event "contact-perceived" triggered (Subject: object-4, Object: object-5)
[2026-08-11 18:58:32] [LAW] Law "law-9" applied to "object-4" - SUCCESS
[2026-08-11 18:58:32] [EVENT] Event "law-applied" triggered (Subject: object-4, Object: null)
[2026-08-11 18:58:32] [LAW] Law "law-10" applied to "object-4" - SUCCESS
[2026-08-11 18:58:32] [EVENT] Event "law-applied" triggered (Subject: object-4, Object: null)
[2026-08-11 18:58:32] [LAW] Law "law-9" applied to "object-4" - CONDITIONS FAILED
[2026-08-11 18:58:32] [LAW] Law "law-9" applied to "object-4" - CONDITIONS FAILED
[2026-08-11 18:58:32] [LAW] Law "law-9" applied to "object-4" - CONDITIONS FAILED
[2026-08-11 18:58:32] [LAW] Law "law-9" applied to "object-4" - CONDITIONS FAILED
[2026-08-11 18:58:32] [EVENT] Event "relation-formed" triggered (Subject: law-11-authored-by-object-3, Object: null)
[2026-08-11 18:58:32] [LAW] Law "law-11" applied to "object-4" - NO EFFECT (Publish: unproven subject: no-such-being)
[2026-08-11 18:58:32] [EVENT] Event "law-applied" triggered (Subject: object-4, Object: null)
[2026-08-11 18:58:33] [LAW] Law "law-1" applied to "object-4" - SUCCESS
[2026-08-11 18:58:33] [LAW] Law "law-1" applied to "object-4" - SUCCESS
[2026-08-11 18:58:33] [LAW] Law "law-1" applied to "object-4" - SUCCESS
[2026-08-11 18:58:33] [LAW] Law "law-2" applied to "object-5" - SUCCESS
[2026-08-11 18:58:33] [LAW] Law "law-2" applied to "object-5" - SUCCESS
[2026-08-11 18:58:33] [LAW] Law "law-2" applied to "object-5" - SUCCESS
[2026-08-11 18:58:33] [LAW] Law "law-2" applied to "object-5" - SUCCESS
[2026-08-11 18:58:33] [LAW] Law "law-3" applied to "object-5" - SUCCESS
[2026-08-11 18:58:33] [LAW] Law "law-3" applied to "object-5" - SUCCESS
[2026-08-11 18:58:33] [LAW] Law "law-3" applied to "object-5" - SUCCESS
[2026-08-11 18:58:33] [LAW] Law "law-3" applied to "object-5" - SUCCESS
[2026-08-11 18:58:33] [LAW] Law "law-3" applied to "object-5" - SUCCESS
[2026-08-11 18:58:33] [LAW] Law "law-3" applied to "object-5" - SUCCESS
[2026-08-11 18:58:33] [LAW] Law "law-3" applied to "object-5" - SUCCESS
[2026-08-11 18:58:33] [LAW] Law "law-3" applied to "object-5" - SUCCESS
[2026-08-11 18:58:33] [LAW] Law "law-3" applied to "object-5" - SUCCESS
[2026-08-11 18:58:33] [LAW] Law "law-3" applied to "object-5" - SUCCESS
[2026-08-11 18:58:33] [LAW] Law "law-3" applied to "object-5" - SUCCESS
[2026-08-11 18:58:33] [EVENT] Event "relation-formed" triggered (Subject: law-4-authored-by-object-3, Object: null)
[2026-08-11 18:58:33] [EVENT] Event "law-registered" triggered (Subject: law-4, Object: null)
[2026-08-11 18:58:33] [EVENT] Event "kick" triggered (Subject: object-4, Object: null)
[2026-08-11 18:58:33] [LAW] Law "law-4" applied to "object-4" - SUCCESS
[2026-08-11 18:58:33] [EVENT] Event "law-applied" triggered (Subject: object-4, Object: null)
[2026-08-11 18:58:33] [LAW] Law "law-4" applied to "object-4" - SUCCESS
[2026-08-11 18:58:33] [EVENT] Event "law-applied" triggered (Subject: object-4, Object: null)
[2026-08-11 18:58:33] [LAW] Law "law-4" applied to "object-4" - SUCCESS
[2026-08-11 18:58:33] [EVENT] Event "law-applied" triggered (Subject: object-4, Object: null)
[2026-08-11 18:58:33] [EVENT] Event "law-drive-finished" triggered (Subject: object-4, Object: null)
[2026-08-11 18:58:33] [EVENT] Event "kick" triggered (Subject: object-4, Object: null)
[2026-08-11 18:58:33] [LAW] Law "law-4" applied to "object-4" - SUCCESS
[2026-08-11 18:58:33] [EVENT] Event "law-applied" triggered (Subject: object-4, Object: null)
[2026-08-11 18:58:33] [EVENT] Event "relation-formed" triggered (Subject: law-5-authored-by-object-3, Object: null)
[2026-08-11 18:58:33] [EVENT] Event "law-registered" triggered (Subject: law-5, Object: null)
[2026-08-11 18:58:33] [EVENT] Event "kick" triggered (Subject: object-5, Object: null)
[2026-08-11 18:58:33] [LAW] Law "law-5" applied to "object-5" - SUCCESS
[2026-08-11 18:58:33] [EVENT] Event "law-applied" triggered (Subject: object-5, Object: null)
[2026-08-11 18:58:33] [LAW] Law "law-5" applied to "object-5" - SUCCESS
[2026-08-11 18:58:33] [EVENT] Event "law-applied" triggered (Subject: object-5, Object: null)
[2026-08-11 18:58:33] [EVENT] Event "law-drive-finished" triggered (Subject: object-5, Object: null)
[2026-08-11 18:58:33] [EVENT] Event "relation-formed" triggered (Subject: law-6-authored-by-object-3, Object: null)
[2026-08-11 18:58:33] [EVENT] Event "law-registered" triggered (Subject: law-6, Object: null)
[2026-08-11 18:58:33] [EVENT] Event "kick" triggered (Subject: object-5, Object: null)
[2026-08-11 18:58:33] [LAW] Law "law-6" applied to "object-5" - SUCCESS
[2026-08-11 18:58:33] [EVENT] Event "law-applied" triggered (Subject: object-5, Object: null)
[2026-08-11 18:58:33] [EVENT] Event "kick" triggered (Subject: object-5, Object: null)
[2026-08-11 18:58:33] [LAW] Law "law-6" applied to "object-5" - SUCCESS
[2026-08-11 18:58:33] [EVENT] Event "law-applied" triggered (Subject: object-5, Object: null)
[2026-08-11 18:58:33] [EVENT] Event "kick" triggered (Subject: object-5, Object: null)
[2026-08-11 18:58:33] [LAW] Law "law-6" applied to "object-5" - SUCCESS
[2026-08-11 18:58:33] [EVENT] Event "law-applied" triggered (Subject: object-5, Object: null)
[2026-08-11 18:58:33] [EVENT] Event "kick" triggered (Subject: object-5, Object: null)
[2026-08-11 18:58:33] [LAW] Law "law-6" applied to "object-5" - SUCCESS
[2026-08-11 18:58:33] [EVENT] Event "law-applied" triggered (Subject: object-5, Object: null)
[2026-08-11 18:58:33] [EVENT] Event "relation-formed" triggered (Subject: law-7-authored-by-object-3, Object: null)
[2026-08-11 18:58:33] [EVENT] Event "law-registered" triggered (Subject: law-7, Object: null)
[2026-08-11 18:58:33] [EVENT] Event "kick" triggered (Subject: object-5, Object: null)
[2026-08-11 18:58:33] [LAW] Law "law-7" applied to "object-5" - SUCCESS
[2026-08-11 18:58:33] [EVENT] Event "law-applied" triggered (Subject: object-5, Object: null)
[2026-08-11 18:58:33] [LAW] Law "law-7" applied to "object-5" - SUCCESS
[2026-08-11 18:58:33] [EVENT] Event "law-applied" triggered (Subject: object-5, Object: null)
[2026-08-11 18:58:33] [EVENT] Event "kick" triggered (Subject: object-5, Object: null)
[2026-08-11 18:58:33] [LAW] Law "law-7" applied to "object-5" - SUCCESS
[2026-08-11 18:58:33] [EVENT] Event "law-applied" triggered (Subject: object-5, Object: null)
[2026-08-11 18:58:33] [EVENT] Event "relation-formed" triggered (Subject: law-10-authored-by-object-3, Object: null)
[2026-08-11 18:58:33] [EVENT] Event "law-registered" triggered (Subject: law-10, Object: null)
[2026-08-11 18:58:33] [EVENT] Event "touch" triggered (Subject: object-4, Object: object-5)
[2026-08-11 18:58:33] [LAW] Law "law-10" applied to "object-4" - SUCCESS
[2026-08-11 18:58:33] [EVENT] Event "law-applied" triggered (Subject: object-4, Object: null)
[2026-08-11 18:58:33] [EVENT] Event "relation-formed" triggered (Subject: law-11-authored-by-object-3, Object: null)
[2026-08-11 18:58:33] [EVENT] Event "law-registered" triggered (Subject: law-11, Object: null)
[2026-08-11 18:58:33] [EVENT] Event "touch" triggered (Subject: object-4, Object: object-5)
[2026-08-11 18:58:33] [LAW] Law "law-11" applied to "object-4" - SUCCESS
[2026-08-11 18:58:33] [EVENT] Event "law-applied" triggered (Subject: object-4, Object: null)
[2026-08-11 18:58:33] [LAW] Law "law-11" applied to "object-4" - SUCCESS
[2026-08-11 18:58:33] [EVENT] Event "law-applied" triggered (Subject: object-4, Object: null)
[2026-08-11 18:58:33] [LAW] Law "law-11" applied to "object-4" - SUCCESS
[2026-08-11 18:58:33] [EVENT] Event "law-applied" triggered (Subject: object-4, Object: null)
[2026-08-11 18:58:33] [EVENT] Event "law-drive-finished" triggered (Subject: object-4, Object: null)
[2026-08-11 18:58:34] [LAW] Law "law-1" applied to "object-4" - SUCCESS
[2026-08-11 18:58:34] [LAW] Law "law-1" applied to "World" - NO EFFECT (Destroy: only Objects can be unmade today)
[2026-08-11 18:58:34] [LAW] Law "law-2" applied to "object-6" - NO EFFECT (Set: No Such Property)
[2026-08-11 18:58:34] [LAW] Law "law-3" applied to "object-6" - SUCCESS
[2026-08-11 18:58:34] [LAW] Law "law-4" applied to "object-10" - NO EFFECT (Set: No Such Property)
[2026-08-11 18:58:34] [LAW] Law "law-11" applied to "object-22" - SUCCESS
[2026-08-11 18:58:34] [LAW] Law "law-12" applied to "object-26" - SUCCESS
[2026-08-11 18:58:34] [LAW] Law "law-12" applied to "object-26" - SUCCESS
[2026-08-11 18:58:34] [LAW] Law "law-12" applied to "object-26" - SUCCESS
[2026-08-11 18:58:34] [LAW] Law "law-12" applied to "object-26" - SUCCESS
[2026-08-11 18:58:34] [LAW] Law "law-13" applied to "object-26" - NO EFFECT (Flow: cannot read objectType)
[2026-08-11 18:58:35] [EVENT] Event "relation-formed" triggered (Subject: law-1-authored-by-object-3, Object: null)
[2026-08-11 18:58:35] [EVENT] Event "law-registered" triggered (Subject: law-1, Object: null)
[2026-08-11 18:58:35] [EVENT] Event "enters-world" triggered (Subject: object-5, Object: null)
[2026-08-11 18:58:35] [LAW] Law "law-1" applied to "object-5" - SUCCESS
[2026-08-11 18:58:35] [EVENT] Event "law-applied" triggered (Subject: object-5, Object: null)
[2026-08-11 18:58:35] [EVENT] Event "relation-formed" triggered (Subject: law-2-authored-by-object-3, Object: null)
[2026-08-11 18:58:35] [EVENT] Event "law-registered" triggered (Subject: law-2, Object: null)
[2026-08-11 18:58:35] [EVENT] Event "enters-world" triggered (Subject: object-5, Object: null)
[2026-08-11 18:58:35] [LAW] Law "law-1" applied to "object-5" - SUCCESS
[2026-08-11 18:58:35] [EVENT] Event "law-applied" triggered (Subject: object-5, Object: null)
[2026-08-11 18:58:35] [LAW] Law "law-2" applied to "object-5" - SUCCESS
[2026-08-11 18:58:35] [EVENT] Event "law-applied" triggered (Subject: object-5, Object: null)
[2026-08-11 18:58:35] [LAW] Law "law-2" applied to "object-5" - SUCCESS
[2026-08-11 18:58:35] [EVENT] Event "law-applied" triggered (Subject: object-5, Object: null)
[2026-08-11 18:58:35] [LAW] Law "law-2" applied to "object-5" - SUCCESS
[2026-08-11 18:58:35] [EVENT] Event "law-applied" triggered (Subject: object-5, Object: null)
[2026-08-11 18:58:35] [LAW] Law "law-2" applied to "object-5" - SUCCESS
[2026-08-11 18:58:35] [EVENT] Event "law-applied" triggered (Subject: object-5, Object: null)
[2026-08-11 18:58:35] [LAW] Law "law-2" applied to "object-5" - SUCCESS
[2026-08-11 18:58:35] [EVENT] Event "law-applied" triggered (Subject: object-5, Object: null)
[2026-08-11 18:58:35] [LAW] Law "law-2" applied to "object-5" - SUCCESS
[2026-08-11 18:58:35] [EVENT] Event "law-applied" triggered (Subject: object-5, Object: null)
[2026-08-11 18:58:35] [LAW] Law "law-2" applied to "object-5" - SUCCESS
[2026-08-11 18:58:35] [EVENT] Event "law-applied" triggered (Subject: object-5, Object: null)
[2026-08-11 18:58:35] [EVENT] Event "enters-world" triggered (Subject: object-5, Object: null)
[2026-08-11 18:58:35] [LAW] Law "law-1" applied to "object-5" - SUCCESS
[2026-08-11 18:58:35] [EVENT] Event "law-applied" triggered (Subject: object-5, Object: null)
[2026-08-11 18:58:36] [LAW] Law "law-2" applied to "object-3" - SUCCESS
[2026-08-11 18:58:36] [LAW] Law "law-3" applied to "object-3" - SUCCESS
[2026-08-11 18:58:41] [EVENT] Event "relation-formed" triggered (Subject: law-1-authored-by-object-8, Object: null)
[2026-08-11 18:58:41] [EVENT] Event "law-registered" triggered (Subject: law-1, Object: null)
[2026-08-11 18:58:41] [EVENT] Event "person-joined-zone" triggered (Subject: object-7, Object: Commons)
[2026-08-11 18:58:41] [LAW] Law "law-1" applied to "object-7" - CONDITIONS FAILED
[2026-08-11 18:58:41] [EVENT] Event "person-joined-zone" triggered (Subject: object-7, Object: Home)
[2026-08-11 18:58:41] [LAW] Law "law-1" applied to "object-7" - SUCCESS
